Removed Pin From Net: NetName=NetQ1_1 Pin=Q1-1
Removed Pin From Net: NetName=GND Pin=Q1-2
Removed Pin From Net: NetName=NetQ1_1 Pin=R1-2
Removed Pin From Net: NetName=NetC1_2 Pin=R2-1
Removed Pin From Net: NetName=NetR2_2 Pin=R2-2
Removed Pin From Net: NetName=NetC2_2 Pin=R3-1
Removed Pin From Net: NetName=NetR3_2 Pin=R3-2
Removed Pin From Net: NetName=NetC3_2 Pin=R4-1
Removed Pin From Net: NetName=NetC4_2 Pin=R5-1
Removed Pin From Net: NetName=NetC5_2 Pin=R6-1
Removed Pin From Net: NetName=NetC6_2 Pin=R7-1
Removed Pin From Net: NetName=NetR7_2 Pin=R7-2
Removed Pin From Net: NetName=NetC7_2 Pin=R8-1
Removed Pin From Net: NetName=NetR8_2 Pin=R8-2
Removed Pin From Net: NetName=NetC8_2 Pin=R9-1
Removed Pin From Net: NetName=NetR9_2 Pin=R9-2
Removed Pin From Net: NetName=NetC9_2 Pin=R10-1
Removed Pin From Net: NetName=NetC10_2 Pin=R11-1
Removed Pin From Net: NetName=NetC11_2 Pin=R12-1
Removed Pin From Net: NetName=NetC12_2 Pin=R13-1
Removed Pin From Net: NetName=+VBUS Pin=R14-2
Removed Pin From Net: NetName=+VBUS Pin=R16-2
Removed Pin From Net: NetName=GND Pin=R18-2
Removed Pin From Net: NetName=+3V3 Pin=R19-1
Removed Pin From Net: NetName=I2C_SDA Pin=R19-2
Removed Pin From Net: NetName=+3V3 Pin=R20-1
Removed Pin From Net: NetName=I2C_SCL Pin=R20-2
Removed Pin From Net: NetName=+3V3 Pin=SW1-2
Removed Pin From Net: NetName=+3V3 Pin=SW2-2
Removed Pin From Net: NetName=+3V3 Pin=SW3-2
Removed Pin From Net: NetName=+3V3 Pin=SW4-2
Removed Pin From Net: NetName=+3V3 Pin=SW5-2
Removed Pin From Net: NetName=+3V3 Pin=SW6-2
Removed Pin From Net: NetName=+3V3 Pin=SW7-2
Removed Pin From Net: NetName=+3V3 Pin=SW8-2
Removed Pin From Net: NetName=+3V3 Pin=SW9-2
Removed Pin From Net: NetName=+3V3 Pin=SW10-2
Removed Pin From Net: NetName=+3V3 Pin=SW11-2
Removed Pin From Net: NetName=+3V3 Pin=SW12-2
Removed Pin From Net: NetName=NetR2_2 Pin=U1-GP0
Removed Pin From Net: NetName=NetR2_2 Pin=U1-GP0
Removed Pin From Net: NetName=NetR3_2 Pin=U1-GP1
Removed Pin From Net: NetName=NetR3_2 Pin=U1-GP1
Removed Pin From Net: NetName=NetR4_2 Pin=U1-GP2
Removed Pin From Net: NetName=NetR4_2 Pin=U1-GP2
Removed Pin From Net: NetName=NetR5_2 Pin=U1-GP3
Removed Pin From Net: NetName=NetR5_2 Pin=U1-GP3
Removed Pin From Net: NetName=NetR6_2 Pin=U1-GP4
Removed Pin From Net: NetName=NetR6_2 Pin=U1-GP4
Removed Pin From Net: NetName=NetR7_2 Pin=U1-GP5
Removed Pin From Net: NetName=NetR7_2 Pin=U1-GP5
Removed Pin From Net: NetName=NetR8_2 Pin=U1-GP6
Removed Pin From Net: NetName=NetR8_2 Pin=U1-GP6
Removed Pin From Net: NetName=NetR9_2 Pin=U1-GP7
Removed Pin From Net: NetName=NetR9_2 Pin=U1-GP7
Removed Pin From Net: NetName=NetR10_2 Pin=U1-GP8
Removed Pin From Net: NetName=NetR10_2 Pin=U1-GP8
Removed Pin From Net: NetName=NetR11_2 Pin=U1-GP9
Removed Pin From Net: NetName=NetR11_2 Pin=U1-GP9
Removed Pin From Net: NetName=NetR12_2 Pin=U1-GP10
Removed Pin From Net: NetName=NetR12_2 Pin=U1-GP10
Removed Pin From Net: NetName=NetR13_2 Pin=U1-GP11
Removed Pin From Net: NetName=NetR13_2 Pin=U1-GP11
Removed Pin From Net: NetName=ENCODER_A Pin=U1-GP16
Removed Pin From Net: NetName=ENCODER_A Pin=U1-GP16
Removed Pin From Net: NetName=ENCODER_B Pin=U1-GP18
Removed Pin From Net: NetName=ENCODER_B Pin=U1-GP18
Removed Pin From Net: NetName=ENCODER_PUSH Pin=U1-GP19
Removed Pin From Net: NetName=ENCODER_PUSH Pin=U1-GP19
Removed Pin From Net: NetName=NetR18_1 Pin=U2-D
Removed Pin From Net: NetName=ENCODER_PUSH Pin=U2-E
Change Component Footprint: Designator=C1 Old Footprint=C0402 - IRON SOLDERING New Footprint=C0805 - ironsoldering
Change Component Footprint: Designator=C2 Old Footprint=C0402 - IRON SOLDERING New Footprint=C0805 - ironsoldering
Change Component Footprint: Designator=C3 Old Footprint=C0402 - IRON SOLDERING New Footprint=C0805 - ironsoldering
Change Component Footprint: Designator=C4 Old Footprint=C0402 - IRON SOLDERING New Footprint=C0805 - ironsoldering
Change Component Footprint: Designator=C5 Old Footprint=C0402 - IRON SOLDERING New Footprint=C0805 - ironsoldering
Change Component Footprint: Designator=C6 Old Footprint=C0402 - IRON SOLDERING New Footprint=C0805 - ironsoldering
Change Component Footprint: Designator=C7 Old Footprint=C0402 - IRON SOLDERING New Footprint=C0805 - ironsoldering
Change Component Footprint: Designator=C8 Old Footprint=C0402 - IRON SOLDERING New Footprint=C0805 - ironsoldering
Change Component Footprint: Designator=C9 Old Footprint=C0402 - IRON SOLDERING New Footprint=C0805 - ironsoldering
Change Component Footprint: Designator=C10 Old Footprint=C0402 - IRON SOLDERING New Footprint=C0805 - ironsoldering
Change Component Footprint: Designator=C11 Old Footprint=C0402 - IRON SOLDERING New Footprint=C0805 - ironsoldering
Change Component Footprint: Designator=C12 Old Footprint=C0402 - IRON SOLDERING New Footprint=C0805 - ironsoldering
Change Component Footprint: Designator=C17 Old Footprint=C0402 - IRON SOLDERING New Footprint=C0805 - ironsoldering
Change Component Footprint: Designator=C18 Old Footprint=C0402 - IRON SOLDERING New Footprint=C0805 - ironsoldering
Change Component Footprint: Designator=C19 Old Footprint=C0402 - IRON SOLDERING New Footprint=C0805 - ironsoldering
Change Component Footprint: Designator=C20 Old Footprint=C0402 - IRON SOLDERING New Footprint=C0805 - ironsoldering
Change Component Footprint: Designator=C21 Old Footprint=C0402 - IRON SOLDERING New Footprint=C0805 - ironsoldering
Change Component Footprint: Designator=C22 Old Footprint=C0402 - IRON SOLDERING New Footprint=C0805 - ironsoldering
Change Component Footprint: Designator=C23 Old Footprint=C0402 - IRON SOLDERING New Footprint=C0805 - ironsoldering
Change Component Footprint: Designator=C24 Old Footprint=C0402 - IRON SOLDERING New Footprint=C0805 - ironsoldering
Change Component Footprint: Designator=C25 Old Footprint=C0402 - IRON SOLDERING New Footprint=C0805 - ironsoldering
Change Component Footprint: Designator=C26 Old Footprint=C0402 - IRON SOLDERING New Footprint=C0805 - ironsoldering
Change Component Footprint: Designator=C27 Old Footprint=C0402 - IRON SOLDERING New Footprint=C0805 - ironsoldering
Change Component Footprint: Designator=C28 Old Footprint=C0402 - IRON SOLDERING New Footprint=C0805 - ironsoldering
Change Component Footprint: Designator=C29 Old Footprint=C0402 - IRON SOLDERING New Footprint=C0805 - ironsoldering
Change Component Footprint: Designator=C30 Old Footprint=C0402 - IRON SOLDERING New Footprint=C0805 - ironsoldering
Change Component Footprint: Designator=R14 Old Footprint=R0402 - IronSolder New Footprint=R0805 - ironsoldering
Change Component Footprint: Designator=R15 Old Footprint=R0402 - IronSolder New Footprint=R0805 - ironsoldering
Change Component Footprint: Designator=R16 Old Footprint=R0402 - IronSolder New Footprint=R0805 - ironsoldering
Change Component Footprint: Designator=R17 Old Footprint=R0402 - IronSolder New Footprint=R0805 - ironsoldering
Change Component Footprint: Designator=R18 Old Footprint=R0402 - IronSolder New Footprint=R0805 - ironsoldering
Change Component Footprint: Designator=R19 Old Footprint=R0402 - IronSolder New Footprint=R0805 - ironsoldering
Change Component Footprint: Designator=R20 Old Footprint=R0402 - IronSolder New Footprint=R0805 - ironsoldering
Change Component Footprint: Designator=R1 Old Footprint=R0402 - IRONSOLDER New Footprint=R0805 - ironsoldering
Change Component Footprint: Designator=R2 Old Footprint=R0402 - IRONSOLDER New Footprint=R0805 - ironsoldering
Change Component Footprint: Designator=R3 Old Footprint=R0402 - IRONSOLDER New Footprint=R0805 - ironsoldering
Change Component Footprint: Designator=R4 Old Footprint=R0402 - IRONSOLDER New Footprint=R0805 - ironsoldering
Change Component Footprint: Designator=R5 Old Footprint=R0402 - IRONSOLDER New Footprint=R0805 - ironsoldering
Change Component Footprint: Designator=R6 Old Footprint=R0402 - IRONSOLDER New Footprint=R0805 - ironsoldering
Change Component Footprint: Designator=R7 Old Footprint=R0402 - IRONSOLDER New Footprint=R0805 - ironsoldering
Change Component Footprint: Designator=R8 Old Footprint=R0402 - IRONSOLDER New Footprint=R0805 - ironsoldering
Change Component Footprint: Designator=R9 Old Footprint=R0402 - IRONSOLDER New Footprint=R0805 - ironsoldering
Change Component Footprint: Designator=R10 Old Footprint=R0402 - IRONSOLDER New Footprint=R0805 - ironsoldering
Change Component Footprint: Designator=R11 Old Footprint=R0402 - IRONSOLDER New Footprint=R0805 - ironsoldering
Change Component Footprint: Designator=R12 Old Footprint=R0402 - IRONSOLDER New Footprint=R0805 - ironsoldering
Change Component Footprint: Designator=R13 Old Footprint=R0402 - IRONSOLDER New Footprint=R0805 - ironsoldering
Change Component Footprint: Designator=Q1 Old Footprint=SOT-23-3 New Footprint=TO92-
Change Component Comment : Designator=C1 Old Comment=1µF/16V New Comment=100nF/50V
Change Component Comment : Designator=C2 Old Comment=1µF/16V New Comment=100nF/50V
Change Component Comment : Designator=C3 Old Comment=1µF/16V New Comment=100nF/50V
Change Component Comment : Designator=C4 Old Comment=1µF/16V New Comment=100nF/50V
Change Component Comment : Designator=C5 Old Comment=1µF/16V New Comment=100nF/50V
Change Component Comment : Designator=C6 Old Comment=1µF/16V New Comment=100nF/50V
Change Component Comment : Designator=C7 Old Comment=1µF/16V New Comment=100nF/50V
Change Component Comment : Designator=C8 Old Comment=1µF/16V New Comment=100nF/50V
Change Component Comment : Designator=C9 Old Comment=1µF/16V New Comment=100nF/50V
Change Component Comment : Designator=C10 Old Comment=1µF/16V New Comment=100nF/50V
Change Component Comment : Designator=C11 Old Comment=1µF/16V New Comment=100nF/50V
Change Component Comment : Designator=C12 Old Comment=1µF/16V New Comment=100nF/50V
Change Component Comment : Designator=C17 Old Comment=100nF/10V New Comment=100nF/50V
Change Component Comment : Designator=C18 Old Comment=100nF/10V New Comment=100nF/50V
Change Component Comment : Designator=C19 Old Comment=100nF/10V New Comment=100nF/50V
Change Component Comment : Designator=C20 Old Comment=100nF/10V New Comment=100nF/50V
Change Component Comment : Designator=C21 Old Comment=100nF/10V New Comment=100nF/50V
Change Component Comment : Designator=C22 Old Comment=100nF/10V New Comment=100nF/50V
Change Component Comment : Designator=C23 Old Comment=100nF/10V New Comment=100nF/50V
Change Component Comment : Designator=C24 Old Comment=100nF/10V New Comment=100nF/50V
Change Component Comment : Designator=C25 Old Comment=100nF/10V New Comment=100nF/50V
Change Component Comment : Designator=C26 Old Comment=100nF/10V New Comment=100nF/50V
Change Component Comment : Designator=C27 Old Comment=100nF/10V New Comment=100nF/50V
Change Component Comment : Designator=C28 Old Comment=100nF/10V New Comment=100nF/50V
Change Component Comment : Designator=C29 Old Comment=100nF/10V New Comment=100nF/50V
Change Component Comment : Designator=C30 Old Comment=100nF/10V New Comment=100nF/50V
Change Component Comment : Designator=R1 Old Comment=200R New Comment=10K
Change Component Comment : Designator=Q1 Old Comment=BC848BLT1G New Comment=BC550B
Change component parameters: Designator = "Q1" ("Q1"); Footprint = "SOT-23-3"; UniqueID = "\IEMTCISS" ("\IEMTCISS")
Change component parameters (AddParameter): Name = ".Mounting"; Value = "PTH"; VariantName = "[No Variations]"
Change component parameters (AddParameter): Name = ".PCBChecked"; Value = ""; VariantName = "[No Variations]"
Change component parameters (AddParameter): Name = ".SCHChecked"; Value = ""; VariantName = "[No Variations]"
Change component parameters (AddParameter): Name = "Check_prices"; Value = "https://www.snapeda.com/parts/BC550B/Onsemi/view-part/?ref=eda"; VariantName = "[No Variations]"
Change component parameters (AddParameter): Name = "MF"; Value = "ON"; VariantName = "[No Variations]"
Change component parameters (AddParameter): Name = "MP"; Value = "BC550B"; VariantName = "[No Variations]"
Change component parameters (AddParameter): Name = "Package"; Value = "E-PKG AXIAL-LEADED-2 ON Semiconductor"; VariantName = "[No Variations]"
Change component parameters (AddParameter): Name = "SnapEDA_Link"; Value = "https://www.snapeda.com/parts/BC550B/Onsemi/view-part/?ref=snap"; VariantName = "[No Variations]"
Change component parameters (AddParameter): Name = "Value"; Value = ""; VariantName = "[No Variations]"
Change component parameters: Designator = "C17" ("C17"); Footprint = "C0402 - IRON SOLDERING"; UniqueID = "\NIUWJIVU" ("\NIUWJIVU")
Change component parameters (AddParameter): Name = ".Mounting"; Value = "SMD"; VariantName = "[No Variations]"
Change component parameters (AddParameter): Name = ".PCBChecked"; Value = ""; VariantName = "[No Variations]"
Change component parameters (AddParameter): Name = ".SCHChecked"; Value = ""; VariantName = "[No Variations]"
Change component parameters (AddParameter): Name = "Case Code (Imperial)"; Value = "0805"; VariantName = "[No Variations]"
Change component parameters (AddParameter): Name = "Case Code (Metric)"; Value = "2012"; VariantName = "[No Variations]"
Change component parameters (AddParameter): Name = "Case/Package"; Value = "0805"; VariantName = "[No Variations]"
Change component parameters (AddParameter): Name = "Category"; Value = "Ceramic Capacitors"; VariantName = "[No Variations]"
Change component parameters (AddParameter): Name = "China RoHS"; Value = "Compliant"; VariantName = "[No Variations]"
Change component parameters (AddParameter): Name = "ComponentLink1Description"; Value = "https://datasheet.octopart.com:443/CL21B104KBCNNNC-Samsung-Electro-Mechanics-datasheet-137745078.pdf?src-supplier=IHS"; VariantName = "[No Variations]"
Change component parameters (AddParameter): Name = "ComponentLink1URL"; Value = "https://datasheet.octopart.com:443/CL21B104KBCNNNC-Samsung-Electro-Mechanics-datasheet-137745078.pdf?src-supplier=IHS"; VariantName = "[No Variations]"
Change component parameters (AddParameter): Name = "ComponentLink2Description"; Value = "https://datasheet.octopart.com/CL21B104KBCNNNC-Samsung-Electro-Mechanics-datasheet-8324245.pdf"; VariantName = "[No Variations]"
Change component parameters (AddParameter): Name = "ComponentLink2URL"; Value = "https://datasheet.octopart.com/CL21B104KBCNNNC-Samsung-Electro-Mechanics-datasheet-8324245.pdf"; VariantName = "[No Variations]"
Change component parameters (AddParameter): Name = "ComponentLink3Description"; Value = "https://datasheet.octopart.com/CL21B104KBCNNNC-Samsung-Electro-Mechanics-datasheet-97040617.pdf"; VariantName = "[No Variations]"
Change component parameters (AddParameter): Name = "ComponentLink3URL"; Value = "https://datasheet.octopart.com/CL21B104KBCNNNC-Samsung-Electro-Mechanics-datasheet-97040617.pdf"; VariantName = "[No Variations]"
Change component parameters (AddParameter): Name = "ComponentLink4Description"; Value = "https://datasheet.octopart.com/General-Multilayer-Ceramic-Capacitors-Samsung-datasheet-family-111.pdf"; VariantName = "[No Variations]"
Change component parameters (AddParameter): Name = "ComponentLink4URL"; Value = "https://datasheet.octopart.com/General-Multilayer-Ceramic-Capacitors-Samsung-datasheet-family-111.pdf"; VariantName = "[No Variations]"
Change component parameters (AddParameter): Name = "ComponentLink5Description"; Value = "https://datasheet.octopart.com:443/CL21B104KBCNNNC-Samsung-Electro-Mechanics-datasheet-11548950.pdf?src-supplier=Future+Electronics"; VariantName = "[No Variations]"
Change component parameters (AddParameter): Name = "ComponentLink5URL"; Value = "https://datasheet.octopart.com:443/CL21B104KBCNNNC-Samsung-Electro-Mechanics-datasheet-11548950.pdf?src-supplier=Future+Electronics"; VariantName = "[No Variations]"
Change component parameters (AddParameter): Name = "ComponentLink6Description"; Value = "https://datasheet.octopart.com:443/CL21B104KBCNNNC-Samsung-Electro-Mechanics-datasheet-116891032.pdf?src-supplier=Future+Electronics"; VariantName = "[No Variations]"
Change component parameters (AddParameter): Name = "ComponentLink6URL"; Value = "https://datasheet.octopart.com:443/CL21B104KBCNNNC-Samsung-Electro-Mechanics-datasheet-116891032.pdf?src-supplier=Future+Electronics"; VariantName = "[No Variations]"
Change component parameters (AddParameter): Name = "ComponentLink7Description"; Value = "https://datasheet.octopart.com:443/CL21B104KBCNNNC-Samsung-Electro-Mechanics-datasheet-81462175.pdf?src-supplier=Future+Electronics"; VariantName = "[No Variations]"
Change component parameters (AddParameter): Name = "ComponentLink7URL"; Value = "https://datasheet.octopart.com:443/CL21B104KBCNNNC-Samsung-Electro-Mechanics-datasheet-81462175.pdf?src-supplier=Future+Electronics"; VariantName = "[No Variations]"
Change component parameters (AddParameter): Name = "ComponentLink8Description"; Value = "https://datasheet.octopart.com:443/CL21B104KBCNNNC-Samsung-datasheet-42485244.pdf?src-supplier=Future+Electronics"; VariantName = "[No Variations]"
Change component parameters (AddParameter): Name = "ComponentLink8URL"; Value = "https://datasheet.octopart.com:443/CL21B104KBCNNNC-Samsung-datasheet-42485244.pdf?src-supplier=Future+Electronics"; VariantName = "[No Variations]"
Change component parameters (AddParameter): Name = "ComponentLink9Description"; Value = "https://datasheet.octopart.com:443/CL21B104KBCNNNC-Samsung-Electro-Mechanics-datasheet-149045937.pdf?src-supplier=Future+Electronics"; VariantName = "[No Variations]"
Change component parameters (AddParameter): Name = "ComponentLink9URL"; Value = "https://datasheet.octopart.com:443/CL21B104KBCNNNC-Samsung-Electro-Mechanics-datasheet-149045937.pdf?src-supplier=Future+Electronics"; VariantName = "[No Variations]"
Change component parameters (AddParameter): Name = "ComponentLink10Description"; Value = "https://datasheet.octopart.com:443/CL21B104KBCNNNC-Samsung-datasheet-8326407.pdf?src-supplier=TME"; VariantName = "[No Variations]"
Change component parameters (AddParameter): Name = "ComponentLink10URL"; Value = "https://datasheet.octopart.com:443/CL21B104KBCNNNC-Samsung-datasheet-8326407.pdf?src-supplier=TME"; VariantName = "[No Variations]"
Change component parameters (AddParameter): Name = "ComponentLink11Description"; Value = "http://sigma.octopart.com:80/rohs_certificate/General-Multilayer-Ceramic-Capacitors-Samsung-family-110.pdf?src-supplier=Compliance+Statements"; VariantName = "[No Variations]"
Change component parameters (AddParameter): Name = "ComponentLink11URL"; Value = "http://sigma.octopart.com:80/rohs_certificate/General-Multilayer-Ceramic-Capacitors-Samsung-family-110.pdf?src-supplier=Compliance+Statements"; VariantName = "[No Variations]"
Change component parameters (AddParameter): Name = "ComponentLink12Description"; Value = "http://sigma.octopart.com:80/rohs_statement/General-Multilayer-Ceramic-Capacitors-Samsung-family-132.pdf?src-supplier=Compliance+Statements"; VariantName = "[No Variations]"
Change component parameters (AddParameter): Name = "ComponentLink12URL"; Value = "http://sigma.octopart.com:80/rohs_statement/General-Multilayer-Ceramic-Capacitors-Samsung-family-132.pdf?src-supplier=Compliance+Statements"; VariantName = "[No Variations]"
Change component parameters (AddParameter): Name = "ComponentLink13Description"; Value = "http://sigma.octopart.com:80/reach_statement/General-Multilayer-Ceramic-Capacitors-Samsung-family-133.pdf?src-supplier=Compliance+Statements"; VariantName = "[No Variations]"
Change component parameters (AddParameter): Name = "ComponentLink13URL"; Value = "http://sigma.octopart.com:80/reach_statement/General-Multilayer-Ceramic-Capacitors-Samsung-family-133.pdf?src-supplier=Compliance+Statements"; VariantName = "[No Variations]"
Change component parameters (AddParameter): Name = "Contact Plating"; Value = "Tin"; VariantName = "[No Variations]"
Change component parameters (AddParameter): Name = "Country of Origin"; Value = "Mainland China, Philippines, South Korea"; VariantName = "[No Variations]"
Change component parameters (AddParameter): Name = "Depth"; Value = "1.25mm"; VariantName = "[No Variations]"
Change component parameters (AddParameter): Name = "Dielectric"; Value = "X7R"; VariantName = "[No Variations]"
Change component parameters (AddParameter): Name = "Dielectric Material"; Value = "Ceramic"; VariantName = "[No Variations]"
Change component parameters (AddParameter): Name = "Export Control Classification Number (ECCN) Code"; Value = "EAR99"; VariantName = "[No Variations]"
Change component parameters (AddParameter): Name = "Harmonized Tariff Schedule (HTS) Code"; Value = "8532.24.00.20"; VariantName = "[No Variations]"
Change component parameters (AddParameter): Name = "Height"; Value = "950µm"; VariantName = "[No Variations]"
Change component parameters (AddParameter): Name = "Introduction Date"; Value = "2009-07-27"; VariantName = "[No Variations]"
Change component parameters (AddParameter): Name = "Lead Free"; Value = "Lead Free"; VariantName = "[No Variations]"
Change component parameters (AddParameter): Name = "Length"; Value = "2mm"; VariantName = "[No Variations]"
Change component parameters (AddParameter): Name = "Lifecycle Status"; Value = "Production"; VariantName = "[No Variations]"
Change component parameters (AddParameter): Name = "Manufacturer"; Value = "Samsung Electro-Mechanics"; VariantName = "[No Variations]"
Change component parameters (AddParameter): Name = "Manufacturer Part Number"; Value = "CL21B104KBCNNNC"; VariantName = "[No Variations]"
Change component parameters (AddParameter): Name = "Material"; Value = "Ceramic"; VariantName = "[No Variations]"
Change component parameters (AddParameter): Name = "Max Operating Temperature"; Value = "125°C"; VariantName = "[No Variations]"
Change component parameters (AddParameter): Name = "Min Operating Temperature"; Value = "-55°C"; VariantName = "[No Variations]"
Change component parameters (AddParameter): Name = "Mounting Technology"; Value = "Surface Mount"; VariantName = "[No Variations]"
Change component parameters (AddParameter): Name = "Number of Terminals"; Value = "2"; VariantName = "[No Variations]"
Change component parameters (AddParameter): Name = "Pricing"; Value = "4000=0,0059, 16000=0,0057, 60000=0,0055, 100000=0,0054, 200000=0,0052 (USD)"; VariantName = "[No Variations]"
Change component parameters (AddParameter): Name = "Radiation Hardening"; Value = "No"; VariantName = "[No Variations]"
Change component parameters (AddParameter): Name = "REACH SVHC"; Value = "Yes"; VariantName = "[No Variations]"
Change component parameters (AddParameter): Name = "RoHS"; Value = "Compliant"; VariantName = "[No Variations]"
Change component parameters (AddParameter): Name = "Schedule B"; Value = "8532240020, 8532240020|8532240020, 8532240020|8532240020|8532240020, 8532240020|8532240020|8532240020|8532240020"; VariantName = "[No Variations]"
Change component parameters (AddParameter): Name = "Stock"; Value = "6136000"; VariantName = "[No Variations]"
Change component parameters (AddParameter): Name = "Supplier"; Value = "Future Electronics"; VariantName = "[No Variations]"
Change component parameters (AddParameter): Name = "Supplier Part Number"; Value = "CL21B104KBCNNNC"; VariantName = "[No Variations]"
Change component parameters (AddParameter): Name = "Thickness"; Value = "939.8µm"; VariantName = "[No Variations]"
Change component parameters (AddParameter): Name = "Tolerance"; Value = "10%"; VariantName = "[No Variations]"
Change component parameters (AddParameter): Name = "Value"; Value = "100nF"; VariantName = "[No Variations]"
Change component parameters (AddParameter): Name = "Voltage"; Value = "50V"; VariantName = "[No Variations]"
Change component parameters (AddParameter): Name = "Voltage Rating"; Value = "50V"; VariantName = "[No Variations]"
Change component parameters (AddParameter): Name = "Voltage Rating (DC)"; Value = "50V"; VariantName = "[No Variations]"
Change component parameters (AddParameter): Name = "Width"; Value = "1.25mm"; VariantName = "[No Variations]"
Change component parameters: Designator = "C18" ("C18"); Footprint = "C0402 - IRON SOLDERING"; UniqueID = "\HCRURVBK" ("\HCRURVBK")
Change component parameters (AddParameter): Name = ".Mounting"; Value = "SMD"; VariantName = "[No Variations]"
Change component parameters (AddParameter): Name = ".PCBChecked"; Value = ""; VariantName = "[No Variations]"
Change component parameters (AddParameter): Name = ".SCHChecked"; Value = ""; VariantName = "[No Variations]"
Change component parameters (AddParameter): Name = "Case Code (Imperial)"; Value = "0805"; VariantName = "[No Variations]"
Change component parameters (AddParameter): Name = "Case Code (Metric)"; Value = "2012"; VariantName = "[No Variations]"
Change component parameters (AddParameter): Name = "Case/Package"; Value = "0805"; VariantName = "[No Variations]"
Change component parameters (AddParameter): Name = "Category"; Value = "Ceramic Capacitors"; VariantName = "[No Variations]"
Change component parameters (AddParameter): Name = "China RoHS"; Value = "Compliant"; VariantName = "[No Variations]"
Change component parameters (AddParameter): Name = "ComponentLink1Description"; Value = "https://datasheet.octopart.com:443/CL21B104KBCNNNC-Samsung-Electro-Mechanics-datasheet-137745078.pdf?src-supplier=IHS"; VariantName = "[No Variations]"
Change component parameters (AddParameter): Name = "ComponentLink1URL"; Value = "https://datasheet.octopart.com:443/CL21B104KBCNNNC-Samsung-Electro-Mechanics-datasheet-137745078.pdf?src-supplier=IHS"; VariantName = "[No Variations]"
Change component parameters (AddParameter): Name = "ComponentLink2Description"; Value = "https://datasheet.octopart.com/CL21B104KBCNNNC-Samsung-Electro-Mechanics-datasheet-8324245.pdf"; VariantName = "[No Variations]"
Change component parameters (AddParameter): Name = "ComponentLink2URL"; Value = "https://datasheet.octopart.com/CL21B104KBCNNNC-Samsung-Electro-Mechanics-datasheet-8324245.pdf"; VariantName = "[No Variations]"
Change component parameters (AddParameter): Name = "ComponentLink3Description"; Value = "https://datasheet.octopart.com/CL21B104KBCNNNC-Samsung-Electro-Mechanics-datasheet-97040617.pdf"; VariantName = "[No Variations]"
Change component parameters (AddParameter): Name = "ComponentLink3URL"; Value = "https://datasheet.octopart.com/CL21B104KBCNNNC-Samsung-Electro-Mechanics-datasheet-97040617.pdf"; VariantName = "[No Variations]"
Change component parameters (AddParameter): Name = "ComponentLink4Description"; Value = "https://datasheet.octopart.com/General-Multilayer-Ceramic-Capacitors-Samsung-datasheet-family-111.pdf"; VariantName = "[No Variations]"
Change component parameters (AddParameter): Name = "ComponentLink4URL"; Value = "https://datasheet.octopart.com/General-Multilayer-Ceramic-Capacitors-Samsung-datasheet-family-111.pdf"; VariantName = "[No Variations]"
Change component parameters (AddParameter): Name = "ComponentLink5Description"; Value = "https://datasheet.octopart.com:443/CL21B104KBCNNNC-Samsung-Electro-Mechanics-datasheet-11548950.pdf?src-supplier=Future+Electronics"; VariantName = "[No Variations]"
Change component parameters (AddParameter): Name = "ComponentLink5URL"; Value = "https://datasheet.octopart.com:443/CL21B104KBCNNNC-Samsung-Electro-Mechanics-datasheet-11548950.pdf?src-supplier=Future+Electronics"; VariantName = "[No Variations]"
Change component parameters (AddParameter): Name = "ComponentLink6Description"; Value = "https://datasheet.octopart.com:443/CL21B104KBCNNNC-Samsung-Electro-Mechanics-datasheet-116891032.pdf?src-supplier=Future+Electronics"; VariantName = "[No Variations]"
Change component parameters (AddParameter): Name = "ComponentLink6URL"; Value = "https://datasheet.octopart.com:443/CL21B104KBCNNNC-Samsung-Electro-Mechanics-datasheet-116891032.pdf?src-supplier=Future+Electronics"; VariantName = "[No Variations]"
Change component parameters (AddParameter): Name = "ComponentLink7Description"; Value = "https://datasheet.octopart.com:443/CL21B104KBCNNNC-Samsung-Electro-Mechanics-datasheet-81462175.pdf?src-supplier=Future+Electronics"; VariantName = "[No Variations]"
Change component parameters (AddParameter): Name = "ComponentLink7URL"; Value = "https://datasheet.octopart.com:443/CL21B104KBCNNNC-Samsung-Electro-Mechanics-datasheet-81462175.pdf?src-supplier=Future+Electronics"; VariantName = "[No Variations]"
Change component parameters (AddParameter): Name = "ComponentLink8Description"; Value = "https://datasheet.octopart.com:443/CL21B104KBCNNNC-Samsung-datasheet-42485244.pdf?src-supplier=Future+Electronics"; VariantName = "[No Variations]"
Change component parameters (AddParameter): Name = "ComponentLink8URL"; Value = "https://datasheet.octopart.com:443/CL21B104KBCNNNC-Samsung-datasheet-42485244.pdf?src-supplier=Future+Electronics"; VariantName = "[No Variations]"
Change component parameters (AddParameter): Name = "ComponentLink9Description"; Value = "https://datasheet.octopart.com:443/CL21B104KBCNNNC-Samsung-Electro-Mechanics-datasheet-149045937.pdf?src-supplier=Future+Electronics"; VariantName = "[No Variations]"
Change component parameters (AddParameter): Name = "ComponentLink9URL"; Value = "https://datasheet.octopart.com:443/CL21B104KBCNNNC-Samsung-Electro-Mechanics-datasheet-149045937.pdf?src-supplier=Future+Electronics"; VariantName = "[No Variations]"
Change component parameters (AddParameter): Name = "ComponentLink10Description"; Value = "https://datasheet.octopart.com:443/CL21B104KBCNNNC-Samsung-datasheet-8326407.pdf?src-supplier=TME"; VariantName = "[No Variations]"
Change component parameters (AddParameter): Name = "ComponentLink10URL"; Value = "https://datasheet.octopart.com:443/CL21B104KBCNNNC-Samsung-datasheet-8326407.pdf?src-supplier=TME"; VariantName = "[No Variations]"
Change component parameters (AddParameter): Name = "ComponentLink11Description"; Value = "http://sigma.octopart.com:80/rohs_certificate/General-Multilayer-Ceramic-Capacitors-Samsung-family-110.pdf?src-supplier=Compliance+Statements"; VariantName = "[No Variations]"
Change component parameters (AddParameter): Name = "ComponentLink11URL"; Value = "http://sigma.octopart.com:80/rohs_certificate/General-Multilayer-Ceramic-Capacitors-Samsung-family-110.pdf?src-supplier=Compliance+Statements"; VariantName = "[No Variations]"
Change component parameters (AddParameter): Name = "ComponentLink12Description"; Value = "http://sigma.octopart.com:80/rohs_statement/General-Multilayer-Ceramic-Capacitors-Samsung-family-132.pdf?src-supplier=Compliance+Statements"; VariantName = "[No Variations]"
Change component parameters (AddParameter): Name = "ComponentLink12URL"; Value = "http://sigma.octopart.com:80/rohs_statement/General-Multilayer-Ceramic-Capacitors-Samsung-family-132.pdf?src-supplier=Compliance+Statements"; VariantName = "[No Variations]"
Change component parameters (AddParameter): Name = "ComponentLink13Description"; Value = "http://sigma.octopart.com:80/reach_statement/General-Multilayer-Ceramic-Capacitors-Samsung-family-133.pdf?src-supplier=Compliance+Statements"; VariantName = "[No Variations]"
Change component parameters (AddParameter): Name = "ComponentLink13URL"; Value = "http://sigma.octopart.com:80/reach_statement/General-Multilayer-Ceramic-Capacitors-Samsung-family-133.pdf?src-supplier=Compliance+Statements"; VariantName = "[No Variations]"
Change component parameters (AddParameter): Name = "Contact Plating"; Value = "Tin"; VariantName = "[No Variations]"
Change component parameters (AddParameter): Name = "Country of Origin"; Value = "Mainland China, Philippines, South Korea"; VariantName = "[No Variations]"
Change component parameters (AddParameter): Name = "Depth"; Value = "1.25mm"; VariantName = "[No Variations]"
Change component parameters (AddParameter): Name = "Dielectric"; Value = "X7R"; VariantName = "[No Variations]"
Change component parameters (AddParameter): Name = "Dielectric Material"; Value = "Ceramic"; VariantName = "[No Variations]"
Change component parameters (AddParameter): Name = "Export Control Classification Number (ECCN) Code"; Value = "EAR99"; VariantName = "[No Variations]"
Change component parameters (AddParameter): Name = "Harmonized Tariff Schedule (HTS) Code"; Value = "8532.24.00.20"; VariantName = "[No Variations]"
Change component parameters (AddParameter): Name = "Height"; Value = "950µm"; VariantName = "[No Variations]"
Change component parameters (AddParameter): Name = "Introduction Date"; Value = "2009-07-27"; VariantName = "[No Variations]"
Change component parameters (AddParameter): Name = "Lead Free"; Value = "Lead Free"; VariantName = "[No Variations]"
Change component parameters (AddParameter): Name = "Length"; Value = "2mm"; VariantName = "[No Variations]"
Change component parameters (AddParameter): Name = "Lifecycle Status"; Value = "Production"; VariantName = "[No Variations]"
Change component parameters (AddParameter): Name = "Manufacturer"; Value = "Samsung Electro-Mechanics"; VariantName = "[No Variations]"
Change component parameters (AddParameter): Name = "Manufacturer Part Number"; Value = "CL21B104KBCNNNC"; VariantName = "[No Variations]"
Change component parameters (AddParameter): Name = "Material"; Value = "Ceramic"; VariantName = "[No Variations]"
Change component parameters (AddParameter): Name = "Max Operating Temperature"; Value = "125°C"; VariantName = "[No Variations]"
Change component parameters (AddParameter): Name = "Min Operating Temperature"; Value = "-55°C"; VariantName = "[No Variations]"
Change component parameters (AddParameter): Name = "Mounting Technology"; Value = "Surface Mount"; VariantName = "[No Variations]"
Change component parameters (AddParameter): Name = "Number of Terminals"; Value = "2"; VariantName = "[No Variations]"
Change component parameters (AddParameter): Name = "Pricing"; Value = "4000=0,0059, 16000=0,0057, 60000=0,0055, 100000=0,0054, 200000=0,0052 (USD)"; VariantName = "[No Variations]"
Change component parameters (AddParameter): Name = "Radiation Hardening"; Value = "No"; VariantName = "[No Variations]"
Change component parameters (AddParameter): Name = "REACH SVHC"; Value = "Yes"; VariantName = "[No Variations]"
Change component parameters (AddParameter): Name = "RoHS"; Value = "Compliant"; VariantName = "[No Variations]"
Change component parameters (AddParameter): Name = "Schedule B"; Value = "8532240020, 8532240020|8532240020, 8532240020|8532240020|8532240020, 8532240020|8532240020|8532240020|8532240020"; VariantName = "[No Variations]"
Change component parameters (AddParameter): Name = "Stock"; Value = "6136000"; VariantName = "[No Variations]"
Change component parameters (AddParameter): Name = "Supplier"; Value = "Future Electronics"; VariantName = "[No Variations]"
Change component parameters (AddParameter): Name = "Supplier Part Number"; Value = "CL21B104KBCNNNC"; VariantName = "[No Variations]"
Change component parameters (AddParameter): Name = "Thickness"; Value = "939.8µm"; VariantName = "[No Variations]"
Change component parameters (AddParameter): Name = "Tolerance"; Value = "10%"; VariantName = "[No Variations]"
Change component parameters (AddParameter): Name = "Value"; Value = "100nF"; VariantName = "[No Variations]"
Change component parameters (AddParameter): Name = "Voltage"; Value = "50V"; VariantName = "[No Variations]"
Change component parameters (AddParameter): Name = "Voltage Rating"; Value = "50V"; VariantName = "[No Variations]"
Change component parameters (AddParameter): Name = "Voltage Rating (DC)"; Value = "50V"; VariantName = "[No Variations]"
Change component parameters (AddParameter): Name = "Width"; Value = "1.25mm"; VariantName = "[No Variations]"
Change component parameters: Designator = "C19" ("C19"); Footprint = "C0402 - IRON SOLDERING"; UniqueID = "\TAJCTKKD" ("\TAJCTKKD")
Change component parameters (AddParameter): Name = ".Mounting"; Value = "SMD"; VariantName = "[No Variations]"
Change component parameters (AddParameter): Name = ".PCBChecked"; Value = ""; VariantName = "[No Variations]"
Change component parameters (AddParameter): Name = ".SCHChecked"; Value = ""; VariantName = "[No Variations]"
Change component parameters (AddParameter): Name = "Case Code (Imperial)"; Value = "0805"; VariantName = "[No Variations]"
Change component parameters (AddParameter): Name = "Case Code (Metric)"; Value = "2012"; VariantName = "[No Variations]"
Change component parameters (AddParameter): Name = "Case/Package"; Value = "0805"; VariantName = "[No Variations]"
Change component parameters (AddParameter): Name = "Category"; Value = "Ceramic Capacitors"; VariantName = "[No Variations]"
Change component parameters (AddParameter): Name = "China RoHS"; Value = "Compliant"; VariantName = "[No Variations]"
Change component parameters (AddParameter): Name = "ComponentLink1Description"; Value = "https://datasheet.octopart.com:443/CL21B104KBCNNNC-Samsung-Electro-Mechanics-datasheet-137745078.pdf?src-supplier=IHS"; VariantName = "[No Variations]"
Change component parameters (AddParameter): Name = "ComponentLink1URL"; Value = "https://datasheet.octopart.com:443/CL21B104KBCNNNC-Samsung-Electro-Mechanics-datasheet-137745078.pdf?src-supplier=IHS"; VariantName = "[No Variations]"
Change component parameters (AddParameter): Name = "ComponentLink2Description"; Value = "https://datasheet.octopart.com/CL21B104KBCNNNC-Samsung-Electro-Mechanics-datasheet-8324245.pdf"; VariantName = "[No Variations]"
Change component parameters (AddParameter): Name = "ComponentLink2URL"; Value = "https://datasheet.octopart.com/CL21B104KBCNNNC-Samsung-Electro-Mechanics-datasheet-8324245.pdf"; VariantName = "[No Variations]"
Change component parameters (AddParameter): Name = "ComponentLink3Description"; Value = "https://datasheet.octopart.com/CL21B104KBCNNNC-Samsung-Electro-Mechanics-datasheet-97040617.pdf"; VariantName = "[No Variations]"
Change component parameters (AddParameter): Name = "ComponentLink3URL"; Value = "https://datasheet.octopart.com/CL21B104KBCNNNC-Samsung-Electro-Mechanics-datasheet-97040617.pdf"; VariantName = "[No Variations]"
Change component parameters (AddParameter): Name = "ComponentLink4Description"; Value = "https://datasheet.octopart.com/General-Multilayer-Ceramic-Capacitors-Samsung-datasheet-family-111.pdf"; VariantName = "[No Variations]"
Change component parameters (AddParameter): Name = "ComponentLink4URL"; Value = "https://datasheet.octopart.com/General-Multilayer-Ceramic-Capacitors-Samsung-datasheet-family-111.pdf"; VariantName = "[No Variations]"
Change component parameters (AddParameter): Name = "ComponentLink5Description"; Value = "https://datasheet.octopart.com:443/CL21B104KBCNNNC-Samsung-Electro-Mechanics-datasheet-11548950.pdf?src-supplier=Future+Electronics"; VariantName = "[No Variations]"
Change component parameters (AddParameter): Name = "ComponentLink5URL"; Value = "https://datasheet.octopart.com:443/CL21B104KBCNNNC-Samsung-Electro-Mechanics-datasheet-11548950.pdf?src-supplier=Future+Electronics"; VariantName = "[No Variations]"
Change component parameters (AddParameter): Name = "ComponentLink6Description"; Value = "https://datasheet.octopart.com:443/CL21B104KBCNNNC-Samsung-Electro-Mechanics-datasheet-116891032.pdf?src-supplier=Future+Electronics"; VariantName = "[No Variations]"
Change component parameters (AddParameter): Name = "ComponentLink6URL"; Value = "https://datasheet.octopart.com:443/CL21B104KBCNNNC-Samsung-Electro-Mechanics-datasheet-116891032.pdf?src-supplier=Future+Electronics"; VariantName = "[No Variations]"
Change component parameters (AddParameter): Name = "ComponentLink7Description"; Value = "https://datasheet.octopart.com:443/CL21B104KBCNNNC-Samsung-Electro-Mechanics-datasheet-81462175.pdf?src-supplier=Future+Electronics"; VariantName = "[No Variations]"
Change component parameters (AddParameter): Name = "ComponentLink7URL"; Value = "https://datasheet.octopart.com:443/CL21B104KBCNNNC-Samsung-Electro-Mechanics-datasheet-81462175.pdf?src-supplier=Future+Electronics"; VariantName = "[No Variations]"
Change component parameters (AddParameter): Name = "ComponentLink8Description"; Value = "https://datasheet.octopart.com:443/CL21B104KBCNNNC-Samsung-datasheet-42485244.pdf?src-supplier=Future+Electronics"; VariantName = "[No Variations]"
Change component parameters (AddParameter): Name = "ComponentLink8URL"; Value = "https://datasheet.octopart.com:443/CL21B104KBCNNNC-Samsung-datasheet-42485244.pdf?src-supplier=Future+Electronics"; VariantName = "[No Variations]"
Change component parameters (AddParameter): Name = "ComponentLink9Description"; Value = "https://datasheet.octopart.com:443/CL21B104KBCNNNC-Samsung-Electro-Mechanics-datasheet-149045937.pdf?src-supplier=Future+Electronics"; VariantName = "[No Variations]"
Change component parameters (AddParameter): Name = "ComponentLink9URL"; Value = "https://datasheet.octopart.com:443/CL21B104KBCNNNC-Samsung-Electro-Mechanics-datasheet-149045937.pdf?src-supplier=Future+Electronics"; VariantName = "[No Variations]"
Change component parameters (AddParameter): Name = "ComponentLink10Description"; Value = "https://datasheet.octopart.com:443/CL21B104KBCNNNC-Samsung-datasheet-8326407.pdf?src-supplier=TME"; VariantName = "[No Variations]"
Change component parameters (AddParameter): Name = "ComponentLink10URL"; Value = "https://datasheet.octopart.com:443/CL21B104KBCNNNC-Samsung-datasheet-8326407.pdf?src-supplier=TME"; VariantName = "[No Variations]"
Change component parameters (AddParameter): Name = "ComponentLink11Description"; Value = "http://sigma.octopart.com:80/rohs_certificate/General-Multilayer-Ceramic-Capacitors-Samsung-family-110.pdf?src-supplier=Compliance+Statements"; VariantName = "[No Variations]"
Change component parameters (AddParameter): Name = "ComponentLink11URL"; Value = "http://sigma.octopart.com:80/rohs_certificate/General-Multilayer-Ceramic-Capacitors-Samsung-family-110.pdf?src-supplier=Compliance+Statements"; VariantName = "[No Variations]"
Change component parameters (AddParameter): Name = "ComponentLink12Description"; Value = "http://sigma.octopart.com:80/rohs_statement/General-Multilayer-Ceramic-Capacitors-Samsung-family-132.pdf?src-supplier=Compliance+Statements"; VariantName = "[No Variations]"
Change component parameters (AddParameter): Name = "ComponentLink12URL"; Value = "http://sigma.octopart.com:80/rohs_statement/General-Multilayer-Ceramic-Capacitors-Samsung-family-132.pdf?src-supplier=Compliance+Statements"; VariantName = "[No Variations]"
Change component parameters (AddParameter): Name = "ComponentLink13Description"; Value = "http://sigma.octopart.com:80/reach_statement/General-Multilayer-Ceramic-Capacitors-Samsung-family-133.pdf?src-supplier=Compliance+Statements"; VariantName = "[No Variations]"
Change component parameters (AddParameter): Name = "ComponentLink13URL"; Value = "http://sigma.octopart.com:80/reach_statement/General-Multilayer-Ceramic-Capacitors-Samsung-family-133.pdf?src-supplier=Compliance+Statements"; VariantName = "[No Variations]"
Change component parameters (AddParameter): Name = "Contact Plating"; Value = "Tin"; VariantName = "[No Variations]"
Change component parameters (AddParameter): Name = "Country of Origin"; Value = "Mainland China, Philippines, South Korea"; VariantName = "[No Variations]"
Change component parameters (AddParameter): Name = "Depth"; Value = "1.25mm"; VariantName = "[No Variations]"
Change component parameters (AddParameter): Name = "Dielectric"; Value = "X7R"; VariantName = "[No Variations]"
Change component parameters (AddParameter): Name = "Dielectric Material"; Value = "Ceramic"; VariantName = "[No Variations]"
Change component parameters (AddParameter): Name = "Export Control Classification Number (ECCN) Code"; Value = "EAR99"; VariantName = "[No Variations]"
Change component parameters (AddParameter): Name = "Harmonized Tariff Schedule (HTS) Code"; Value = "8532.24.00.20"; VariantName = "[No Variations]"
Change component parameters (AddParameter): Name = "Height"; Value = "950µm"; VariantName = "[No Variations]"
Change component parameters (AddParameter): Name = "Introduction Date"; Value = "2009-07-27"; VariantName = "[No Variations]"
Change component parameters (AddParameter): Name = "Lead Free"; Value = "Lead Free"; VariantName = "[No Variations]"
Change component parameters (AddParameter): Name = "Length"; Value = "2mm"; VariantName = "[No Variations]"
Change component parameters (AddParameter): Name = "Lifecycle Status"; Value = "Production"; VariantName = "[No Variations]"
Change component parameters (AddParameter): Name = "Manufacturer"; Value = "Samsung Electro-Mechanics"; VariantName = "[No Variations]"
Change component parameters (AddParameter): Name = "Manufacturer Part Number"; Value = "CL21B104KBCNNNC"; VariantName = "[No Variations]"
Change component parameters (AddParameter): Name = "Material"; Value = "Ceramic"; VariantName = "[No Variations]"
Change component parameters (AddParameter): Name = "Max Operating Temperature"; Value = "125°C"; VariantName = "[No Variations]"
Change component parameters (AddParameter): Name = "Min Operating Temperature"; Value = "-55°C"; VariantName = "[No Variations]"
Change component parameters (AddParameter): Name = "Mounting Technology"; Value = "Surface Mount"; VariantName = "[No Variations]"
Change component parameters (AddParameter): Name = "Number of Terminals"; Value = "2"; VariantName = "[No Variations]"
Change component parameters (AddParameter): Name = "Pricing"; Value = "4000=0,0059, 16000=0,0057, 60000=0,0055, 100000=0,0054, 200000=0,0052 (USD)"; VariantName = "[No Variations]"
Change component parameters (AddParameter): Name = "Radiation Hardening"; Value = "No"; VariantName = "[No Variations]"
Change component parameters (AddParameter): Name = "REACH SVHC"; Value = "Yes"; VariantName = "[No Variations]"
Change component parameters (AddParameter): Name = "RoHS"; Value = "Compliant"; VariantName = "[No Variations]"
Change component parameters (AddParameter): Name = "Schedule B"; Value = "8532240020, 8532240020|8532240020, 8532240020|8532240020|8532240020, 8532240020|8532240020|8532240020|8532240020"; VariantName = "[No Variations]"
Change component parameters (AddParameter): Name = "Stock"; Value = "6136000"; VariantName = "[No Variations]"
Change component parameters (AddParameter): Name = "Supplier"; Value = "Future Electronics"; VariantName = "[No Variations]"
Change component parameters (AddParameter): Name = "Supplier Part Number"; Value = "CL21B104KBCNNNC"; VariantName = "[No Variations]"
Change component parameters (AddParameter): Name = "Thickness"; Value = "939.8µm"; VariantName = "[No Variations]"
Change component parameters (AddParameter): Name = "Tolerance"; Value = "10%"; VariantName = "[No Variations]"
Change component parameters (AddParameter): Name = "Value"; Value = "100nF"; VariantName = "[No Variations]"
Change component parameters (AddParameter): Name = "Voltage"; Value = "50V"; VariantName = "[No Variations]"
Change component parameters (AddParameter): Name = "Voltage Rating"; Value = "50V"; VariantName = "[No Variations]"
Change component parameters (AddParameter): Name = "Voltage Rating (DC)"; Value = "50V"; VariantName = "[No Variations]"
Change component parameters (AddParameter): Name = "Width"; Value = "1.25mm"; VariantName = "[No Variations]"
Change component parameters: Designator = "C20" ("C20"); Footprint = "C0402 - IRON SOLDERING"; UniqueID = "\HMSCDCGN" ("\HMSCDCGN")
Change component parameters (AddParameter): Name = ".Mounting"; Value = "SMD"; VariantName = "[No Variations]"
Change component parameters (AddParameter): Name = ".PCBChecked"; Value = ""; VariantName = "[No Variations]"
Change component parameters (AddParameter): Name = ".SCHChecked"; Value = ""; VariantName = "[No Variations]"
Change component parameters (AddParameter): Name = "Case Code (Imperial)"; Value = "0805"; VariantName = "[No Variations]"
Change component parameters (AddParameter): Name = "Case Code (Metric)"; Value = "2012"; VariantName = "[No Variations]"
Change component parameters (AddParameter): Name = "Case/Package"; Value = "0805"; VariantName = "[No Variations]"
Change component parameters (AddParameter): Name = "Category"; Value = "Ceramic Capacitors"; VariantName = "[No Variations]"
Change component parameters (AddParameter): Name = "China RoHS"; Value = "Compliant"; VariantName = "[No Variations]"
Change component parameters (AddParameter): Name = "ComponentLink1Description"; Value = "https://datasheet.octopart.com:443/CL21B104KBCNNNC-Samsung-Electro-Mechanics-datasheet-137745078.pdf?src-supplier=IHS"; VariantName = "[No Variations]"
Change component parameters (AddParameter): Name = "ComponentLink1URL"; Value = "https://datasheet.octopart.com:443/CL21B104KBCNNNC-Samsung-Electro-Mechanics-datasheet-137745078.pdf?src-supplier=IHS"; VariantName = "[No Variations]"
Change component parameters (AddParameter): Name = "ComponentLink2Description"; Value = "https://datasheet.octopart.com/CL21B104KBCNNNC-Samsung-Electro-Mechanics-datasheet-8324245.pdf"; VariantName = "[No Variations]"
Change component parameters (AddParameter): Name = "ComponentLink2URL"; Value = "https://datasheet.octopart.com/CL21B104KBCNNNC-Samsung-Electro-Mechanics-datasheet-8324245.pdf"; VariantName = "[No Variations]"
Change component parameters (AddParameter): Name = "ComponentLink3Description"; Value = "https://datasheet.octopart.com/CL21B104KBCNNNC-Samsung-Electro-Mechanics-datasheet-97040617.pdf"; VariantName = "[No Variations]"
Change component parameters (AddParameter): Name = "ComponentLink3URL"; Value = "https://datasheet.octopart.com/CL21B104KBCNNNC-Samsung-Electro-Mechanics-datasheet-97040617.pdf"; VariantName = "[No Variations]"
Change component parameters (AddParameter): Name = "ComponentLink4Description"; Value = "https://datasheet.octopart.com/General-Multilayer-Ceramic-Capacitors-Samsung-datasheet-family-111.pdf"; VariantName = "[No Variations]"
Change component parameters (AddParameter): Name = "ComponentLink4URL"; Value = "https://datasheet.octopart.com/General-Multilayer-Ceramic-Capacitors-Samsung-datasheet-family-111.pdf"; VariantName = "[No Variations]"
Change component parameters (AddParameter): Name = "ComponentLink5Description"; Value = "https://datasheet.octopart.com:443/CL21B104KBCNNNC-Samsung-Electro-Mechanics-datasheet-11548950.pdf?src-supplier=Future+Electronics"; VariantName = "[No Variations]"
Change component parameters (AddParameter): Name = "ComponentLink5URL"; Value = "https://datasheet.octopart.com:443/CL21B104KBCNNNC-Samsung-Electro-Mechanics-datasheet-11548950.pdf?src-supplier=Future+Electronics"; VariantName = "[No Variations]"
Change component parameters (AddParameter): Name = "ComponentLink6Description"; Value = "https://datasheet.octopart.com:443/CL21B104KBCNNNC-Samsung-Electro-Mechanics-datasheet-116891032.pdf?src-supplier=Future+Electronics"; VariantName = "[No Variations]"
Change component parameters (AddParameter): Name = "ComponentLink6URL"; Value = "https://datasheet.octopart.com:443/CL21B104KBCNNNC-Samsung-Electro-Mechanics-datasheet-116891032.pdf?src-supplier=Future+Electronics"; VariantName = "[No Variations]"
Change component parameters (AddParameter): Name = "ComponentLink7Description"; Value = "https://datasheet.octopart.com:443/CL21B104KBCNNNC-Samsung-Electro-Mechanics-datasheet-81462175.pdf?src-supplier=Future+Electronics"; VariantName = "[No Variations]"
Change component parameters (AddParameter): Name = "ComponentLink7URL"; Value = "https://datasheet.octopart.com:443/CL21B104KBCNNNC-Samsung-Electro-Mechanics-datasheet-81462175.pdf?src-supplier=Future+Electronics"; VariantName = "[No Variations]"
Change component parameters (AddParameter): Name = "ComponentLink8Description"; Value = "https://datasheet.octopart.com:443/CL21B104KBCNNNC-Samsung-datasheet-42485244.pdf?src-supplier=Future+Electronics"; VariantName = "[No Variations]"
Change component parameters (AddParameter): Name = "ComponentLink8URL"; Value = "https://datasheet.octopart.com:443/CL21B104KBCNNNC-Samsung-datasheet-42485244.pdf?src-supplier=Future+Electronics"; VariantName = "[No Variations]"
Change component parameters (AddParameter): Name = "ComponentLink9Description"; Value = "https://datasheet.octopart.com:443/CL21B104KBCNNNC-Samsung-Electro-Mechanics-datasheet-149045937.pdf?src-supplier=Future+Electronics"; VariantName = "[No Variations]"
Change component parameters (AddParameter): Name = "ComponentLink9URL"; Value = "https://datasheet.octopart.com:443/CL21B104KBCNNNC-Samsung-Electro-Mechanics-datasheet-149045937.pdf?src-supplier=Future+Electronics"; VariantName = "[No Variations]"
Change component parameters (AddParameter): Name = "ComponentLink10Description"; Value = "https://datasheet.octopart.com:443/CL21B104KBCNNNC-Samsung-datasheet-8326407.pdf?src-supplier=TME"; VariantName = "[No Variations]"
Change component parameters (AddParameter): Name = "ComponentLink10URL"; Value = "https://datasheet.octopart.com:443/CL21B104KBCNNNC-Samsung-datasheet-8326407.pdf?src-supplier=TME"; VariantName = "[No Variations]"
Change component parameters (AddParameter): Name = "ComponentLink11Description"; Value = "http://sigma.octopart.com:80/rohs_certificate/General-Multilayer-Ceramic-Capacitors-Samsung-family-110.pdf?src-supplier=Compliance+Statements"; VariantName = "[No Variations]"
Change component parameters (AddParameter): Name = "ComponentLink11URL"; Value = "http://sigma.octopart.com:80/rohs_certificate/General-Multilayer-Ceramic-Capacitors-Samsung-family-110.pdf?src-supplier=Compliance+Statements"; VariantName = "[No Variations]"
Change component parameters (AddParameter): Name = "ComponentLink12Description"; Value = "http://sigma.octopart.com:80/rohs_statement/General-Multilayer-Ceramic-Capacitors-Samsung-family-132.pdf?src-supplier=Compliance+Statements"; VariantName = "[No Variations]"
Change component parameters (AddParameter): Name = "ComponentLink12URL"; Value = "http://sigma.octopart.com:80/rohs_statement/General-Multilayer-Ceramic-Capacitors-Samsung-family-132.pdf?src-supplier=Compliance+Statements"; VariantName = "[No Variations]"
Change component parameters (AddParameter): Name = "ComponentLink13Description"; Value = "http://sigma.octopart.com:80/reach_statement/General-Multilayer-Ceramic-Capacitors-Samsung-family-133.pdf?src-supplier=Compliance+Statements"; VariantName = "[No Variations]"
Change component parameters (AddParameter): Name = "ComponentLink13URL"; Value = "http://sigma.octopart.com:80/reach_statement/General-Multilayer-Ceramic-Capacitors-Samsung-family-133.pdf?src-supplier=Compliance+Statements"; VariantName = "[No Variations]"
Change component parameters (AddParameter): Name = "Contact Plating"; Value = "Tin"; VariantName = "[No Variations]"
Change component parameters (AddParameter): Name = "Country of Origin"; Value = "Mainland China, Philippines, South Korea"; VariantName = "[No Variations]"
Change component parameters (AddParameter): Name = "Depth"; Value = "1.25mm"; VariantName = "[No Variations]"
Change component parameters (AddParameter): Name = "Dielectric"; Value = "X7R"; VariantName = "[No Variations]"
Change component parameters (AddParameter): Name = "Dielectric Material"; Value = "Ceramic"; VariantName = "[No Variations]"
Change component parameters (AddParameter): Name = "Export Control Classification Number (ECCN) Code"; Value = "EAR99"; VariantName = "[No Variations]"
Change component parameters (AddParameter): Name = "Harmonized Tariff Schedule (HTS) Code"; Value = "8532.24.00.20"; VariantName = "[No Variations]"
Change component parameters (AddParameter): Name = "Height"; Value = "950µm"; VariantName = "[No Variations]"
Change component parameters (AddParameter): Name = "Introduction Date"; Value = "2009-07-27"; VariantName = "[No Variations]"
Change component parameters (AddParameter): Name = "Lead Free"; Value = "Lead Free"; VariantName = "[No Variations]"
Change component parameters (AddParameter): Name = "Length"; Value = "2mm"; VariantName = "[No Variations]"
Change component parameters (AddParameter): Name = "Lifecycle Status"; Value = "Production"; VariantName = "[No Variations]"
Change component parameters (AddParameter): Name = "Manufacturer"; Value = "Samsung Electro-Mechanics"; VariantName = "[No Variations]"
Change component parameters (AddParameter): Name = "Manufacturer Part Number"; Value = "CL21B104KBCNNNC"; VariantName = "[No Variations]"
Change component parameters (AddParameter): Name = "Material"; Value = "Ceramic"; VariantName = "[No Variations]"
Change component parameters (AddParameter): Name = "Max Operating Temperature"; Value = "125°C"; VariantName = "[No Variations]"
Change component parameters (AddParameter): Name = "Min Operating Temperature"; Value = "-55°C"; VariantName = "[No Variations]"
Change component parameters (AddParameter): Name = "Mounting Technology"; Value = "Surface Mount"; VariantName = "[No Variations]"
Change component parameters (AddParameter): Name = "Number of Terminals"; Value = "2"; VariantName = "[No Variations]"
Change component parameters (AddParameter): Name = "Pricing"; Value = "4000=0,0059, 16000=0,0057, 60000=0,0055, 100000=0,0054, 200000=0,0052 (USD)"; VariantName = "[No Variations]"
Change component parameters (AddParameter): Name = "Radiation Hardening"; Value = "No"; VariantName = "[No Variations]"
Change component parameters (AddParameter): Name = "REACH SVHC"; Value = "Yes"; VariantName = "[No Variations]"
Change component parameters (AddParameter): Name = "RoHS"; Value = "Compliant"; VariantName = "[No Variations]"
Change component parameters (AddParameter): Name = "Schedule B"; Value = "8532240020, 8532240020|8532240020, 8532240020|8532240020|8532240020, 8532240020|8532240020|8532240020|8532240020"; VariantName = "[No Variations]"
Change component parameters (AddParameter): Name = "Stock"; Value = "6136000"; VariantName = "[No Variations]"
Change component parameters (AddParameter): Name = "Supplier"; Value = "Future Electronics"; VariantName = "[No Variations]"
Change component parameters (AddParameter): Name = "Supplier Part Number"; Value = "CL21B104KBCNNNC"; VariantName = "[No Variations]"
Change component parameters (AddParameter): Name = "Thickness"; Value = "939.8µm"; VariantName = "[No Variations]"
Change component parameters (AddParameter): Name = "Tolerance"; Value = "10%"; VariantName = "[No Variations]"
Change component parameters (AddParameter): Name = "Value"; Value = "100nF"; VariantName = "[No Variations]"
Change component parameters (AddParameter): Name = "Voltage"; Value = "50V"; VariantName = "[No Variations]"
Change component parameters (AddParameter): Name = "Voltage Rating"; Value = "50V"; VariantName = "[No Variations]"
Change component parameters (AddParameter): Name = "Voltage Rating (DC)"; Value = "50V"; VariantName = "[No Variations]"
Change component parameters (AddParameter): Name = "Width"; Value = "1.25mm"; VariantName = "[No Variations]"
Change component parameters: Designator = "C21" ("C21"); Footprint = "C0402 - IRON SOLDERING"; UniqueID = "\HQIIRJFI" ("\HQIIRJFI")
Change component parameters (AddParameter): Name = ".Mounting"; Value = "SMD"; VariantName = "[No Variations]"
Change component parameters (AddParameter): Name = ".PCBChecked"; Value = ""; VariantName = "[No Variations]"
Change component parameters (AddParameter): Name = ".SCHChecked"; Value = ""; VariantName = "[No Variations]"
Change component parameters (AddParameter): Name = "Case Code (Imperial)"; Value = "0805"; VariantName = "[No Variations]"
Change component parameters (AddParameter): Name = "Case Code (Metric)"; Value = "2012"; VariantName = "[No Variations]"
Change component parameters (AddParameter): Name = "Case/Package"; Value = "0805"; VariantName = "[No Variations]"
Change component parameters (AddParameter): Name = "Category"; Value = "Ceramic Capacitors"; VariantName = "[No Variations]"
Change component parameters (AddParameter): Name = "China RoHS"; Value = "Compliant"; VariantName = "[No Variations]"
Change component parameters (AddParameter): Name = "ComponentLink1Description"; Value = "https://datasheet.octopart.com:443/CL21B104KBCNNNC-Samsung-Electro-Mechanics-datasheet-137745078.pdf?src-supplier=IHS"; VariantName = "[No Variations]"
Change component parameters (AddParameter): Name = "ComponentLink1URL"; Value = "https://datasheet.octopart.com:443/CL21B104KBCNNNC-Samsung-Electro-Mechanics-datasheet-137745078.pdf?src-supplier=IHS"; VariantName = "[No Variations]"
Change component parameters (AddParameter): Name = "ComponentLink2Description"; Value = "https://datasheet.octopart.com/CL21B104KBCNNNC-Samsung-Electro-Mechanics-datasheet-8324245.pdf"; VariantName = "[No Variations]"
Change component parameters (AddParameter): Name = "ComponentLink2URL"; Value = "https://datasheet.octopart.com/CL21B104KBCNNNC-Samsung-Electro-Mechanics-datasheet-8324245.pdf"; VariantName = "[No Variations]"
Change component parameters (AddParameter): Name = "ComponentLink3Description"; Value = "https://datasheet.octopart.com/CL21B104KBCNNNC-Samsung-Electro-Mechanics-datasheet-97040617.pdf"; VariantName = "[No Variations]"
Change component parameters (AddParameter): Name = "ComponentLink3URL"; Value = "https://datasheet.octopart.com/CL21B104KBCNNNC-Samsung-Electro-Mechanics-datasheet-97040617.pdf"; VariantName = "[No Variations]"
Change component parameters (AddParameter): Name = "ComponentLink4Description"; Value = "https://datasheet.octopart.com/General-Multilayer-Ceramic-Capacitors-Samsung-datasheet-family-111.pdf"; VariantName = "[No Variations]"
Change component parameters (AddParameter): Name = "ComponentLink4URL"; Value = "https://datasheet.octopart.com/General-Multilayer-Ceramic-Capacitors-Samsung-datasheet-family-111.pdf"; VariantName = "[No Variations]"
Change component parameters (AddParameter): Name = "ComponentLink5Description"; Value = "https://datasheet.octopart.com:443/CL21B104KBCNNNC-Samsung-Electro-Mechanics-datasheet-11548950.pdf?src-supplier=Future+Electronics"; VariantName = "[No Variations]"
Change component parameters (AddParameter): Name = "ComponentLink5URL"; Value = "https://datasheet.octopart.com:443/CL21B104KBCNNNC-Samsung-Electro-Mechanics-datasheet-11548950.pdf?src-supplier=Future+Electronics"; VariantName = "[No Variations]"
Change component parameters (AddParameter): Name = "ComponentLink6Description"; Value = "https://datasheet.octopart.com:443/CL21B104KBCNNNC-Samsung-Electro-Mechanics-datasheet-116891032.pdf?src-supplier=Future+Electronics"; VariantName = "[No Variations]"
Change component parameters (AddParameter): Name = "ComponentLink6URL"; Value = "https://datasheet.octopart.com:443/CL21B104KBCNNNC-Samsung-Electro-Mechanics-datasheet-116891032.pdf?src-supplier=Future+Electronics"; VariantName = "[No Variations]"
Change component parameters (AddParameter): Name = "ComponentLink7Description"; Value = "https://datasheet.octopart.com:443/CL21B104KBCNNNC-Samsung-Electro-Mechanics-datasheet-81462175.pdf?src-supplier=Future+Electronics"; VariantName = "[No Variations]"
Change component parameters (AddParameter): Name = "ComponentLink7URL"; Value = "https://datasheet.octopart.com:443/CL21B104KBCNNNC-Samsung-Electro-Mechanics-datasheet-81462175.pdf?src-supplier=Future+Electronics"; VariantName = "[No Variations]"
Change component parameters (AddParameter): Name = "ComponentLink8Description"; Value = "https://datasheet.octopart.com:443/CL21B104KBCNNNC-Samsung-datasheet-42485244.pdf?src-supplier=Future+Electronics"; VariantName = "[No Variations]"
Change component parameters (AddParameter): Name = "ComponentLink8URL"; Value = "https://datasheet.octopart.com:443/CL21B104KBCNNNC-Samsung-datasheet-42485244.pdf?src-supplier=Future+Electronics"; VariantName = "[No Variations]"
Change component parameters (AddParameter): Name = "ComponentLink9Description"; Value = "https://datasheet.octopart.com:443/CL21B104KBCNNNC-Samsung-Electro-Mechanics-datasheet-149045937.pdf?src-supplier=Future+Electronics"; VariantName = "[No Variations]"
Change component parameters (AddParameter): Name = "ComponentLink9URL"; Value = "https://datasheet.octopart.com:443/CL21B104KBCNNNC-Samsung-Electro-Mechanics-datasheet-149045937.pdf?src-supplier=Future+Electronics"; VariantName = "[No Variations]"
Change component parameters (AddParameter): Name = "ComponentLink10Description"; Value = "https://datasheet.octopart.com:443/CL21B104KBCNNNC-Samsung-datasheet-8326407.pdf?src-supplier=TME"; VariantName = "[No Variations]"
Change component parameters (AddParameter): Name = "ComponentLink10URL"; Value = "https://datasheet.octopart.com:443/CL21B104KBCNNNC-Samsung-datasheet-8326407.pdf?src-supplier=TME"; VariantName = "[No Variations]"
Change component parameters (AddParameter): Name = "ComponentLink11Description"; Value = "http://sigma.octopart.com:80/rohs_certificate/General-Multilayer-Ceramic-Capacitors-Samsung-family-110.pdf?src-supplier=Compliance+Statements"; VariantName = "[No Variations]"
Change component parameters (AddParameter): Name = "ComponentLink11URL"; Value = "http://sigma.octopart.com:80/rohs_certificate/General-Multilayer-Ceramic-Capacitors-Samsung-family-110.pdf?src-supplier=Compliance+Statements"; VariantName = "[No Variations]"
Change component parameters (AddParameter): Name = "ComponentLink12Description"; Value = "http://sigma.octopart.com:80/rohs_statement/General-Multilayer-Ceramic-Capacitors-Samsung-family-132.pdf?src-supplier=Compliance+Statements"; VariantName = "[No Variations]"
Change component parameters (AddParameter): Name = "ComponentLink12URL"; Value = "http://sigma.octopart.com:80/rohs_statement/General-Multilayer-Ceramic-Capacitors-Samsung-family-132.pdf?src-supplier=Compliance+Statements"; VariantName = "[No Variations]"
Change component parameters (AddParameter): Name = "ComponentLink13Description"; Value = "http://sigma.octopart.com:80/reach_statement/General-Multilayer-Ceramic-Capacitors-Samsung-family-133.pdf?src-supplier=Compliance+Statements"; VariantName = "[No Variations]"
Change component parameters (AddParameter): Name = "ComponentLink13URL"; Value = "http://sigma.octopart.com:80/reach_statement/General-Multilayer-Ceramic-Capacitors-Samsung-family-133.pdf?src-supplier=Compliance+Statements"; VariantName = "[No Variations]"
Change component parameters (AddParameter): Name = "Contact Plating"; Value = "Tin"; VariantName = "[No Variations]"
Change component parameters (AddParameter): Name = "Country of Origin"; Value = "Mainland China, Philippines, South Korea"; VariantName = "[No Variations]"
Change component parameters (AddParameter): Name = "Depth"; Value = "1.25mm"; VariantName = "[No Variations]"
Change component parameters (AddParameter): Name = "Dielectric"; Value = "X7R"; VariantName = "[No Variations]"
Change component parameters (AddParameter): Name = "Dielectric Material"; Value = "Ceramic"; VariantName = "[No Variations]"
Change component parameters (AddParameter): Name = "Export Control Classification Number (ECCN) Code"; Value = "EAR99"; VariantName = "[No Variations]"
Change component parameters (AddParameter): Name = "Harmonized Tariff Schedule (HTS) Code"; Value = "8532.24.00.20"; VariantName = "[No Variations]"
Change component parameters (AddParameter): Name = "Height"; Value = "950µm"; VariantName = "[No Variations]"
Change component parameters (AddParameter): Name = "Introduction Date"; Value = "2009-07-27"; VariantName = "[No Variations]"
Change component parameters (AddParameter): Name = "Lead Free"; Value = "Lead Free"; VariantName = "[No Variations]"
Change component parameters (AddParameter): Name = "Length"; Value = "2mm"; VariantName = "[No Variations]"
Change component parameters (AddParameter): Name = "Lifecycle Status"; Value = "Production"; VariantName = "[No Variations]"
Change component parameters (AddParameter): Name = "Manufacturer"; Value = "Samsung Electro-Mechanics"; VariantName = "[No Variations]"
Change component parameters (AddParameter): Name = "Manufacturer Part Number"; Value = "CL21B104KBCNNNC"; VariantName = "[No Variations]"
Change component parameters (AddParameter): Name = "Material"; Value = "Ceramic"; VariantName = "[No Variations]"
Change component parameters (AddParameter): Name = "Max Operating Temperature"; Value = "125°C"; VariantName = "[No Variations]"
Change component parameters (AddParameter): Name = "Min Operating Temperature"; Value = "-55°C"; VariantName = "[No Variations]"
Change component parameters (AddParameter): Name = "Mounting Technology"; Value = "Surface Mount"; VariantName = "[No Variations]"
Change component parameters (AddParameter): Name = "Number of Terminals"; Value = "2"; VariantName = "[No Variations]"
Change component parameters (AddParameter): Name = "Pricing"; Value = "4000=0,0059, 16000=0,0057, 60000=0,0055, 100000=0,0054, 200000=0,0052 (USD)"; VariantName = "[No Variations]"
Change component parameters (AddParameter): Name = "Radiation Hardening"; Value = "No"; VariantName = "[No Variations]"
Change component parameters (AddParameter): Name = "REACH SVHC"; Value = "Yes"; VariantName = "[No Variations]"
Change component parameters (AddParameter): Name = "RoHS"; Value = "Compliant"; VariantName = "[No Variations]"
Change component parameters (AddParameter): Name = "Schedule B"; Value = "8532240020, 8532240020|8532240020, 8532240020|8532240020|8532240020, 8532240020|8532240020|8532240020|8532240020"; VariantName = "[No Variations]"
Change component parameters (AddParameter): Name = "Stock"; Value = "6136000"; VariantName = "[No Variations]"
Change component parameters (AddParameter): Name = "Supplier"; Value = "Future Electronics"; VariantName = "[No Variations]"
Change component parameters (AddParameter): Name = "Supplier Part Number"; Value = "CL21B104KBCNNNC"; VariantName = "[No Variations]"
Change component parameters (AddParameter): Name = "Thickness"; Value = "939.8µm"; VariantName = "[No Variations]"
Change component parameters (AddParameter): Name = "Tolerance"; Value = "10%"; VariantName = "[No Variations]"
Change component parameters (AddParameter): Name = "Value"; Value = "100nF"; VariantName = "[No Variations]"
Change component parameters (AddParameter): Name = "Voltage"; Value = "50V"; VariantName = "[No Variations]"
Change component parameters (AddParameter): Name = "Voltage Rating"; Value = "50V"; VariantName = "[No Variations]"
Change component parameters (AddParameter): Name = "Voltage Rating (DC)"; Value = "50V"; VariantName = "[No Variations]"
Change component parameters (AddParameter): Name = "Width"; Value = "1.25mm"; VariantName = "[No Variations]"
Change component parameters: Designator = "C22" ("C22"); Footprint = "C0402 - IRON SOLDERING"; UniqueID = "\PRVMGQQI" ("\PRVMGQQI")
Change component parameters (AddParameter): Name = ".Mounting"; Value = "SMD"; VariantName = "[No Variations]"
Change component parameters (AddParameter): Name = ".PCBChecked"; Value = ""; VariantName = "[No Variations]"
Change component parameters (AddParameter): Name = ".SCHChecked"; Value = ""; VariantName = "[No Variations]"
Change component parameters (AddParameter): Name = "Case Code (Imperial)"; Value = "0805"; VariantName = "[No Variations]"
Change component parameters (AddParameter): Name = "Case Code (Metric)"; Value = "2012"; VariantName = "[No Variations]"
Change component parameters (AddParameter): Name = "Case/Package"; Value = "0805"; VariantName = "[No Variations]"
Change component parameters (AddParameter): Name = "Category"; Value = "Ceramic Capacitors"; VariantName = "[No Variations]"
Change component parameters (AddParameter): Name = "China RoHS"; Value = "Compliant"; VariantName = "[No Variations]"
Change component parameters (AddParameter): Name = "ComponentLink1Description"; Value = "https://datasheet.octopart.com:443/CL21B104KBCNNNC-Samsung-Electro-Mechanics-datasheet-137745078.pdf?src-supplier=IHS"; VariantName = "[No Variations]"
Change component parameters (AddParameter): Name = "ComponentLink1URL"; Value = "https://datasheet.octopart.com:443/CL21B104KBCNNNC-Samsung-Electro-Mechanics-datasheet-137745078.pdf?src-supplier=IHS"; VariantName = "[No Variations]"
Change component parameters (AddParameter): Name = "ComponentLink2Description"; Value = "https://datasheet.octopart.com/CL21B104KBCNNNC-Samsung-Electro-Mechanics-datasheet-8324245.pdf"; VariantName = "[No Variations]"
Change component parameters (AddParameter): Name = "ComponentLink2URL"; Value = "https://datasheet.octopart.com/CL21B104KBCNNNC-Samsung-Electro-Mechanics-datasheet-8324245.pdf"; VariantName = "[No Variations]"
Change component parameters (AddParameter): Name = "ComponentLink3Description"; Value = "https://datasheet.octopart.com/CL21B104KBCNNNC-Samsung-Electro-Mechanics-datasheet-97040617.pdf"; VariantName = "[No Variations]"
Change component parameters (AddParameter): Name = "ComponentLink3URL"; Value = "https://datasheet.octopart.com/CL21B104KBCNNNC-Samsung-Electro-Mechanics-datasheet-97040617.pdf"; VariantName = "[No Variations]"
Change component parameters (AddParameter): Name = "ComponentLink4Description"; Value = "https://datasheet.octopart.com/General-Multilayer-Ceramic-Capacitors-Samsung-datasheet-family-111.pdf"; VariantName = "[No Variations]"
Change component parameters (AddParameter): Name = "ComponentLink4URL"; Value = "https://datasheet.octopart.com/General-Multilayer-Ceramic-Capacitors-Samsung-datasheet-family-111.pdf"; VariantName = "[No Variations]"
Change component parameters (AddParameter): Name = "ComponentLink5Description"; Value = "https://datasheet.octopart.com:443/CL21B104KBCNNNC-Samsung-Electro-Mechanics-datasheet-11548950.pdf?src-supplier=Future+Electronics"; VariantName = "[No Variations]"
Change component parameters (AddParameter): Name = "ComponentLink5URL"; Value = "https://datasheet.octopart.com:443/CL21B104KBCNNNC-Samsung-Electro-Mechanics-datasheet-11548950.pdf?src-supplier=Future+Electronics"; VariantName = "[No Variations]"
Change component parameters (AddParameter): Name = "ComponentLink6Description"; Value = "https://datasheet.octopart.com:443/CL21B104KBCNNNC-Samsung-Electro-Mechanics-datasheet-116891032.pdf?src-supplier=Future+Electronics"; VariantName = "[No Variations]"
Change component parameters (AddParameter): Name = "ComponentLink6URL"; Value = "https://datasheet.octopart.com:443/CL21B104KBCNNNC-Samsung-Electro-Mechanics-datasheet-116891032.pdf?src-supplier=Future+Electronics"; VariantName = "[No Variations]"
Change component parameters (AddParameter): Name = "ComponentLink7Description"; Value = "https://datasheet.octopart.com:443/CL21B104KBCNNNC-Samsung-Electro-Mechanics-datasheet-81462175.pdf?src-supplier=Future+Electronics"; VariantName = "[No Variations]"
Change component parameters (AddParameter): Name = "ComponentLink7URL"; Value = "https://datasheet.octopart.com:443/CL21B104KBCNNNC-Samsung-Electro-Mechanics-datasheet-81462175.pdf?src-supplier=Future+Electronics"; VariantName = "[No Variations]"
Change component parameters (AddParameter): Name = "ComponentLink8Description"; Value = "https://datasheet.octopart.com:443/CL21B104KBCNNNC-Samsung-datasheet-42485244.pdf?src-supplier=Future+Electronics"; VariantName = "[No Variations]"
Change component parameters (AddParameter): Name = "ComponentLink8URL"; Value = "https://datasheet.octopart.com:443/CL21B104KBCNNNC-Samsung-datasheet-42485244.pdf?src-supplier=Future+Electronics"; VariantName = "[No Variations]"
Change component parameters (AddParameter): Name = "ComponentLink9Description"; Value = "https://datasheet.octopart.com:443/CL21B104KBCNNNC-Samsung-Electro-Mechanics-datasheet-149045937.pdf?src-supplier=Future+Electronics"; VariantName = "[No Variations]"
Change component parameters (AddParameter): Name = "ComponentLink9URL"; Value = "https://datasheet.octopart.com:443/CL21B104KBCNNNC-Samsung-Electro-Mechanics-datasheet-149045937.pdf?src-supplier=Future+Electronics"; VariantName = "[No Variations]"
Change component parameters (AddParameter): Name = "ComponentLink10Description"; Value = "https://datasheet.octopart.com:443/CL21B104KBCNNNC-Samsung-datasheet-8326407.pdf?src-supplier=TME"; VariantName = "[No Variations]"
Change component parameters (AddParameter): Name = "ComponentLink10URL"; Value = "https://datasheet.octopart.com:443/CL21B104KBCNNNC-Samsung-datasheet-8326407.pdf?src-supplier=TME"; VariantName = "[No Variations]"
Change component parameters (AddParameter): Name = "ComponentLink11Description"; Value = "http://sigma.octopart.com:80/rohs_certificate/General-Multilayer-Ceramic-Capacitors-Samsung-family-110.pdf?src-supplier=Compliance+Statements"; VariantName = "[No Variations]"
Change component parameters (AddParameter): Name = "ComponentLink11URL"; Value = "http://sigma.octopart.com:80/rohs_certificate/General-Multilayer-Ceramic-Capacitors-Samsung-family-110.pdf?src-supplier=Compliance+Statements"; VariantName = "[No Variations]"
Change component parameters (AddParameter): Name = "ComponentLink12Description"; Value = "http://sigma.octopart.com:80/rohs_statement/General-Multilayer-Ceramic-Capacitors-Samsung-family-132.pdf?src-supplier=Compliance+Statements"; VariantName = "[No Variations]"
Change component parameters (AddParameter): Name = "ComponentLink12URL"; Value = "http://sigma.octopart.com:80/rohs_statement/General-Multilayer-Ceramic-Capacitors-Samsung-family-132.pdf?src-supplier=Compliance+Statements"; VariantName = "[No Variations]"
Change component parameters (AddParameter): Name = "ComponentLink13Description"; Value = "http://sigma.octopart.com:80/reach_statement/General-Multilayer-Ceramic-Capacitors-Samsung-family-133.pdf?src-supplier=Compliance+Statements"; VariantName = "[No Variations]"
Change component parameters (AddParameter): Name = "ComponentLink13URL"; Value = "http://sigma.octopart.com:80/reach_statement/General-Multilayer-Ceramic-Capacitors-Samsung-family-133.pdf?src-supplier=Compliance+Statements"; VariantName = "[No Variations]"
Change component parameters (AddParameter): Name = "Contact Plating"; Value = "Tin"; VariantName = "[No Variations]"
Change component parameters (AddParameter): Name = "Country of Origin"; Value = "Mainland China, Philippines, South Korea"; VariantName = "[No Variations]"
Change component parameters (AddParameter): Name = "Depth"; Value = "1.25mm"; VariantName = "[No Variations]"
Change component parameters (AddParameter): Name = "Dielectric"; Value = "X7R"; VariantName = "[No Variations]"
Change component parameters (AddParameter): Name = "Dielectric Material"; Value = "Ceramic"; VariantName = "[No Variations]"
Change component parameters (AddParameter): Name = "Export Control Classification Number (ECCN) Code"; Value = "EAR99"; VariantName = "[No Variations]"
Change component parameters (AddParameter): Name = "Harmonized Tariff Schedule (HTS) Code"; Value = "8532.24.00.20"; VariantName = "[No Variations]"
Change component parameters (AddParameter): Name = "Height"; Value = "950µm"; VariantName = "[No Variations]"
Change component parameters (AddParameter): Name = "Introduction Date"; Value = "2009-07-27"; VariantName = "[No Variations]"
Change component parameters (AddParameter): Name = "Lead Free"; Value = "Lead Free"; VariantName = "[No Variations]"
Change component parameters (AddParameter): Name = "Length"; Value = "2mm"; VariantName = "[No Variations]"
Change component parameters (AddParameter): Name = "Lifecycle Status"; Value = "Production"; VariantName = "[No Variations]"
Change component parameters (AddParameter): Name = "Manufacturer"; Value = "Samsung Electro-Mechanics"; VariantName = "[No Variations]"
Change component parameters (AddParameter): Name = "Manufacturer Part Number"; Value = "CL21B104KBCNNNC"; VariantName = "[No Variations]"
Change component parameters (AddParameter): Name = "Material"; Value = "Ceramic"; VariantName = "[No Variations]"
Change component parameters (AddParameter): Name = "Max Operating Temperature"; Value = "125°C"; VariantName = "[No Variations]"
Change component parameters (AddParameter): Name = "Min Operating Temperature"; Value = "-55°C"; VariantName = "[No Variations]"
Change component parameters (AddParameter): Name = "Mounting Technology"; Value = "Surface Mount"; VariantName = "[No Variations]"
Change component parameters (AddParameter): Name = "Number of Terminals"; Value = "2"; VariantName = "[No Variations]"
Change component parameters (AddParameter): Name = "Pricing"; Value = "4000=0,0059, 16000=0,0057, 60000=0,0055, 100000=0,0054, 200000=0,0052 (USD)"; VariantName = "[No Variations]"
Change component parameters (AddParameter): Name = "Radiation Hardening"; Value = "No"; VariantName = "[No Variations]"
Change component parameters (AddParameter): Name = "REACH SVHC"; Value = "Yes"; VariantName = "[No Variations]"
Change component parameters (AddParameter): Name = "RoHS"; Value = "Compliant"; VariantName = "[No Variations]"
Change component parameters (AddParameter): Name = "Schedule B"; Value = "8532240020, 8532240020|8532240020, 8532240020|8532240020|8532240020, 8532240020|8532240020|8532240020|8532240020"; VariantName = "[No Variations]"
Change component parameters (AddParameter): Name = "Stock"; Value = "6136000"; VariantName = "[No Variations]"
Change component parameters (AddParameter): Name = "Supplier"; Value = "Future Electronics"; VariantName = "[No Variations]"
Change component parameters (AddParameter): Name = "Supplier Part Number"; Value = "CL21B104KBCNNNC"; VariantName = "[No Variations]"
Change component parameters (AddParameter): Name = "Thickness"; Value = "939.8µm"; VariantName = "[No Variations]"
Change component parameters (AddParameter): Name = "Tolerance"; Value = "10%"; VariantName = "[No Variations]"
Change component parameters (AddParameter): Name = "Value"; Value = "100nF"; VariantName = "[No Variations]"
Change component parameters (AddParameter): Name = "Voltage"; Value = "50V"; VariantName = "[No Variations]"
Change component parameters (AddParameter): Name = "Voltage Rating"; Value = "50V"; VariantName = "[No Variations]"
Change component parameters (AddParameter): Name = "Voltage Rating (DC)"; Value = "50V"; VariantName = "[No Variations]"
Change component parameters (AddParameter): Name = "Width"; Value = "1.25mm"; VariantName = "[No Variations]"
Change component parameters: Designator = "C23" ("C23"); Footprint = "C0402 - IRON SOLDERING"; UniqueID = "\PGYAAHTC" ("\PGYAAHTC")
Change component parameters (AddParameter): Name = ".Mounting"; Value = "SMD"; VariantName = "[No Variations]"
Change component parameters (AddParameter): Name = ".PCBChecked"; Value = ""; VariantName = "[No Variations]"
Change component parameters (AddParameter): Name = ".SCHChecked"; Value = ""; VariantName = "[No Variations]"
Change component parameters (AddParameter): Name = "Case Code (Imperial)"; Value = "0805"; VariantName = "[No Variations]"
Change component parameters (AddParameter): Name = "Case Code (Metric)"; Value = "2012"; VariantName = "[No Variations]"
Change component parameters (AddParameter): Name = "Case/Package"; Value = "0805"; VariantName = "[No Variations]"
Change component parameters (AddParameter): Name = "Category"; Value = "Ceramic Capacitors"; VariantName = "[No Variations]"
Change component parameters (AddParameter): Name = "China RoHS"; Value = "Compliant"; VariantName = "[No Variations]"
Change component parameters (AddParameter): Name = "ComponentLink1Description"; Value = "https://datasheet.octopart.com:443/CL21B104KBCNNNC-Samsung-Electro-Mechanics-datasheet-137745078.pdf?src-supplier=IHS"; VariantName = "[No Variations]"
Change component parameters (AddParameter): Name = "ComponentLink1URL"; Value = "https://datasheet.octopart.com:443/CL21B104KBCNNNC-Samsung-Electro-Mechanics-datasheet-137745078.pdf?src-supplier=IHS"; VariantName = "[No Variations]"
Change component parameters (AddParameter): Name = "ComponentLink2Description"; Value = "https://datasheet.octopart.com/CL21B104KBCNNNC-Samsung-Electro-Mechanics-datasheet-8324245.pdf"; VariantName = "[No Variations]"
Change component parameters (AddParameter): Name = "ComponentLink2URL"; Value = "https://datasheet.octopart.com/CL21B104KBCNNNC-Samsung-Electro-Mechanics-datasheet-8324245.pdf"; VariantName = "[No Variations]"
Change component parameters (AddParameter): Name = "ComponentLink3Description"; Value = "https://datasheet.octopart.com/CL21B104KBCNNNC-Samsung-Electro-Mechanics-datasheet-97040617.pdf"; VariantName = "[No Variations]"
Change component parameters (AddParameter): Name = "ComponentLink3URL"; Value = "https://datasheet.octopart.com/CL21B104KBCNNNC-Samsung-Electro-Mechanics-datasheet-97040617.pdf"; VariantName = "[No Variations]"
Change component parameters (AddParameter): Name = "ComponentLink4Description"; Value = "https://datasheet.octopart.com/General-Multilayer-Ceramic-Capacitors-Samsung-datasheet-family-111.pdf"; VariantName = "[No Variations]"
Change component parameters (AddParameter): Name = "ComponentLink4URL"; Value = "https://datasheet.octopart.com/General-Multilayer-Ceramic-Capacitors-Samsung-datasheet-family-111.pdf"; VariantName = "[No Variations]"
Change component parameters (AddParameter): Name = "ComponentLink5Description"; Value = "https://datasheet.octopart.com:443/CL21B104KBCNNNC-Samsung-Electro-Mechanics-datasheet-11548950.pdf?src-supplier=Future+Electronics"; VariantName = "[No Variations]"
Change component parameters (AddParameter): Name = "ComponentLink5URL"; Value = "https://datasheet.octopart.com:443/CL21B104KBCNNNC-Samsung-Electro-Mechanics-datasheet-11548950.pdf?src-supplier=Future+Electronics"; VariantName = "[No Variations]"
Change component parameters (AddParameter): Name = "ComponentLink6Description"; Value = "https://datasheet.octopart.com:443/CL21B104KBCNNNC-Samsung-Electro-Mechanics-datasheet-116891032.pdf?src-supplier=Future+Electronics"; VariantName = "[No Variations]"
Change component parameters (AddParameter): Name = "ComponentLink6URL"; Value = "https://datasheet.octopart.com:443/CL21B104KBCNNNC-Samsung-Electro-Mechanics-datasheet-116891032.pdf?src-supplier=Future+Electronics"; VariantName = "[No Variations]"
Change component parameters (AddParameter): Name = "ComponentLink7Description"; Value = "https://datasheet.octopart.com:443/CL21B104KBCNNNC-Samsung-Electro-Mechanics-datasheet-81462175.pdf?src-supplier=Future+Electronics"; VariantName = "[No Variations]"
Change component parameters (AddParameter): Name = "ComponentLink7URL"; Value = "https://datasheet.octopart.com:443/CL21B104KBCNNNC-Samsung-Electro-Mechanics-datasheet-81462175.pdf?src-supplier=Future+Electronics"; VariantName = "[No Variations]"
Change component parameters (AddParameter): Name = "ComponentLink8Description"; Value = "https://datasheet.octopart.com:443/CL21B104KBCNNNC-Samsung-datasheet-42485244.pdf?src-supplier=Future+Electronics"; VariantName = "[No Variations]"
Change component parameters (AddParameter): Name = "ComponentLink8URL"; Value = "https://datasheet.octopart.com:443/CL21B104KBCNNNC-Samsung-datasheet-42485244.pdf?src-supplier=Future+Electronics"; VariantName = "[No Variations]"
Change component parameters (AddParameter): Name = "ComponentLink9Description"; Value = "https://datasheet.octopart.com:443/CL21B104KBCNNNC-Samsung-Electro-Mechanics-datasheet-149045937.pdf?src-supplier=Future+Electronics"; VariantName = "[No Variations]"
Change component parameters (AddParameter): Name = "ComponentLink9URL"; Value = "https://datasheet.octopart.com:443/CL21B104KBCNNNC-Samsung-Electro-Mechanics-datasheet-149045937.pdf?src-supplier=Future+Electronics"; VariantName = "[No Variations]"
Change component parameters (AddParameter): Name = "ComponentLink10Description"; Value = "https://datasheet.octopart.com:443/CL21B104KBCNNNC-Samsung-datasheet-8326407.pdf?src-supplier=TME"; VariantName = "[No Variations]"
Change component parameters (AddParameter): Name = "ComponentLink10URL"; Value = "https://datasheet.octopart.com:443/CL21B104KBCNNNC-Samsung-datasheet-8326407.pdf?src-supplier=TME"; VariantName = "[No Variations]"
Change component parameters (AddParameter): Name = "ComponentLink11Description"; Value = "http://sigma.octopart.com:80/rohs_certificate/General-Multilayer-Ceramic-Capacitors-Samsung-family-110.pdf?src-supplier=Compliance+Statements"; VariantName = "[No Variations]"
Change component parameters (AddParameter): Name = "ComponentLink11URL"; Value = "http://sigma.octopart.com:80/rohs_certificate/General-Multilayer-Ceramic-Capacitors-Samsung-family-110.pdf?src-supplier=Compliance+Statements"; VariantName = "[No Variations]"
Change component parameters (AddParameter): Name = "ComponentLink12Description"; Value = "http://sigma.octopart.com:80/rohs_statement/General-Multilayer-Ceramic-Capacitors-Samsung-family-132.pdf?src-supplier=Compliance+Statements"; VariantName = "[No Variations]"
Change component parameters (AddParameter): Name = "ComponentLink12URL"; Value = "http://sigma.octopart.com:80/rohs_statement/General-Multilayer-Ceramic-Capacitors-Samsung-family-132.pdf?src-supplier=Compliance+Statements"; VariantName = "[No Variations]"
Change component parameters (AddParameter): Name = "ComponentLink13Description"; Value = "http://sigma.octopart.com:80/reach_statement/General-Multilayer-Ceramic-Capacitors-Samsung-family-133.pdf?src-supplier=Compliance+Statements"; VariantName = "[No Variations]"
Change component parameters (AddParameter): Name = "ComponentLink13URL"; Value = "http://sigma.octopart.com:80/reach_statement/General-Multilayer-Ceramic-Capacitors-Samsung-family-133.pdf?src-supplier=Compliance+Statements"; VariantName = "[No Variations]"
Change component parameters (AddParameter): Name = "Contact Plating"; Value = "Tin"; VariantName = "[No Variations]"
Change component parameters (AddParameter): Name = "Country of Origin"; Value = "Mainland China, Philippines, South Korea"; VariantName = "[No Variations]"
Change component parameters (AddParameter): Name = "Depth"; Value = "1.25mm"; VariantName = "[No Variations]"
Change component parameters (AddParameter): Name = "Dielectric"; Value = "X7R"; VariantName = "[No Variations]"
Change component parameters (AddParameter): Name = "Dielectric Material"; Value = "Ceramic"; VariantName = "[No Variations]"
Change component parameters (AddParameter): Name = "Export Control Classification Number (ECCN) Code"; Value = "EAR99"; VariantName = "[No Variations]"
Change component parameters (AddParameter): Name = "Harmonized Tariff Schedule (HTS) Code"; Value = "8532.24.00.20"; VariantName = "[No Variations]"
Change component parameters (AddParameter): Name = "Height"; Value = "950µm"; VariantName = "[No Variations]"
Change component parameters (AddParameter): Name = "Introduction Date"; Value = "2009-07-27"; VariantName = "[No Variations]"
Change component parameters (AddParameter): Name = "Lead Free"; Value = "Lead Free"; VariantName = "[No Variations]"
Change component parameters (AddParameter): Name = "Length"; Value = "2mm"; VariantName = "[No Variations]"
Change component parameters (AddParameter): Name = "Lifecycle Status"; Value = "Production"; VariantName = "[No Variations]"
Change component parameters (AddParameter): Name = "Manufacturer"; Value = "Samsung Electro-Mechanics"; VariantName = "[No Variations]"
Change component parameters (AddParameter): Name = "Manufacturer Part Number"; Value = "CL21B104KBCNNNC"; VariantName = "[No Variations]"
Change component parameters (AddParameter): Name = "Material"; Value = "Ceramic"; VariantName = "[No Variations]"
Change component parameters (AddParameter): Name = "Max Operating Temperature"; Value = "125°C"; VariantName = "[No Variations]"
Change component parameters (AddParameter): Name = "Min Operating Temperature"; Value = "-55°C"; VariantName = "[No Variations]"
Change component parameters (AddParameter): Name = "Mounting Technology"; Value = "Surface Mount"; VariantName = "[No Variations]"
Change component parameters (AddParameter): Name = "Number of Terminals"; Value = "2"; VariantName = "[No Variations]"
Change component parameters (AddParameter): Name = "Pricing"; Value = "4000=0,0059, 16000=0,0057, 60000=0,0055, 100000=0,0054, 200000=0,0052 (USD)"; VariantName = "[No Variations]"
Change component parameters (AddParameter): Name = "Radiation Hardening"; Value = "No"; VariantName = "[No Variations]"
Change component parameters (AddParameter): Name = "REACH SVHC"; Value = "Yes"; VariantName = "[No Variations]"
Change component parameters (AddParameter): Name = "RoHS"; Value = "Compliant"; VariantName = "[No Variations]"
Change component parameters (AddParameter): Name = "Schedule B"; Value = "8532240020, 8532240020|8532240020, 8532240020|8532240020|8532240020, 8532240020|8532240020|8532240020|8532240020"; VariantName = "[No Variations]"
Change component parameters (AddParameter): Name = "Stock"; Value = "6136000"; VariantName = "[No Variations]"
Change component parameters (AddParameter): Name = "Supplier"; Value = "Future Electronics"; VariantName = "[No Variations]"
Change component parameters (AddParameter): Name = "Supplier Part Number"; Value = "CL21B104KBCNNNC"; VariantName = "[No Variations]"
Change component parameters (AddParameter): Name = "Thickness"; Value = "939.8µm"; VariantName = "[No Variations]"
Change component parameters (AddParameter): Name = "Tolerance"; Value = "10%"; VariantName = "[No Variations]"
Change component parameters (AddParameter): Name = "Value"; Value = "100nF"; VariantName = "[No Variations]"
Change component parameters (AddParameter): Name = "Voltage"; Value = "50V"; VariantName = "[No Variations]"
Change component parameters (AddParameter): Name = "Voltage Rating"; Value = "50V"; VariantName = "[No Variations]"
Change component parameters (AddParameter): Name = "Voltage Rating (DC)"; Value = "50V"; VariantName = "[No Variations]"
Change component parameters (AddParameter): Name = "Width"; Value = "1.25mm"; VariantName = "[No Variations]"
Change component parameters: Designator = "C24" ("C24"); Footprint = "C0402 - IRON SOLDERING"; UniqueID = "\GFMSWNAB" ("\GFMSWNAB")
Change component parameters (AddParameter): Name = ".Mounting"; Value = "SMD"; VariantName = "[No Variations]"
Change component parameters (AddParameter): Name = ".PCBChecked"; Value = ""; VariantName = "[No Variations]"
Change component parameters (AddParameter): Name = ".SCHChecked"; Value = ""; VariantName = "[No Variations]"
Change component parameters (AddParameter): Name = "Case Code (Imperial)"; Value = "0805"; VariantName = "[No Variations]"
Change component parameters (AddParameter): Name = "Case Code (Metric)"; Value = "2012"; VariantName = "[No Variations]"
Change component parameters (AddParameter): Name = "Case/Package"; Value = "0805"; VariantName = "[No Variations]"
Change component parameters (AddParameter): Name = "Category"; Value = "Ceramic Capacitors"; VariantName = "[No Variations]"
Change component parameters (AddParameter): Name = "China RoHS"; Value = "Compliant"; VariantName = "[No Variations]"
Change component parameters (AddParameter): Name = "ComponentLink1Description"; Value = "https://datasheet.octopart.com:443/CL21B104KBCNNNC-Samsung-Electro-Mechanics-datasheet-137745078.pdf?src-supplier=IHS"; VariantName = "[No Variations]"
Change component parameters (AddParameter): Name = "ComponentLink1URL"; Value = "https://datasheet.octopart.com:443/CL21B104KBCNNNC-Samsung-Electro-Mechanics-datasheet-137745078.pdf?src-supplier=IHS"; VariantName = "[No Variations]"
Change component parameters (AddParameter): Name = "ComponentLink2Description"; Value = "https://datasheet.octopart.com/CL21B104KBCNNNC-Samsung-Electro-Mechanics-datasheet-8324245.pdf"; VariantName = "[No Variations]"
Change component parameters (AddParameter): Name = "ComponentLink2URL"; Value = "https://datasheet.octopart.com/CL21B104KBCNNNC-Samsung-Electro-Mechanics-datasheet-8324245.pdf"; VariantName = "[No Variations]"
Change component parameters (AddParameter): Name = "ComponentLink3Description"; Value = "https://datasheet.octopart.com/CL21B104KBCNNNC-Samsung-Electro-Mechanics-datasheet-97040617.pdf"; VariantName = "[No Variations]"
Change component parameters (AddParameter): Name = "ComponentLink3URL"; Value = "https://datasheet.octopart.com/CL21B104KBCNNNC-Samsung-Electro-Mechanics-datasheet-97040617.pdf"; VariantName = "[No Variations]"
Change component parameters (AddParameter): Name = "ComponentLink4Description"; Value = "https://datasheet.octopart.com/General-Multilayer-Ceramic-Capacitors-Samsung-datasheet-family-111.pdf"; VariantName = "[No Variations]"
Change component parameters (AddParameter): Name = "ComponentLink4URL"; Value = "https://datasheet.octopart.com/General-Multilayer-Ceramic-Capacitors-Samsung-datasheet-family-111.pdf"; VariantName = "[No Variations]"
Change component parameters (AddParameter): Name = "ComponentLink5Description"; Value = "https://datasheet.octopart.com:443/CL21B104KBCNNNC-Samsung-Electro-Mechanics-datasheet-11548950.pdf?src-supplier=Future+Electronics"; VariantName = "[No Variations]"
Change component parameters (AddParameter): Name = "ComponentLink5URL"; Value = "https://datasheet.octopart.com:443/CL21B104KBCNNNC-Samsung-Electro-Mechanics-datasheet-11548950.pdf?src-supplier=Future+Electronics"; VariantName = "[No Variations]"
Change component parameters (AddParameter): Name = "ComponentLink6Description"; Value = "https://datasheet.octopart.com:443/CL21B104KBCNNNC-Samsung-Electro-Mechanics-datasheet-116891032.pdf?src-supplier=Future+Electronics"; VariantName = "[No Variations]"
Change component parameters (AddParameter): Name = "ComponentLink6URL"; Value = "https://datasheet.octopart.com:443/CL21B104KBCNNNC-Samsung-Electro-Mechanics-datasheet-116891032.pdf?src-supplier=Future+Electronics"; VariantName = "[No Variations]"
Change component parameters (AddParameter): Name = "ComponentLink7Description"; Value = "https://datasheet.octopart.com:443/CL21B104KBCNNNC-Samsung-Electro-Mechanics-datasheet-81462175.pdf?src-supplier=Future+Electronics"; VariantName = "[No Variations]"
Change component parameters (AddParameter): Name = "ComponentLink7URL"; Value = "https://datasheet.octopart.com:443/CL21B104KBCNNNC-Samsung-Electro-Mechanics-datasheet-81462175.pdf?src-supplier=Future+Electronics"; VariantName = "[No Variations]"
Change component parameters (AddParameter): Name = "ComponentLink8Description"; Value = "https://datasheet.octopart.com:443/CL21B104KBCNNNC-Samsung-datasheet-42485244.pdf?src-supplier=Future+Electronics"; VariantName = "[No Variations]"
Change component parameters (AddParameter): Name = "ComponentLink8URL"; Value = "https://datasheet.octopart.com:443/CL21B104KBCNNNC-Samsung-datasheet-42485244.pdf?src-supplier=Future+Electronics"; VariantName = "[No Variations]"
Change component parameters (AddParameter): Name = "ComponentLink9Description"; Value = "https://datasheet.octopart.com:443/CL21B104KBCNNNC-Samsung-Electro-Mechanics-datasheet-149045937.pdf?src-supplier=Future+Electronics"; VariantName = "[No Variations]"
Change component parameters (AddParameter): Name = "ComponentLink9URL"; Value = "https://datasheet.octopart.com:443/CL21B104KBCNNNC-Samsung-Electro-Mechanics-datasheet-149045937.pdf?src-supplier=Future+Electronics"; VariantName = "[No Variations]"
Change component parameters (AddParameter): Name = "ComponentLink10Description"; Value = "https://datasheet.octopart.com:443/CL21B104KBCNNNC-Samsung-datasheet-8326407.pdf?src-supplier=TME"; VariantName = "[No Variations]"
Change component parameters (AddParameter): Name = "ComponentLink10URL"; Value = "https://datasheet.octopart.com:443/CL21B104KBCNNNC-Samsung-datasheet-8326407.pdf?src-supplier=TME"; VariantName = "[No Variations]"
Change component parameters (AddParameter): Name = "ComponentLink11Description"; Value = "http://sigma.octopart.com:80/rohs_certificate/General-Multilayer-Ceramic-Capacitors-Samsung-family-110.pdf?src-supplier=Compliance+Statements"; VariantName = "[No Variations]"
Change component parameters (AddParameter): Name = "ComponentLink11URL"; Value = "http://sigma.octopart.com:80/rohs_certificate/General-Multilayer-Ceramic-Capacitors-Samsung-family-110.pdf?src-supplier=Compliance+Statements"; VariantName = "[No Variations]"
Change component parameters (AddParameter): Name = "ComponentLink12Description"; Value = "http://sigma.octopart.com:80/rohs_statement/General-Multilayer-Ceramic-Capacitors-Samsung-family-132.pdf?src-supplier=Compliance+Statements"; VariantName = "[No Variations]"
Change component parameters (AddParameter): Name = "ComponentLink12URL"; Value = "http://sigma.octopart.com:80/rohs_statement/General-Multilayer-Ceramic-Capacitors-Samsung-family-132.pdf?src-supplier=Compliance+Statements"; VariantName = "[No Variations]"
Change component parameters (AddParameter): Name = "ComponentLink13Description"; Value = "http://sigma.octopart.com:80/reach_statement/General-Multilayer-Ceramic-Capacitors-Samsung-family-133.pdf?src-supplier=Compliance+Statements"; VariantName = "[No Variations]"
Change component parameters (AddParameter): Name = "ComponentLink13URL"; Value = "http://sigma.octopart.com:80/reach_statement/General-Multilayer-Ceramic-Capacitors-Samsung-family-133.pdf?src-supplier=Compliance+Statements"; VariantName = "[No Variations]"
Change component parameters (AddParameter): Name = "Contact Plating"; Value = "Tin"; VariantName = "[No Variations]"
Change component parameters (AddParameter): Name = "Country of Origin"; Value = "Mainland China, Philippines, South Korea"; VariantName = "[No Variations]"
Change component parameters (AddParameter): Name = "Depth"; Value = "1.25mm"; VariantName = "[No Variations]"
Change component parameters (AddParameter): Name = "Dielectric"; Value = "X7R"; VariantName = "[No Variations]"
Change component parameters (AddParameter): Name = "Dielectric Material"; Value = "Ceramic"; VariantName = "[No Variations]"
Change component parameters (AddParameter): Name = "Export Control Classification Number (ECCN) Code"; Value = "EAR99"; VariantName = "[No Variations]"
Change component parameters (AddParameter): Name = "Harmonized Tariff Schedule (HTS) Code"; Value = "8532.24.00.20"; VariantName = "[No Variations]"
Change component parameters (AddParameter): Name = "Height"; Value = "950µm"; VariantName = "[No Variations]"
Change component parameters (AddParameter): Name = "Introduction Date"; Value = "2009-07-27"; VariantName = "[No Variations]"
Change component parameters (AddParameter): Name = "Lead Free"; Value = "Lead Free"; VariantName = "[No Variations]"
Change component parameters (AddParameter): Name = "Length"; Value = "2mm"; VariantName = "[No Variations]"
Change component parameters (AddParameter): Name = "Lifecycle Status"; Value = "Production"; VariantName = "[No Variations]"
Change component parameters (AddParameter): Name = "Manufacturer"; Value = "Samsung Electro-Mechanics"; VariantName = "[No Variations]"
Change component parameters (AddParameter): Name = "Manufacturer Part Number"; Value = "CL21B104KBCNNNC"; VariantName = "[No Variations]"
Change component parameters (AddParameter): Name = "Material"; Value = "Ceramic"; VariantName = "[No Variations]"
Change component parameters (AddParameter): Name = "Max Operating Temperature"; Value = "125°C"; VariantName = "[No Variations]"
Change component parameters (AddParameter): Name = "Min Operating Temperature"; Value = "-55°C"; VariantName = "[No Variations]"
Change component parameters (AddParameter): Name = "Mounting Technology"; Value = "Surface Mount"; VariantName = "[No Variations]"
Change component parameters (AddParameter): Name = "Number of Terminals"; Value = "2"; VariantName = "[No Variations]"
Change component parameters (AddParameter): Name = "Pricing"; Value = "4000=0,0059, 16000=0,0057, 60000=0,0055, 100000=0,0054, 200000=0,0052 (USD)"; VariantName = "[No Variations]"
Change component parameters (AddParameter): Name = "Radiation Hardening"; Value = "No"; VariantName = "[No Variations]"
Change component parameters (AddParameter): Name = "REACH SVHC"; Value = "Yes"; VariantName = "[No Variations]"
Change component parameters (AddParameter): Name = "RoHS"; Value = "Compliant"; VariantName = "[No Variations]"
Change component parameters (AddParameter): Name = "Schedule B"; Value = "8532240020, 8532240020|8532240020, 8532240020|8532240020|8532240020, 8532240020|8532240020|8532240020|8532240020"; VariantName = "[No Variations]"
Change component parameters (AddParameter): Name = "Stock"; Value = "6136000"; VariantName = "[No Variations]"
Change component parameters (AddParameter): Name = "Supplier"; Value = "Future Electronics"; VariantName = "[No Variations]"
Change component parameters (AddParameter): Name = "Supplier Part Number"; Value = "CL21B104KBCNNNC"; VariantName = "[No Variations]"
Change component parameters (AddParameter): Name = "Thickness"; Value = "939.8µm"; VariantName = "[No Variations]"
Change component parameters (AddParameter): Name = "Tolerance"; Value = "10%"; VariantName = "[No Variations]"
Change component parameters (AddParameter): Name = "Value"; Value = "100nF"; VariantName = "[No Variations]"
Change component parameters (AddParameter): Name = "Voltage"; Value = "50V"; VariantName = "[No Variations]"
Change component parameters (AddParameter): Name = "Voltage Rating"; Value = "50V"; VariantName = "[No Variations]"
Change component parameters (AddParameter): Name = "Voltage Rating (DC)"; Value = "50V"; VariantName = "[No Variations]"
Change component parameters (AddParameter): Name = "Width"; Value = "1.25mm"; VariantName = "[No Variations]"
Change component parameters: Designator = "C25" ("C25"); Footprint = "C0402 - IRON SOLDERING"; UniqueID = "\MUSZZHBF" ("\MUSZZHBF")
Change component parameters (AddParameter): Name = ".Mounting"; Value = "SMD"; VariantName = "[No Variations]"
Change component parameters (AddParameter): Name = ".PCBChecked"; Value = ""; VariantName = "[No Variations]"
Change component parameters (AddParameter): Name = ".SCHChecked"; Value = ""; VariantName = "[No Variations]"
Change component parameters (AddParameter): Name = "Case Code (Imperial)"; Value = "0805"; VariantName = "[No Variations]"
Change component parameters (AddParameter): Name = "Case Code (Metric)"; Value = "2012"; VariantName = "[No Variations]"
Change component parameters (AddParameter): Name = "Case/Package"; Value = "0805"; VariantName = "[No Variations]"
Change component parameters (AddParameter): Name = "Category"; Value = "Ceramic Capacitors"; VariantName = "[No Variations]"
Change component parameters (AddParameter): Name = "China RoHS"; Value = "Compliant"; VariantName = "[No Variations]"
Change component parameters (AddParameter): Name = "ComponentLink1Description"; Value = "https://datasheet.octopart.com:443/CL21B104KBCNNNC-Samsung-Electro-Mechanics-datasheet-137745078.pdf?src-supplier=IHS"; VariantName = "[No Variations]"
Change component parameters (AddParameter): Name = "ComponentLink1URL"; Value = "https://datasheet.octopart.com:443/CL21B104KBCNNNC-Samsung-Electro-Mechanics-datasheet-137745078.pdf?src-supplier=IHS"; VariantName = "[No Variations]"
Change component parameters (AddParameter): Name = "ComponentLink2Description"; Value = "https://datasheet.octopart.com/CL21B104KBCNNNC-Samsung-Electro-Mechanics-datasheet-8324245.pdf"; VariantName = "[No Variations]"
Change component parameters (AddParameter): Name = "ComponentLink2URL"; Value = "https://datasheet.octopart.com/CL21B104KBCNNNC-Samsung-Electro-Mechanics-datasheet-8324245.pdf"; VariantName = "[No Variations]"
Change component parameters (AddParameter): Name = "ComponentLink3Description"; Value = "https://datasheet.octopart.com/CL21B104KBCNNNC-Samsung-Electro-Mechanics-datasheet-97040617.pdf"; VariantName = "[No Variations]"
Change component parameters (AddParameter): Name = "ComponentLink3URL"; Value = "https://datasheet.octopart.com/CL21B104KBCNNNC-Samsung-Electro-Mechanics-datasheet-97040617.pdf"; VariantName = "[No Variations]"
Change component parameters (AddParameter): Name = "ComponentLink4Description"; Value = "https://datasheet.octopart.com/General-Multilayer-Ceramic-Capacitors-Samsung-datasheet-family-111.pdf"; VariantName = "[No Variations]"
Change component parameters (AddParameter): Name = "ComponentLink4URL"; Value = "https://datasheet.octopart.com/General-Multilayer-Ceramic-Capacitors-Samsung-datasheet-family-111.pdf"; VariantName = "[No Variations]"
Change component parameters (AddParameter): Name = "ComponentLink5Description"; Value = "https://datasheet.octopart.com:443/CL21B104KBCNNNC-Samsung-Electro-Mechanics-datasheet-11548950.pdf?src-supplier=Future+Electronics"; VariantName = "[No Variations]"
Change component parameters (AddParameter): Name = "ComponentLink5URL"; Value = "https://datasheet.octopart.com:443/CL21B104KBCNNNC-Samsung-Electro-Mechanics-datasheet-11548950.pdf?src-supplier=Future+Electronics"; VariantName = "[No Variations]"
Change component parameters (AddParameter): Name = "ComponentLink6Description"; Value = "https://datasheet.octopart.com:443/CL21B104KBCNNNC-Samsung-Electro-Mechanics-datasheet-116891032.pdf?src-supplier=Future+Electronics"; VariantName = "[No Variations]"
Change component parameters (AddParameter): Name = "ComponentLink6URL"; Value = "https://datasheet.octopart.com:443/CL21B104KBCNNNC-Samsung-Electro-Mechanics-datasheet-116891032.pdf?src-supplier=Future+Electronics"; VariantName = "[No Variations]"
Change component parameters (AddParameter): Name = "ComponentLink7Description"; Value = "https://datasheet.octopart.com:443/CL21B104KBCNNNC-Samsung-Electro-Mechanics-datasheet-81462175.pdf?src-supplier=Future+Electronics"; VariantName = "[No Variations]"
Change component parameters (AddParameter): Name = "ComponentLink7URL"; Value = "https://datasheet.octopart.com:443/CL21B104KBCNNNC-Samsung-Electro-Mechanics-datasheet-81462175.pdf?src-supplier=Future+Electronics"; VariantName = "[No Variations]"
Change component parameters (AddParameter): Name = "ComponentLink8Description"; Value = "https://datasheet.octopart.com:443/CL21B104KBCNNNC-Samsung-datasheet-42485244.pdf?src-supplier=Future+Electronics"; VariantName = "[No Variations]"
Change component parameters (AddParameter): Name = "ComponentLink8URL"; Value = "https://datasheet.octopart.com:443/CL21B104KBCNNNC-Samsung-datasheet-42485244.pdf?src-supplier=Future+Electronics"; VariantName = "[No Variations]"
Change component parameters (AddParameter): Name = "ComponentLink9Description"; Value = "https://datasheet.octopart.com:443/CL21B104KBCNNNC-Samsung-Electro-Mechanics-datasheet-149045937.pdf?src-supplier=Future+Electronics"; VariantName = "[No Variations]"
Change component parameters (AddParameter): Name = "ComponentLink9URL"; Value = "https://datasheet.octopart.com:443/CL21B104KBCNNNC-Samsung-Electro-Mechanics-datasheet-149045937.pdf?src-supplier=Future+Electronics"; VariantName = "[No Variations]"
Change component parameters (AddParameter): Name = "ComponentLink10Description"; Value = "https://datasheet.octopart.com:443/CL21B104KBCNNNC-Samsung-datasheet-8326407.pdf?src-supplier=TME"; VariantName = "[No Variations]"
Change component parameters (AddParameter): Name = "ComponentLink10URL"; Value = "https://datasheet.octopart.com:443/CL21B104KBCNNNC-Samsung-datasheet-8326407.pdf?src-supplier=TME"; VariantName = "[No Variations]"
Change component parameters (AddParameter): Name = "ComponentLink11Description"; Value = "http://sigma.octopart.com:80/rohs_certificate/General-Multilayer-Ceramic-Capacitors-Samsung-family-110.pdf?src-supplier=Compliance+Statements"; VariantName = "[No Variations]"
Change component parameters (AddParameter): Name = "ComponentLink11URL"; Value = "http://sigma.octopart.com:80/rohs_certificate/General-Multilayer-Ceramic-Capacitors-Samsung-family-110.pdf?src-supplier=Compliance+Statements"; VariantName = "[No Variations]"
Change component parameters (AddParameter): Name = "ComponentLink12Description"; Value = "http://sigma.octopart.com:80/rohs_statement/General-Multilayer-Ceramic-Capacitors-Samsung-family-132.pdf?src-supplier=Compliance+Statements"; VariantName = "[No Variations]"
Change component parameters (AddParameter): Name = "ComponentLink12URL"; Value = "http://sigma.octopart.com:80/rohs_statement/General-Multilayer-Ceramic-Capacitors-Samsung-family-132.pdf?src-supplier=Compliance+Statements"; VariantName = "[No Variations]"
Change component parameters (AddParameter): Name = "ComponentLink13Description"; Value = "http://sigma.octopart.com:80/reach_statement/General-Multilayer-Ceramic-Capacitors-Samsung-family-133.pdf?src-supplier=Compliance+Statements"; VariantName = "[No Variations]"
Change component parameters (AddParameter): Name = "ComponentLink13URL"; Value = "http://sigma.octopart.com:80/reach_statement/General-Multilayer-Ceramic-Capacitors-Samsung-family-133.pdf?src-supplier=Compliance+Statements"; VariantName = "[No Variations]"
Change component parameters (AddParameter): Name = "Contact Plating"; Value = "Tin"; VariantName = "[No Variations]"
Change component parameters (AddParameter): Name = "Country of Origin"; Value = "Mainland China, Philippines, South Korea"; VariantName = "[No Variations]"
Change component parameters (AddParameter): Name = "Depth"; Value = "1.25mm"; VariantName = "[No Variations]"
Change component parameters (AddParameter): Name = "Dielectric"; Value = "X7R"; VariantName = "[No Variations]"
Change component parameters (AddParameter): Name = "Dielectric Material"; Value = "Ceramic"; VariantName = "[No Variations]"
Change component parameters (AddParameter): Name = "Export Control Classification Number (ECCN) Code"; Value = "EAR99"; VariantName = "[No Variations]"
Change component parameters (AddParameter): Name = "Harmonized Tariff Schedule (HTS) Code"; Value = "8532.24.00.20"; VariantName = "[No Variations]"
Change component parameters (AddParameter): Name = "Height"; Value = "950µm"; VariantName = "[No Variations]"
Change component parameters (AddParameter): Name = "Introduction Date"; Value = "2009-07-27"; VariantName = "[No Variations]"
Change component parameters (AddParameter): Name = "Lead Free"; Value = "Lead Free"; VariantName = "[No Variations]"
Change component parameters (AddParameter): Name = "Length"; Value = "2mm"; VariantName = "[No Variations]"
Change component parameters (AddParameter): Name = "Lifecycle Status"; Value = "Production"; VariantName = "[No Variations]"
Change component parameters (AddParameter): Name = "Manufacturer"; Value = "Samsung Electro-Mechanics"; VariantName = "[No Variations]"
Change component parameters (AddParameter): Name = "Manufacturer Part Number"; Value = "CL21B104KBCNNNC"; VariantName = "[No Variations]"
Change component parameters (AddParameter): Name = "Material"; Value = "Ceramic"; VariantName = "[No Variations]"
Change component parameters (AddParameter): Name = "Max Operating Temperature"; Value = "125°C"; VariantName = "[No Variations]"
Change component parameters (AddParameter): Name = "Min Operating Temperature"; Value = "-55°C"; VariantName = "[No Variations]"
Change component parameters (AddParameter): Name = "Mounting Technology"; Value = "Surface Mount"; VariantName = "[No Variations]"
Change component parameters (AddParameter): Name = "Number of Terminals"; Value = "2"; VariantName = "[No Variations]"
Change component parameters (AddParameter): Name = "Pricing"; Value = "4000=0,0059, 16000=0,0057, 60000=0,0055, 100000=0,0054, 200000=0,0052 (USD)"; VariantName = "[No Variations]"
Change component parameters (AddParameter): Name = "Radiation Hardening"; Value = "No"; VariantName = "[No Variations]"
Change component parameters (AddParameter): Name = "REACH SVHC"; Value = "Yes"; VariantName = "[No Variations]"
Change component parameters (AddParameter): Name = "RoHS"; Value = "Compliant"; VariantName = "[No Variations]"
Change component parameters (AddParameter): Name = "Schedule B"; Value = "8532240020, 8532240020|8532240020, 8532240020|8532240020|8532240020, 8532240020|8532240020|8532240020|8532240020"; VariantName = "[No Variations]"
Change component parameters (AddParameter): Name = "Stock"; Value = "6136000"; VariantName = "[No Variations]"
Change component parameters (AddParameter): Name = "Supplier"; Value = "Future Electronics"; VariantName = "[No Variations]"
Change component parameters (AddParameter): Name = "Supplier Part Number"; Value = "CL21B104KBCNNNC"; VariantName = "[No Variations]"
Change component parameters (AddParameter): Name = "Thickness"; Value = "939.8µm"; VariantName = "[No Variations]"
Change component parameters (AddParameter): Name = "Tolerance"; Value = "10%"; VariantName = "[No Variations]"
Change component parameters (AddParameter): Name = "Value"; Value = "100nF"; VariantName = "[No Variations]"
Change component parameters (AddParameter): Name = "Voltage"; Value = "50V"; VariantName = "[No Variations]"
Change component parameters (AddParameter): Name = "Voltage Rating"; Value = "50V"; VariantName = "[No Variations]"
Change component parameters (AddParameter): Name = "Voltage Rating (DC)"; Value = "50V"; VariantName = "[No Variations]"
Change component parameters (AddParameter): Name = "Width"; Value = "1.25mm"; VariantName = "[No Variations]"
Change component parameters: Designator = "C26" ("C26"); Footprint = "C0402 - IRON SOLDERING"; UniqueID = "\VPFCNEKN" ("\VPFCNEKN")
Change component parameters (AddParameter): Name = ".Mounting"; Value = "SMD"; VariantName = "[No Variations]"
Change component parameters (AddParameter): Name = ".PCBChecked"; Value = ""; VariantName = "[No Variations]"
Change component parameters (AddParameter): Name = ".SCHChecked"; Value = ""; VariantName = "[No Variations]"
Change component parameters (AddParameter): Name = "Case Code (Imperial)"; Value = "0805"; VariantName = "[No Variations]"
Change component parameters (AddParameter): Name = "Case Code (Metric)"; Value = "2012"; VariantName = "[No Variations]"
Change component parameters (AddParameter): Name = "Case/Package"; Value = "0805"; VariantName = "[No Variations]"
Change component parameters (AddParameter): Name = "Category"; Value = "Ceramic Capacitors"; VariantName = "[No Variations]"
Change component parameters (AddParameter): Name = "China RoHS"; Value = "Compliant"; VariantName = "[No Variations]"
Change component parameters (AddParameter): Name = "ComponentLink1Description"; Value = "https://datasheet.octopart.com:443/CL21B104KBCNNNC-Samsung-Electro-Mechanics-datasheet-137745078.pdf?src-supplier=IHS"; VariantName = "[No Variations]"
Change component parameters (AddParameter): Name = "ComponentLink1URL"; Value = "https://datasheet.octopart.com:443/CL21B104KBCNNNC-Samsung-Electro-Mechanics-datasheet-137745078.pdf?src-supplier=IHS"; VariantName = "[No Variations]"
Change component parameters (AddParameter): Name = "ComponentLink2Description"; Value = "https://datasheet.octopart.com/CL21B104KBCNNNC-Samsung-Electro-Mechanics-datasheet-8324245.pdf"; VariantName = "[No Variations]"
Change component parameters (AddParameter): Name = "ComponentLink2URL"; Value = "https://datasheet.octopart.com/CL21B104KBCNNNC-Samsung-Electro-Mechanics-datasheet-8324245.pdf"; VariantName = "[No Variations]"
Change component parameters (AddParameter): Name = "ComponentLink3Description"; Value = "https://datasheet.octopart.com/CL21B104KBCNNNC-Samsung-Electro-Mechanics-datasheet-97040617.pdf"; VariantName = "[No Variations]"
Change component parameters (AddParameter): Name = "ComponentLink3URL"; Value = "https://datasheet.octopart.com/CL21B104KBCNNNC-Samsung-Electro-Mechanics-datasheet-97040617.pdf"; VariantName = "[No Variations]"
Change component parameters (AddParameter): Name = "ComponentLink4Description"; Value = "https://datasheet.octopart.com/General-Multilayer-Ceramic-Capacitors-Samsung-datasheet-family-111.pdf"; VariantName = "[No Variations]"
Change component parameters (AddParameter): Name = "ComponentLink4URL"; Value = "https://datasheet.octopart.com/General-Multilayer-Ceramic-Capacitors-Samsung-datasheet-family-111.pdf"; VariantName = "[No Variations]"
Change component parameters (AddParameter): Name = "ComponentLink5Description"; Value = "https://datasheet.octopart.com:443/CL21B104KBCNNNC-Samsung-Electro-Mechanics-datasheet-11548950.pdf?src-supplier=Future+Electronics"; VariantName = "[No Variations]"
Change component parameters (AddParameter): Name = "ComponentLink5URL"; Value = "https://datasheet.octopart.com:443/CL21B104KBCNNNC-Samsung-Electro-Mechanics-datasheet-11548950.pdf?src-supplier=Future+Electronics"; VariantName = "[No Variations]"
Change component parameters (AddParameter): Name = "ComponentLink6Description"; Value = "https://datasheet.octopart.com:443/CL21B104KBCNNNC-Samsung-Electro-Mechanics-datasheet-116891032.pdf?src-supplier=Future+Electronics"; VariantName = "[No Variations]"
Change component parameters (AddParameter): Name = "ComponentLink6URL"; Value = "https://datasheet.octopart.com:443/CL21B104KBCNNNC-Samsung-Electro-Mechanics-datasheet-116891032.pdf?src-supplier=Future+Electronics"; VariantName = "[No Variations]"
Change component parameters (AddParameter): Name = "ComponentLink7Description"; Value = "https://datasheet.octopart.com:443/CL21B104KBCNNNC-Samsung-Electro-Mechanics-datasheet-81462175.pdf?src-supplier=Future+Electronics"; VariantName = "[No Variations]"
Change component parameters (AddParameter): Name = "ComponentLink7URL"; Value = "https://datasheet.octopart.com:443/CL21B104KBCNNNC-Samsung-Electro-Mechanics-datasheet-81462175.pdf?src-supplier=Future+Electronics"; VariantName = "[No Variations]"
Change component parameters (AddParameter): Name = "ComponentLink8Description"; Value = "https://datasheet.octopart.com:443/CL21B104KBCNNNC-Samsung-datasheet-42485244.pdf?src-supplier=Future+Electronics"; VariantName = "[No Variations]"
Change component parameters (AddParameter): Name = "ComponentLink8URL"; Value = "https://datasheet.octopart.com:443/CL21B104KBCNNNC-Samsung-datasheet-42485244.pdf?src-supplier=Future+Electronics"; VariantName = "[No Variations]"
Change component parameters (AddParameter): Name = "ComponentLink9Description"; Value = "https://datasheet.octopart.com:443/CL21B104KBCNNNC-Samsung-Electro-Mechanics-datasheet-149045937.pdf?src-supplier=Future+Electronics"; VariantName = "[No Variations]"
Change component parameters (AddParameter): Name = "ComponentLink9URL"; Value = "https://datasheet.octopart.com:443/CL21B104KBCNNNC-Samsung-Electro-Mechanics-datasheet-149045937.pdf?src-supplier=Future+Electronics"; VariantName = "[No Variations]"
Change component parameters (AddParameter): Name = "ComponentLink10Description"; Value = "https://datasheet.octopart.com:443/CL21B104KBCNNNC-Samsung-datasheet-8326407.pdf?src-supplier=TME"; VariantName = "[No Variations]"
Change component parameters (AddParameter): Name = "ComponentLink10URL"; Value = "https://datasheet.octopart.com:443/CL21B104KBCNNNC-Samsung-datasheet-8326407.pdf?src-supplier=TME"; VariantName = "[No Variations]"
Change component parameters (AddParameter): Name = "ComponentLink11Description"; Value = "http://sigma.octopart.com:80/rohs_certificate/General-Multilayer-Ceramic-Capacitors-Samsung-family-110.pdf?src-supplier=Compliance+Statements"; VariantName = "[No Variations]"
Change component parameters (AddParameter): Name = "ComponentLink11URL"; Value = "http://sigma.octopart.com:80/rohs_certificate/General-Multilayer-Ceramic-Capacitors-Samsung-family-110.pdf?src-supplier=Compliance+Statements"; VariantName = "[No Variations]"
Change component parameters (AddParameter): Name = "ComponentLink12Description"; Value = "http://sigma.octopart.com:80/rohs_statement/General-Multilayer-Ceramic-Capacitors-Samsung-family-132.pdf?src-supplier=Compliance+Statements"; VariantName = "[No Variations]"
Change component parameters (AddParameter): Name = "ComponentLink12URL"; Value = "http://sigma.octopart.com:80/rohs_statement/General-Multilayer-Ceramic-Capacitors-Samsung-family-132.pdf?src-supplier=Compliance+Statements"; VariantName = "[No Variations]"
Change component parameters (AddParameter): Name = "ComponentLink13Description"; Value = "http://sigma.octopart.com:80/reach_statement/General-Multilayer-Ceramic-Capacitors-Samsung-family-133.pdf?src-supplier=Compliance+Statements"; VariantName = "[No Variations]"
Change component parameters (AddParameter): Name = "ComponentLink13URL"; Value = "http://sigma.octopart.com:80/reach_statement/General-Multilayer-Ceramic-Capacitors-Samsung-family-133.pdf?src-supplier=Compliance+Statements"; VariantName = "[No Variations]"
Change component parameters (AddParameter): Name = "Contact Plating"; Value = "Tin"; VariantName = "[No Variations]"
Change component parameters (AddParameter): Name = "Country of Origin"; Value = "Mainland China, Philippines, South Korea"; VariantName = "[No Variations]"
Change component parameters (AddParameter): Name = "Depth"; Value = "1.25mm"; VariantName = "[No Variations]"
Change component parameters (AddParameter): Name = "Dielectric"; Value = "X7R"; VariantName = "[No Variations]"
Change component parameters (AddParameter): Name = "Dielectric Material"; Value = "Ceramic"; VariantName = "[No Variations]"
Change component parameters (AddParameter): Name = "Export Control Classification Number (ECCN) Code"; Value = "EAR99"; VariantName = "[No Variations]"
Change component parameters (AddParameter): Name = "Harmonized Tariff Schedule (HTS) Code"; Value = "8532.24.00.20"; VariantName = "[No Variations]"
Change component parameters (AddParameter): Name = "Height"; Value = "950µm"; VariantName = "[No Variations]"
Change component parameters (AddParameter): Name = "Introduction Date"; Value = "2009-07-27"; VariantName = "[No Variations]"
Change component parameters (AddParameter): Name = "Lead Free"; Value = "Lead Free"; VariantName = "[No Variations]"
Change component parameters (AddParameter): Name = "Length"; Value = "2mm"; VariantName = "[No Variations]"
Change component parameters (AddParameter): Name = "Lifecycle Status"; Value = "Production"; VariantName = "[No Variations]"
Change component parameters (AddParameter): Name = "Manufacturer"; Value = "Samsung Electro-Mechanics"; VariantName = "[No Variations]"
Change component parameters (AddParameter): Name = "Manufacturer Part Number"; Value = "CL21B104KBCNNNC"; VariantName = "[No Variations]"
Change component parameters (AddParameter): Name = "Material"; Value = "Ceramic"; VariantName = "[No Variations]"
Change component parameters (AddParameter): Name = "Max Operating Temperature"; Value = "125°C"; VariantName = "[No Variations]"
Change component parameters (AddParameter): Name = "Min Operating Temperature"; Value = "-55°C"; VariantName = "[No Variations]"
Change component parameters (AddParameter): Name = "Mounting Technology"; Value = "Surface Mount"; VariantName = "[No Variations]"
Change component parameters (AddParameter): Name = "Number of Terminals"; Value = "2"; VariantName = "[No Variations]"
Change component parameters (AddParameter): Name = "Pricing"; Value = "4000=0,0059, 16000=0,0057, 60000=0,0055, 100000=0,0054, 200000=0,0052 (USD)"; VariantName = "[No Variations]"
Change component parameters (AddParameter): Name = "Radiation Hardening"; Value = "No"; VariantName = "[No Variations]"
Change component parameters (AddParameter): Name = "REACH SVHC"; Value = "Yes"; VariantName = "[No Variations]"
Change component parameters (AddParameter): Name = "RoHS"; Value = "Compliant"; VariantName = "[No Variations]"
Change component parameters (AddParameter): Name = "Schedule B"; Value = "8532240020, 8532240020|8532240020, 8532240020|8532240020|8532240020, 8532240020|8532240020|8532240020|8532240020"; VariantName = "[No Variations]"
Change component parameters (AddParameter): Name = "Stock"; Value = "6136000"; VariantName = "[No Variations]"
Change component parameters (AddParameter): Name = "Supplier"; Value = "Future Electronics"; VariantName = "[No Variations]"
Change component parameters (AddParameter): Name = "Supplier Part Number"; Value = "CL21B104KBCNNNC"; VariantName = "[No Variations]"
Change component parameters (AddParameter): Name = "Thickness"; Value = "939.8µm"; VariantName = "[No Variations]"
Change component parameters (AddParameter): Name = "Tolerance"; Value = "10%"; VariantName = "[No Variations]"
Change component parameters (AddParameter): Name = "Value"; Value = "100nF"; VariantName = "[No Variations]"
Change component parameters (AddParameter): Name = "Voltage"; Value = "50V"; VariantName = "[No Variations]"
Change component parameters (AddParameter): Name = "Voltage Rating"; Value = "50V"; VariantName = "[No Variations]"
Change component parameters (AddParameter): Name = "Voltage Rating (DC)"; Value = "50V"; VariantName = "[No Variations]"
Change component parameters (AddParameter): Name = "Width"; Value = "1.25mm"; VariantName = "[No Variations]"
Change component parameters: Designator = "C27" ("C27"); Footprint = "C0402 - IRON SOLDERING"; UniqueID = "\KYQZUSHD" ("\KYQZUSHD")
Change component parameters (AddParameter): Name = ".Mounting"; Value = "SMD"; VariantName = "[No Variations]"
Change component parameters (AddParameter): Name = ".PCBChecked"; Value = ""; VariantName = "[No Variations]"
Change component parameters (AddParameter): Name = ".SCHChecked"; Value = ""; VariantName = "[No Variations]"
Change component parameters (AddParameter): Name = "Case Code (Imperial)"; Value = "0805"; VariantName = "[No Variations]"
Change component parameters (AddParameter): Name = "Case Code (Metric)"; Value = "2012"; VariantName = "[No Variations]"
Change component parameters (AddParameter): Name = "Case/Package"; Value = "0805"; VariantName = "[No Variations]"
Change component parameters (AddParameter): Name = "Category"; Value = "Ceramic Capacitors"; VariantName = "[No Variations]"
Change component parameters (AddParameter): Name = "China RoHS"; Value = "Compliant"; VariantName = "[No Variations]"
Change component parameters (AddParameter): Name = "ComponentLink1Description"; Value = "https://datasheet.octopart.com:443/CL21B104KBCNNNC-Samsung-Electro-Mechanics-datasheet-137745078.pdf?src-supplier=IHS"; VariantName = "[No Variations]"
Change component parameters (AddParameter): Name = "ComponentLink1URL"; Value = "https://datasheet.octopart.com:443/CL21B104KBCNNNC-Samsung-Electro-Mechanics-datasheet-137745078.pdf?src-supplier=IHS"; VariantName = "[No Variations]"
Change component parameters (AddParameter): Name = "ComponentLink2Description"; Value = "https://datasheet.octopart.com/CL21B104KBCNNNC-Samsung-Electro-Mechanics-datasheet-8324245.pdf"; VariantName = "[No Variations]"
Change component parameters (AddParameter): Name = "ComponentLink2URL"; Value = "https://datasheet.octopart.com/CL21B104KBCNNNC-Samsung-Electro-Mechanics-datasheet-8324245.pdf"; VariantName = "[No Variations]"
Change component parameters (AddParameter): Name = "ComponentLink3Description"; Value = "https://datasheet.octopart.com/CL21B104KBCNNNC-Samsung-Electro-Mechanics-datasheet-97040617.pdf"; VariantName = "[No Variations]"
Change component parameters (AddParameter): Name = "ComponentLink3URL"; Value = "https://datasheet.octopart.com/CL21B104KBCNNNC-Samsung-Electro-Mechanics-datasheet-97040617.pdf"; VariantName = "[No Variations]"
Change component parameters (AddParameter): Name = "ComponentLink4Description"; Value = "https://datasheet.octopart.com/General-Multilayer-Ceramic-Capacitors-Samsung-datasheet-family-111.pdf"; VariantName = "[No Variations]"
Change component parameters (AddParameter): Name = "ComponentLink4URL"; Value = "https://datasheet.octopart.com/General-Multilayer-Ceramic-Capacitors-Samsung-datasheet-family-111.pdf"; VariantName = "[No Variations]"
Change component parameters (AddParameter): Name = "ComponentLink5Description"; Value = "https://datasheet.octopart.com:443/CL21B104KBCNNNC-Samsung-Electro-Mechanics-datasheet-11548950.pdf?src-supplier=Future+Electronics"; VariantName = "[No Variations]"
Change component parameters (AddParameter): Name = "ComponentLink5URL"; Value = "https://datasheet.octopart.com:443/CL21B104KBCNNNC-Samsung-Electro-Mechanics-datasheet-11548950.pdf?src-supplier=Future+Electronics"; VariantName = "[No Variations]"
Change component parameters (AddParameter): Name = "ComponentLink6Description"; Value = "https://datasheet.octopart.com:443/CL21B104KBCNNNC-Samsung-Electro-Mechanics-datasheet-116891032.pdf?src-supplier=Future+Electronics"; VariantName = "[No Variations]"
Change component parameters (AddParameter): Name = "ComponentLink6URL"; Value = "https://datasheet.octopart.com:443/CL21B104KBCNNNC-Samsung-Electro-Mechanics-datasheet-116891032.pdf?src-supplier=Future+Electronics"; VariantName = "[No Variations]"
Change component parameters (AddParameter): Name = "ComponentLink7Description"; Value = "https://datasheet.octopart.com:443/CL21B104KBCNNNC-Samsung-Electro-Mechanics-datasheet-81462175.pdf?src-supplier=Future+Electronics"; VariantName = "[No Variations]"
Change component parameters (AddParameter): Name = "ComponentLink7URL"; Value = "https://datasheet.octopart.com:443/CL21B104KBCNNNC-Samsung-Electro-Mechanics-datasheet-81462175.pdf?src-supplier=Future+Electronics"; VariantName = "[No Variations]"
Change component parameters (AddParameter): Name = "ComponentLink8Description"; Value = "https://datasheet.octopart.com:443/CL21B104KBCNNNC-Samsung-datasheet-42485244.pdf?src-supplier=Future+Electronics"; VariantName = "[No Variations]"
Change component parameters (AddParameter): Name = "ComponentLink8URL"; Value = "https://datasheet.octopart.com:443/CL21B104KBCNNNC-Samsung-datasheet-42485244.pdf?src-supplier=Future+Electronics"; VariantName = "[No Variations]"
Change component parameters (AddParameter): Name = "ComponentLink9Description"; Value = "https://datasheet.octopart.com:443/CL21B104KBCNNNC-Samsung-Electro-Mechanics-datasheet-149045937.pdf?src-supplier=Future+Electronics"; VariantName = "[No Variations]"
Change component parameters (AddParameter): Name = "ComponentLink9URL"; Value = "https://datasheet.octopart.com:443/CL21B104KBCNNNC-Samsung-Electro-Mechanics-datasheet-149045937.pdf?src-supplier=Future+Electronics"; VariantName = "[No Variations]"
Change component parameters (AddParameter): Name = "ComponentLink10Description"; Value = "https://datasheet.octopart.com:443/CL21B104KBCNNNC-Samsung-datasheet-8326407.pdf?src-supplier=TME"; VariantName = "[No Variations]"
Change component parameters (AddParameter): Name = "ComponentLink10URL"; Value = "https://datasheet.octopart.com:443/CL21B104KBCNNNC-Samsung-datasheet-8326407.pdf?src-supplier=TME"; VariantName = "[No Variations]"
Change component parameters (AddParameter): Name = "ComponentLink11Description"; Value = "http://sigma.octopart.com:80/rohs_certificate/General-Multilayer-Ceramic-Capacitors-Samsung-family-110.pdf?src-supplier=Compliance+Statements"; VariantName = "[No Variations]"
Change component parameters (AddParameter): Name = "ComponentLink11URL"; Value = "http://sigma.octopart.com:80/rohs_certificate/General-Multilayer-Ceramic-Capacitors-Samsung-family-110.pdf?src-supplier=Compliance+Statements"; VariantName = "[No Variations]"
Change component parameters (AddParameter): Name = "ComponentLink12Description"; Value = "http://sigma.octopart.com:80/rohs_statement/General-Multilayer-Ceramic-Capacitors-Samsung-family-132.pdf?src-supplier=Compliance+Statements"; VariantName = "[No Variations]"
Change component parameters (AddParameter): Name = "ComponentLink12URL"; Value = "http://sigma.octopart.com:80/rohs_statement/General-Multilayer-Ceramic-Capacitors-Samsung-family-132.pdf?src-supplier=Compliance+Statements"; VariantName = "[No Variations]"
Change component parameters (AddParameter): Name = "ComponentLink13Description"; Value = "http://sigma.octopart.com:80/reach_statement/General-Multilayer-Ceramic-Capacitors-Samsung-family-133.pdf?src-supplier=Compliance+Statements"; VariantName = "[No Variations]"
Change component parameters (AddParameter): Name = "ComponentLink13URL"; Value = "http://sigma.octopart.com:80/reach_statement/General-Multilayer-Ceramic-Capacitors-Samsung-family-133.pdf?src-supplier=Compliance+Statements"; VariantName = "[No Variations]"
Change component parameters (AddParameter): Name = "Contact Plating"; Value = "Tin"; VariantName = "[No Variations]"
Change component parameters (AddParameter): Name = "Country of Origin"; Value = "Mainland China, Philippines, South Korea"; VariantName = "[No Variations]"
Change component parameters (AddParameter): Name = "Depth"; Value = "1.25mm"; VariantName = "[No Variations]"
Change component parameters (AddParameter): Name = "Dielectric"; Value = "X7R"; VariantName = "[No Variations]"
Change component parameters (AddParameter): Name = "Dielectric Material"; Value = "Ceramic"; VariantName = "[No Variations]"
Change component parameters (AddParameter): Name = "Export Control Classification Number (ECCN) Code"; Value = "EAR99"; VariantName = "[No Variations]"
Change component parameters (AddParameter): Name = "Harmonized Tariff Schedule (HTS) Code"; Value = "8532.24.00.20"; VariantName = "[No Variations]"
Change component parameters (AddParameter): Name = "Height"; Value = "950µm"; VariantName = "[No Variations]"
Change component parameters (AddParameter): Name = "Introduction Date"; Value = "2009-07-27"; VariantName = "[No Variations]"
Change component parameters (AddParameter): Name = "Lead Free"; Value = "Lead Free"; VariantName = "[No Variations]"
Change component parameters (AddParameter): Name = "Length"; Value = "2mm"; VariantName = "[No Variations]"
Change component parameters (AddParameter): Name = "Lifecycle Status"; Value = "Production"; VariantName = "[No Variations]"
Change component parameters (AddParameter): Name = "Manufacturer"; Value = "Samsung Electro-Mechanics"; VariantName = "[No Variations]"
Change component parameters (AddParameter): Name = "Manufacturer Part Number"; Value = "CL21B104KBCNNNC"; VariantName = "[No Variations]"
Change component parameters (AddParameter): Name = "Material"; Value = "Ceramic"; VariantName = "[No Variations]"
Change component parameters (AddParameter): Name = "Max Operating Temperature"; Value = "125°C"; VariantName = "[No Variations]"
Change component parameters (AddParameter): Name = "Min Operating Temperature"; Value = "-55°C"; VariantName = "[No Variations]"
Change component parameters (AddParameter): Name = "Mounting Technology"; Value = "Surface Mount"; VariantName = "[No Variations]"
Change component parameters (AddParameter): Name = "Number of Terminals"; Value = "2"; VariantName = "[No Variations]"
Change component parameters (AddParameter): Name = "Pricing"; Value = "4000=0,0059, 16000=0,0057, 60000=0,0055, 100000=0,0054, 200000=0,0052 (USD)"; VariantName = "[No Variations]"
Change component parameters (AddParameter): Name = "Radiation Hardening"; Value = "No"; VariantName = "[No Variations]"
Change component parameters (AddParameter): Name = "REACH SVHC"; Value = "Yes"; VariantName = "[No Variations]"
Change component parameters (AddParameter): Name = "RoHS"; Value = "Compliant"; VariantName = "[No Variations]"
Change component parameters (AddParameter): Name = "Schedule B"; Value = "8532240020, 8532240020|8532240020, 8532240020|8532240020|8532240020, 8532240020|8532240020|8532240020|8532240020"; VariantName = "[No Variations]"
Change component parameters (AddParameter): Name = "Stock"; Value = "6136000"; VariantName = "[No Variations]"
Change component parameters (AddParameter): Name = "Supplier"; Value = "Future Electronics"; VariantName = "[No Variations]"
Change component parameters (AddParameter): Name = "Supplier Part Number"; Value = "CL21B104KBCNNNC"; VariantName = "[No Variations]"
Change component parameters (AddParameter): Name = "Thickness"; Value = "939.8µm"; VariantName = "[No Variations]"
Change component parameters (AddParameter): Name = "Tolerance"; Value = "10%"; VariantName = "[No Variations]"
Change component parameters (AddParameter): Name = "Value"; Value = "100nF"; VariantName = "[No Variations]"
Change component parameters (AddParameter): Name = "Voltage"; Value = "50V"; VariantName = "[No Variations]"
Change component parameters (AddParameter): Name = "Voltage Rating"; Value = "50V"; VariantName = "[No Variations]"
Change component parameters (AddParameter): Name = "Voltage Rating (DC)"; Value = "50V"; VariantName = "[No Variations]"
Change component parameters (AddParameter): Name = "Width"; Value = "1.25mm"; VariantName = "[No Variations]"
Change component parameters: Designator = "C28" ("C28"); Footprint = "C0402 - IRON SOLDERING"; UniqueID = "\RQKLSSTI" ("\RQKLSSTI")
Change component parameters (AddParameter): Name = ".Mounting"; Value = "SMD"; VariantName = "[No Variations]"
Change component parameters (AddParameter): Name = ".PCBChecked"; Value = ""; VariantName = "[No Variations]"
Change component parameters (AddParameter): Name = ".SCHChecked"; Value = ""; VariantName = "[No Variations]"
Change component parameters (AddParameter): Name = "Case Code (Imperial)"; Value = "0805"; VariantName = "[No Variations]"
Change component parameters (AddParameter): Name = "Case Code (Metric)"; Value = "2012"; VariantName = "[No Variations]"
Change component parameters (AddParameter): Name = "Case/Package"; Value = "0805"; VariantName = "[No Variations]"
Change component parameters (AddParameter): Name = "Category"; Value = "Ceramic Capacitors"; VariantName = "[No Variations]"
Change component parameters (AddParameter): Name = "China RoHS"; Value = "Compliant"; VariantName = "[No Variations]"
Change component parameters (AddParameter): Name = "ComponentLink1Description"; Value = "https://datasheet.octopart.com:443/CL21B104KBCNNNC-Samsung-Electro-Mechanics-datasheet-137745078.pdf?src-supplier=IHS"; VariantName = "[No Variations]"
Change component parameters (AddParameter): Name = "ComponentLink1URL"; Value = "https://datasheet.octopart.com:443/CL21B104KBCNNNC-Samsung-Electro-Mechanics-datasheet-137745078.pdf?src-supplier=IHS"; VariantName = "[No Variations]"
Change component parameters (AddParameter): Name = "ComponentLink2Description"; Value = "https://datasheet.octopart.com/CL21B104KBCNNNC-Samsung-Electro-Mechanics-datasheet-8324245.pdf"; VariantName = "[No Variations]"
Change component parameters (AddParameter): Name = "ComponentLink2URL"; Value = "https://datasheet.octopart.com/CL21B104KBCNNNC-Samsung-Electro-Mechanics-datasheet-8324245.pdf"; VariantName = "[No Variations]"
Change component parameters (AddParameter): Name = "ComponentLink3Description"; Value = "https://datasheet.octopart.com/CL21B104KBCNNNC-Samsung-Electro-Mechanics-datasheet-97040617.pdf"; VariantName = "[No Variations]"
Change component parameters (AddParameter): Name = "ComponentLink3URL"; Value = "https://datasheet.octopart.com/CL21B104KBCNNNC-Samsung-Electro-Mechanics-datasheet-97040617.pdf"; VariantName = "[No Variations]"
Change component parameters (AddParameter): Name = "ComponentLink4Description"; Value = "https://datasheet.octopart.com/General-Multilayer-Ceramic-Capacitors-Samsung-datasheet-family-111.pdf"; VariantName = "[No Variations]"
Change component parameters (AddParameter): Name = "ComponentLink4URL"; Value = "https://datasheet.octopart.com/General-Multilayer-Ceramic-Capacitors-Samsung-datasheet-family-111.pdf"; VariantName = "[No Variations]"
Change component parameters (AddParameter): Name = "ComponentLink5Description"; Value = "https://datasheet.octopart.com:443/CL21B104KBCNNNC-Samsung-Electro-Mechanics-datasheet-11548950.pdf?src-supplier=Future+Electronics"; VariantName = "[No Variations]"
Change component parameters (AddParameter): Name = "ComponentLink5URL"; Value = "https://datasheet.octopart.com:443/CL21B104KBCNNNC-Samsung-Electro-Mechanics-datasheet-11548950.pdf?src-supplier=Future+Electronics"; VariantName = "[No Variations]"
Change component parameters (AddParameter): Name = "ComponentLink6Description"; Value = "https://datasheet.octopart.com:443/CL21B104KBCNNNC-Samsung-Electro-Mechanics-datasheet-116891032.pdf?src-supplier=Future+Electronics"; VariantName = "[No Variations]"
Change component parameters (AddParameter): Name = "ComponentLink6URL"; Value = "https://datasheet.octopart.com:443/CL21B104KBCNNNC-Samsung-Electro-Mechanics-datasheet-116891032.pdf?src-supplier=Future+Electronics"; VariantName = "[No Variations]"
Change component parameters (AddParameter): Name = "ComponentLink7Description"; Value = "https://datasheet.octopart.com:443/CL21B104KBCNNNC-Samsung-Electro-Mechanics-datasheet-81462175.pdf?src-supplier=Future+Electronics"; VariantName = "[No Variations]"
Change component parameters (AddParameter): Name = "ComponentLink7URL"; Value = "https://datasheet.octopart.com:443/CL21B104KBCNNNC-Samsung-Electro-Mechanics-datasheet-81462175.pdf?src-supplier=Future+Electronics"; VariantName = "[No Variations]"
Change component parameters (AddParameter): Name = "ComponentLink8Description"; Value = "https://datasheet.octopart.com:443/CL21B104KBCNNNC-Samsung-datasheet-42485244.pdf?src-supplier=Future+Electronics"; VariantName = "[No Variations]"
Change component parameters (AddParameter): Name = "ComponentLink8URL"; Value = "https://datasheet.octopart.com:443/CL21B104KBCNNNC-Samsung-datasheet-42485244.pdf?src-supplier=Future+Electronics"; VariantName = "[No Variations]"
Change component parameters (AddParameter): Name = "ComponentLink9Description"; Value = "https://datasheet.octopart.com:443/CL21B104KBCNNNC-Samsung-Electro-Mechanics-datasheet-149045937.pdf?src-supplier=Future+Electronics"; VariantName = "[No Variations]"
Change component parameters (AddParameter): Name = "ComponentLink9URL"; Value = "https://datasheet.octopart.com:443/CL21B104KBCNNNC-Samsung-Electro-Mechanics-datasheet-149045937.pdf?src-supplier=Future+Electronics"; VariantName = "[No Variations]"
Change component parameters (AddParameter): Name = "ComponentLink10Description"; Value = "https://datasheet.octopart.com:443/CL21B104KBCNNNC-Samsung-datasheet-8326407.pdf?src-supplier=TME"; VariantName = "[No Variations]"
Change component parameters (AddParameter): Name = "ComponentLink10URL"; Value = "https://datasheet.octopart.com:443/CL21B104KBCNNNC-Samsung-datasheet-8326407.pdf?src-supplier=TME"; VariantName = "[No Variations]"
Change component parameters (AddParameter): Name = "ComponentLink11Description"; Value = "http://sigma.octopart.com:80/rohs_certificate/General-Multilayer-Ceramic-Capacitors-Samsung-family-110.pdf?src-supplier=Compliance+Statements"; VariantName = "[No Variations]"
Change component parameters (AddParameter): Name = "ComponentLink11URL"; Value = "http://sigma.octopart.com:80/rohs_certificate/General-Multilayer-Ceramic-Capacitors-Samsung-family-110.pdf?src-supplier=Compliance+Statements"; VariantName = "[No Variations]"
Change component parameters (AddParameter): Name = "ComponentLink12Description"; Value = "http://sigma.octopart.com:80/rohs_statement/General-Multilayer-Ceramic-Capacitors-Samsung-family-132.pdf?src-supplier=Compliance+Statements"; VariantName = "[No Variations]"
Change component parameters (AddParameter): Name = "ComponentLink12URL"; Value = "http://sigma.octopart.com:80/rohs_statement/General-Multilayer-Ceramic-Capacitors-Samsung-family-132.pdf?src-supplier=Compliance+Statements"; VariantName = "[No Variations]"
Change component parameters (AddParameter): Name = "ComponentLink13Description"; Value = "http://sigma.octopart.com:80/reach_statement/General-Multilayer-Ceramic-Capacitors-Samsung-family-133.pdf?src-supplier=Compliance+Statements"; VariantName = "[No Variations]"
Change component parameters (AddParameter): Name = "ComponentLink13URL"; Value = "http://sigma.octopart.com:80/reach_statement/General-Multilayer-Ceramic-Capacitors-Samsung-family-133.pdf?src-supplier=Compliance+Statements"; VariantName = "[No Variations]"
Change component parameters (AddParameter): Name = "Contact Plating"; Value = "Tin"; VariantName = "[No Variations]"
Change component parameters (AddParameter): Name = "Country of Origin"; Value = "Mainland China, Philippines, South Korea"; VariantName = "[No Variations]"
Change component parameters (AddParameter): Name = "Depth"; Value = "1.25mm"; VariantName = "[No Variations]"
Change component parameters (AddParameter): Name = "Dielectric"; Value = "X7R"; VariantName = "[No Variations]"
Change component parameters (AddParameter): Name = "Dielectric Material"; Value = "Ceramic"; VariantName = "[No Variations]"
Change component parameters (AddParameter): Name = "Export Control Classification Number (ECCN) Code"; Value = "EAR99"; VariantName = "[No Variations]"
Change component parameters (AddParameter): Name = "Harmonized Tariff Schedule (HTS) Code"; Value = "8532.24.00.20"; VariantName = "[No Variations]"
Change component parameters (AddParameter): Name = "Height"; Value = "950µm"; VariantName = "[No Variations]"
Change component parameters (AddParameter): Name = "Introduction Date"; Value = "2009-07-27"; VariantName = "[No Variations]"
Change component parameters (AddParameter): Name = "Lead Free"; Value = "Lead Free"; VariantName = "[No Variations]"
Change component parameters (AddParameter): Name = "Length"; Value = "2mm"; VariantName = "[No Variations]"
Change component parameters (AddParameter): Name = "Lifecycle Status"; Value = "Production"; VariantName = "[No Variations]"
Change component parameters (AddParameter): Name = "Manufacturer"; Value = "Samsung Electro-Mechanics"; VariantName = "[No Variations]"
Change component parameters (AddParameter): Name = "Manufacturer Part Number"; Value = "CL21B104KBCNNNC"; VariantName = "[No Variations]"
Change component parameters (AddParameter): Name = "Material"; Value = "Ceramic"; VariantName = "[No Variations]"
Change component parameters (AddParameter): Name = "Max Operating Temperature"; Value = "125°C"; VariantName = "[No Variations]"
Change component parameters (AddParameter): Name = "Min Operating Temperature"; Value = "-55°C"; VariantName = "[No Variations]"
Change component parameters (AddParameter): Name = "Mounting Technology"; Value = "Surface Mount"; VariantName = "[No Variations]"
Change component parameters (AddParameter): Name = "Number of Terminals"; Value = "2"; VariantName = "[No Variations]"
Change component parameters (AddParameter): Name = "Pricing"; Value = "4000=0,0059, 16000=0,0057, 60000=0,0055, 100000=0,0054, 200000=0,0052 (USD)"; VariantName = "[No Variations]"
Change component parameters (AddParameter): Name = "Radiation Hardening"; Value = "No"; VariantName = "[No Variations]"
Change component parameters (AddParameter): Name = "REACH SVHC"; Value = "Yes"; VariantName = "[No Variations]"
Change component parameters (AddParameter): Name = "RoHS"; Value = "Compliant"; VariantName = "[No Variations]"
Change component parameters (AddParameter): Name = "Schedule B"; Value = "8532240020, 8532240020|8532240020, 8532240020|8532240020|8532240020, 8532240020|8532240020|8532240020|8532240020"; VariantName = "[No Variations]"
Change component parameters (AddParameter): Name = "Stock"; Value = "6136000"; VariantName = "[No Variations]"
Change component parameters (AddParameter): Name = "Supplier"; Value = "Future Electronics"; VariantName = "[No Variations]"
Change component parameters (AddParameter): Name = "Supplier Part Number"; Value = "CL21B104KBCNNNC"; VariantName = "[No Variations]"
Change component parameters (AddParameter): Name = "Thickness"; Value = "939.8µm"; VariantName = "[No Variations]"
Change component parameters (AddParameter): Name = "Tolerance"; Value = "10%"; VariantName = "[No Variations]"
Change component parameters (AddParameter): Name = "Value"; Value = "100nF"; VariantName = "[No Variations]"
Change component parameters (AddParameter): Name = "Voltage"; Value = "50V"; VariantName = "[No Variations]"
Change component parameters (AddParameter): Name = "Voltage Rating"; Value = "50V"; VariantName = "[No Variations]"
Change component parameters (AddParameter): Name = "Voltage Rating (DC)"; Value = "50V"; VariantName = "[No Variations]"
Change component parameters (AddParameter): Name = "Width"; Value = "1.25mm"; VariantName = "[No Variations]"
Change component parameters: Designator = "C29" ("C29"); Footprint = "C0402 - IRON SOLDERING"; UniqueID = "\VSAZKQBD" ("\VSAZKQBD")
Change component parameters (AddParameter): Name = ".Mounting"; Value = "SMD"; VariantName = "[No Variations]"
Change component parameters (AddParameter): Name = ".PCBChecked"; Value = ""; VariantName = "[No Variations]"
Change component parameters (AddParameter): Name = ".SCHChecked"; Value = ""; VariantName = "[No Variations]"
Change component parameters (AddParameter): Name = "Case Code (Imperial)"; Value = "0805"; VariantName = "[No Variations]"
Change component parameters (AddParameter): Name = "Case Code (Metric)"; Value = "2012"; VariantName = "[No Variations]"
Change component parameters (AddParameter): Name = "Case/Package"; Value = "0805"; VariantName = "[No Variations]"
Change component parameters (AddParameter): Name = "Category"; Value = "Ceramic Capacitors"; VariantName = "[No Variations]"
Change component parameters (AddParameter): Name = "China RoHS"; Value = "Compliant"; VariantName = "[No Variations]"
Change component parameters (AddParameter): Name = "ComponentLink1Description"; Value = "https://datasheet.octopart.com:443/CL21B104KBCNNNC-Samsung-Electro-Mechanics-datasheet-137745078.pdf?src-supplier=IHS"; VariantName = "[No Variations]"
Change component parameters (AddParameter): Name = "ComponentLink1URL"; Value = "https://datasheet.octopart.com:443/CL21B104KBCNNNC-Samsung-Electro-Mechanics-datasheet-137745078.pdf?src-supplier=IHS"; VariantName = "[No Variations]"
Change component parameters (AddParameter): Name = "ComponentLink2Description"; Value = "https://datasheet.octopart.com/CL21B104KBCNNNC-Samsung-Electro-Mechanics-datasheet-8324245.pdf"; VariantName = "[No Variations]"
Change component parameters (AddParameter): Name = "ComponentLink2URL"; Value = "https://datasheet.octopart.com/CL21B104KBCNNNC-Samsung-Electro-Mechanics-datasheet-8324245.pdf"; VariantName = "[No Variations]"
Change component parameters (AddParameter): Name = "ComponentLink3Description"; Value = "https://datasheet.octopart.com/CL21B104KBCNNNC-Samsung-Electro-Mechanics-datasheet-97040617.pdf"; VariantName = "[No Variations]"
Change component parameters (AddParameter): Name = "ComponentLink3URL"; Value = "https://datasheet.octopart.com/CL21B104KBCNNNC-Samsung-Electro-Mechanics-datasheet-97040617.pdf"; VariantName = "[No Variations]"
Change component parameters (AddParameter): Name = "ComponentLink4Description"; Value = "https://datasheet.octopart.com/General-Multilayer-Ceramic-Capacitors-Samsung-datasheet-family-111.pdf"; VariantName = "[No Variations]"
Change component parameters (AddParameter): Name = "ComponentLink4URL"; Value = "https://datasheet.octopart.com/General-Multilayer-Ceramic-Capacitors-Samsung-datasheet-family-111.pdf"; VariantName = "[No Variations]"
Change component parameters (AddParameter): Name = "ComponentLink5Description"; Value = "https://datasheet.octopart.com:443/CL21B104KBCNNNC-Samsung-Electro-Mechanics-datasheet-11548950.pdf?src-supplier=Future+Electronics"; VariantName = "[No Variations]"
Change component parameters (AddParameter): Name = "ComponentLink5URL"; Value = "https://datasheet.octopart.com:443/CL21B104KBCNNNC-Samsung-Electro-Mechanics-datasheet-11548950.pdf?src-supplier=Future+Electronics"; VariantName = "[No Variations]"
Change component parameters (AddParameter): Name = "ComponentLink6Description"; Value = "https://datasheet.octopart.com:443/CL21B104KBCNNNC-Samsung-Electro-Mechanics-datasheet-116891032.pdf?src-supplier=Future+Electronics"; VariantName = "[No Variations]"
Change component parameters (AddParameter): Name = "ComponentLink6URL"; Value = "https://datasheet.octopart.com:443/CL21B104KBCNNNC-Samsung-Electro-Mechanics-datasheet-116891032.pdf?src-supplier=Future+Electronics"; VariantName = "[No Variations]"
Change component parameters (AddParameter): Name = "ComponentLink7Description"; Value = "https://datasheet.octopart.com:443/CL21B104KBCNNNC-Samsung-Electro-Mechanics-datasheet-81462175.pdf?src-supplier=Future+Electronics"; VariantName = "[No Variations]"
Change component parameters (AddParameter): Name = "ComponentLink7URL"; Value = "https://datasheet.octopart.com:443/CL21B104KBCNNNC-Samsung-Electro-Mechanics-datasheet-81462175.pdf?src-supplier=Future+Electronics"; VariantName = "[No Variations]"
Change component parameters (AddParameter): Name = "ComponentLink8Description"; Value = "https://datasheet.octopart.com:443/CL21B104KBCNNNC-Samsung-datasheet-42485244.pdf?src-supplier=Future+Electronics"; VariantName = "[No Variations]"
Change component parameters (AddParameter): Name = "ComponentLink8URL"; Value = "https://datasheet.octopart.com:443/CL21B104KBCNNNC-Samsung-datasheet-42485244.pdf?src-supplier=Future+Electronics"; VariantName = "[No Variations]"
Change component parameters (AddParameter): Name = "ComponentLink9Description"; Value = "https://datasheet.octopart.com:443/CL21B104KBCNNNC-Samsung-Electro-Mechanics-datasheet-149045937.pdf?src-supplier=Future+Electronics"; VariantName = "[No Variations]"
Change component parameters (AddParameter): Name = "ComponentLink9URL"; Value = "https://datasheet.octopart.com:443/CL21B104KBCNNNC-Samsung-Electro-Mechanics-datasheet-149045937.pdf?src-supplier=Future+Electronics"; VariantName = "[No Variations]"
Change component parameters (AddParameter): Name = "ComponentLink10Description"; Value = "https://datasheet.octopart.com:443/CL21B104KBCNNNC-Samsung-datasheet-8326407.pdf?src-supplier=TME"; VariantName = "[No Variations]"
Change component parameters (AddParameter): Name = "ComponentLink10URL"; Value = "https://datasheet.octopart.com:443/CL21B104KBCNNNC-Samsung-datasheet-8326407.pdf?src-supplier=TME"; VariantName = "[No Variations]"
Change component parameters (AddParameter): Name = "ComponentLink11Description"; Value = "http://sigma.octopart.com:80/rohs_certificate/General-Multilayer-Ceramic-Capacitors-Samsung-family-110.pdf?src-supplier=Compliance+Statements"; VariantName = "[No Variations]"
Change component parameters (AddParameter): Name = "ComponentLink11URL"; Value = "http://sigma.octopart.com:80/rohs_certificate/General-Multilayer-Ceramic-Capacitors-Samsung-family-110.pdf?src-supplier=Compliance+Statements"; VariantName = "[No Variations]"
Change component parameters (AddParameter): Name = "ComponentLink12Description"; Value = "http://sigma.octopart.com:80/rohs_statement/General-Multilayer-Ceramic-Capacitors-Samsung-family-132.pdf?src-supplier=Compliance+Statements"; VariantName = "[No Variations]"
Change component parameters (AddParameter): Name = "ComponentLink12URL"; Value = "http://sigma.octopart.com:80/rohs_statement/General-Multilayer-Ceramic-Capacitors-Samsung-family-132.pdf?src-supplier=Compliance+Statements"; VariantName = "[No Variations]"
Change component parameters (AddParameter): Name = "ComponentLink13Description"; Value = "http://sigma.octopart.com:80/reach_statement/General-Multilayer-Ceramic-Capacitors-Samsung-family-133.pdf?src-supplier=Compliance+Statements"; VariantName = "[No Variations]"
Change component parameters (AddParameter): Name = "ComponentLink13URL"; Value = "http://sigma.octopart.com:80/reach_statement/General-Multilayer-Ceramic-Capacitors-Samsung-family-133.pdf?src-supplier=Compliance+Statements"; VariantName = "[No Variations]"
Change component parameters (AddParameter): Name = "Contact Plating"; Value = "Tin"; VariantName = "[No Variations]"
Change component parameters (AddParameter): Name = "Country of Origin"; Value = "Mainland China, Philippines, South Korea"; VariantName = "[No Variations]"
Change component parameters (AddParameter): Name = "Depth"; Value = "1.25mm"; VariantName = "[No Variations]"
Change component parameters (AddParameter): Name = "Dielectric"; Value = "X7R"; VariantName = "[No Variations]"
Change component parameters (AddParameter): Name = "Dielectric Material"; Value = "Ceramic"; VariantName = "[No Variations]"
Change component parameters (AddParameter): Name = "Export Control Classification Number (ECCN) Code"; Value = "EAR99"; VariantName = "[No Variations]"
Change component parameters (AddParameter): Name = "Harmonized Tariff Schedule (HTS) Code"; Value = "8532.24.00.20"; VariantName = "[No Variations]"
Change component parameters (AddParameter): Name = "Height"; Value = "950µm"; VariantName = "[No Variations]"
Change component parameters (AddParameter): Name = "Introduction Date"; Value = "2009-07-27"; VariantName = "[No Variations]"
Change component parameters (AddParameter): Name = "Lead Free"; Value = "Lead Free"; VariantName = "[No Variations]"
Change component parameters (AddParameter): Name = "Length"; Value = "2mm"; VariantName = "[No Variations]"
Change component parameters (AddParameter): Name = "Lifecycle Status"; Value = "Production"; VariantName = "[No Variations]"
Change component parameters (AddParameter): Name = "Manufacturer"; Value = "Samsung Electro-Mechanics"; VariantName = "[No Variations]"
Change component parameters (AddParameter): Name = "Manufacturer Part Number"; Value = "CL21B104KBCNNNC"; VariantName = "[No Variations]"
Change component parameters (AddParameter): Name = "Material"; Value = "Ceramic"; VariantName = "[No Variations]"
Change component parameters (AddParameter): Name = "Max Operating Temperature"; Value = "125°C"; VariantName = "[No Variations]"
Change component parameters (AddParameter): Name = "Min Operating Temperature"; Value = "-55°C"; VariantName = "[No Variations]"
Change component parameters (AddParameter): Name = "Mounting Technology"; Value = "Surface Mount"; VariantName = "[No Variations]"
Change component parameters (AddParameter): Name = "Number of Terminals"; Value = "2"; VariantName = "[No Variations]"
Change component parameters (AddParameter): Name = "Pricing"; Value = "4000=0,0059, 16000=0,0057, 60000=0,0055, 100000=0,0054, 200000=0,0052 (USD)"; VariantName = "[No Variations]"
Change component parameters (AddParameter): Name = "Radiation Hardening"; Value = "No"; VariantName = "[No Variations]"
Change component parameters (AddParameter): Name = "REACH SVHC"; Value = "Yes"; VariantName = "[No Variations]"
Change component parameters (AddParameter): Name = "RoHS"; Value = "Compliant"; VariantName = "[No Variations]"
Change component parameters (AddParameter): Name = "Schedule B"; Value = "8532240020, 8532240020|8532240020, 8532240020|8532240020|8532240020, 8532240020|8532240020|8532240020|8532240020"; VariantName = "[No Variations]"
Change component parameters (AddParameter): Name = "Stock"; Value = "6136000"; VariantName = "[No Variations]"
Change component parameters (AddParameter): Name = "Supplier"; Value = "Future Electronics"; VariantName = "[No Variations]"
Change component parameters (AddParameter): Name = "Supplier Part Number"; Value = "CL21B104KBCNNNC"; VariantName = "[No Variations]"
Change component parameters (AddParameter): Name = "Thickness"; Value = "939.8µm"; VariantName = "[No Variations]"
Change component parameters (AddParameter): Name = "Tolerance"; Value = "10%"; VariantName = "[No Variations]"
Change component parameters (AddParameter): Name = "Value"; Value = "100nF"; VariantName = "[No Variations]"
Change component parameters (AddParameter): Name = "Voltage"; Value = "50V"; VariantName = "[No Variations]"
Change component parameters (AddParameter): Name = "Voltage Rating"; Value = "50V"; VariantName = "[No Variations]"
Change component parameters (AddParameter): Name = "Voltage Rating (DC)"; Value = "50V"; VariantName = "[No Variations]"
Change component parameters (AddParameter): Name = "Width"; Value = "1.25mm"; VariantName = "[No Variations]"
Change component parameters: Designator = "C30" ("C30"); Footprint = "C0402 - IRON SOLDERING"; UniqueID = "\AQZJRNYQ" ("\AQZJRNYQ")
Change component parameters (AddParameter): Name = ".Mounting"; Value = "SMD"; VariantName = "[No Variations]"
Change component parameters (AddParameter): Name = ".PCBChecked"; Value = ""; VariantName = "[No Variations]"
Change component parameters (AddParameter): Name = ".SCHChecked"; Value = ""; VariantName = "[No Variations]"
Change component parameters (AddParameter): Name = "Case Code (Imperial)"; Value = "0805"; VariantName = "[No Variations]"
Change component parameters (AddParameter): Name = "Case Code (Metric)"; Value = "2012"; VariantName = "[No Variations]"
Change component parameters (AddParameter): Name = "Case/Package"; Value = "0805"; VariantName = "[No Variations]"
Change component parameters (AddParameter): Name = "Category"; Value = "Ceramic Capacitors"; VariantName = "[No Variations]"
Change component parameters (AddParameter): Name = "China RoHS"; Value = "Compliant"; VariantName = "[No Variations]"
Change component parameters (AddParameter): Name = "ComponentLink1Description"; Value = "https://datasheet.octopart.com:443/CL21B104KBCNNNC-Samsung-Electro-Mechanics-datasheet-137745078.pdf?src-supplier=IHS"; VariantName = "[No Variations]"
Change component parameters (AddParameter): Name = "ComponentLink1URL"; Value = "https://datasheet.octopart.com:443/CL21B104KBCNNNC-Samsung-Electro-Mechanics-datasheet-137745078.pdf?src-supplier=IHS"; VariantName = "[No Variations]"
Change component parameters (AddParameter): Name = "ComponentLink2Description"; Value = "https://datasheet.octopart.com/CL21B104KBCNNNC-Samsung-Electro-Mechanics-datasheet-8324245.pdf"; VariantName = "[No Variations]"
Change component parameters (AddParameter): Name = "ComponentLink2URL"; Value = "https://datasheet.octopart.com/CL21B104KBCNNNC-Samsung-Electro-Mechanics-datasheet-8324245.pdf"; VariantName = "[No Variations]"
Change component parameters (AddParameter): Name = "ComponentLink3Description"; Value = "https://datasheet.octopart.com/CL21B104KBCNNNC-Samsung-Electro-Mechanics-datasheet-97040617.pdf"; VariantName = "[No Variations]"
Change component parameters (AddParameter): Name = "ComponentLink3URL"; Value = "https://datasheet.octopart.com/CL21B104KBCNNNC-Samsung-Electro-Mechanics-datasheet-97040617.pdf"; VariantName = "[No Variations]"
Change component parameters (AddParameter): Name = "ComponentLink4Description"; Value = "https://datasheet.octopart.com/General-Multilayer-Ceramic-Capacitors-Samsung-datasheet-family-111.pdf"; VariantName = "[No Variations]"
Change component parameters (AddParameter): Name = "ComponentLink4URL"; Value = "https://datasheet.octopart.com/General-Multilayer-Ceramic-Capacitors-Samsung-datasheet-family-111.pdf"; VariantName = "[No Variations]"
Change component parameters (AddParameter): Name = "ComponentLink5Description"; Value = "https://datasheet.octopart.com:443/CL21B104KBCNNNC-Samsung-Electro-Mechanics-datasheet-11548950.pdf?src-supplier=Future+Electronics"; VariantName = "[No Variations]"
Change component parameters (AddParameter): Name = "ComponentLink5URL"; Value = "https://datasheet.octopart.com:443/CL21B104KBCNNNC-Samsung-Electro-Mechanics-datasheet-11548950.pdf?src-supplier=Future+Electronics"; VariantName = "[No Variations]"
Change component parameters (AddParameter): Name = "ComponentLink6Description"; Value = "https://datasheet.octopart.com:443/CL21B104KBCNNNC-Samsung-Electro-Mechanics-datasheet-116891032.pdf?src-supplier=Future+Electronics"; VariantName = "[No Variations]"
Change component parameters (AddParameter): Name = "ComponentLink6URL"; Value = "https://datasheet.octopart.com:443/CL21B104KBCNNNC-Samsung-Electro-Mechanics-datasheet-116891032.pdf?src-supplier=Future+Electronics"; VariantName = "[No Variations]"
Change component parameters (AddParameter): Name = "ComponentLink7Description"; Value = "https://datasheet.octopart.com:443/CL21B104KBCNNNC-Samsung-Electro-Mechanics-datasheet-81462175.pdf?src-supplier=Future+Electronics"; VariantName = "[No Variations]"
Change component parameters (AddParameter): Name = "ComponentLink7URL"; Value = "https://datasheet.octopart.com:443/CL21B104KBCNNNC-Samsung-Electro-Mechanics-datasheet-81462175.pdf?src-supplier=Future+Electronics"; VariantName = "[No Variations]"
Change component parameters (AddParameter): Name = "ComponentLink8Description"; Value = "https://datasheet.octopart.com:443/CL21B104KBCNNNC-Samsung-datasheet-42485244.pdf?src-supplier=Future+Electronics"; VariantName = "[No Variations]"
Change component parameters (AddParameter): Name = "ComponentLink8URL"; Value = "https://datasheet.octopart.com:443/CL21B104KBCNNNC-Samsung-datasheet-42485244.pdf?src-supplier=Future+Electronics"; VariantName = "[No Variations]"
Change component parameters (AddParameter): Name = "ComponentLink9Description"; Value = "https://datasheet.octopart.com:443/CL21B104KBCNNNC-Samsung-Electro-Mechanics-datasheet-149045937.pdf?src-supplier=Future+Electronics"; VariantName = "[No Variations]"
Change component parameters (AddParameter): Name = "ComponentLink9URL"; Value = "https://datasheet.octopart.com:443/CL21B104KBCNNNC-Samsung-Electro-Mechanics-datasheet-149045937.pdf?src-supplier=Future+Electronics"; VariantName = "[No Variations]"
Change component parameters (AddParameter): Name = "ComponentLink10Description"; Value = "https://datasheet.octopart.com:443/CL21B104KBCNNNC-Samsung-datasheet-8326407.pdf?src-supplier=TME"; VariantName = "[No Variations]"
Change component parameters (AddParameter): Name = "ComponentLink10URL"; Value = "https://datasheet.octopart.com:443/CL21B104KBCNNNC-Samsung-datasheet-8326407.pdf?src-supplier=TME"; VariantName = "[No Variations]"
Change component parameters (AddParameter): Name = "ComponentLink11Description"; Value = "http://sigma.octopart.com:80/rohs_certificate/General-Multilayer-Ceramic-Capacitors-Samsung-family-110.pdf?src-supplier=Compliance+Statements"; VariantName = "[No Variations]"
Change component parameters (AddParameter): Name = "ComponentLink11URL"; Value = "http://sigma.octopart.com:80/rohs_certificate/General-Multilayer-Ceramic-Capacitors-Samsung-family-110.pdf?src-supplier=Compliance+Statements"; VariantName = "[No Variations]"
Change component parameters (AddParameter): Name = "ComponentLink12Description"; Value = "http://sigma.octopart.com:80/rohs_statement/General-Multilayer-Ceramic-Capacitors-Samsung-family-132.pdf?src-supplier=Compliance+Statements"; VariantName = "[No Variations]"
Change component parameters (AddParameter): Name = "ComponentLink12URL"; Value = "http://sigma.octopart.com:80/rohs_statement/General-Multilayer-Ceramic-Capacitors-Samsung-family-132.pdf?src-supplier=Compliance+Statements"; VariantName = "[No Variations]"
Change component parameters (AddParameter): Name = "ComponentLink13Description"; Value = "http://sigma.octopart.com:80/reach_statement/General-Multilayer-Ceramic-Capacitors-Samsung-family-133.pdf?src-supplier=Compliance+Statements"; VariantName = "[No Variations]"
Change component parameters (AddParameter): Name = "ComponentLink13URL"; Value = "http://sigma.octopart.com:80/reach_statement/General-Multilayer-Ceramic-Capacitors-Samsung-family-133.pdf?src-supplier=Compliance+Statements"; VariantName = "[No Variations]"
Change component parameters (AddParameter): Name = "Contact Plating"; Value = "Tin"; VariantName = "[No Variations]"
Change component parameters (AddParameter): Name = "Country of Origin"; Value = "Mainland China, Philippines, South Korea"; VariantName = "[No Variations]"
Change component parameters (AddParameter): Name = "Depth"; Value = "1.25mm"; VariantName = "[No Variations]"
Change component parameters (AddParameter): Name = "Dielectric"; Value = "X7R"; VariantName = "[No Variations]"
Change component parameters (AddParameter): Name = "Dielectric Material"; Value = "Ceramic"; VariantName = "[No Variations]"
Change component parameters (AddParameter): Name = "Export Control Classification Number (ECCN) Code"; Value = "EAR99"; VariantName = "[No Variations]"
Change component parameters (AddParameter): Name = "Harmonized Tariff Schedule (HTS) Code"; Value = "8532.24.00.20"; VariantName = "[No Variations]"
Change component parameters (AddParameter): Name = "Height"; Value = "950µm"; VariantName = "[No Variations]"
Change component parameters (AddParameter): Name = "Introduction Date"; Value = "2009-07-27"; VariantName = "[No Variations]"
Change component parameters (AddParameter): Name = "Lead Free"; Value = "Lead Free"; VariantName = "[No Variations]"
Change component parameters (AddParameter): Name = "Length"; Value = "2mm"; VariantName = "[No Variations]"
Change component parameters (AddParameter): Name = "Lifecycle Status"; Value = "Production"; VariantName = "[No Variations]"
Change component parameters (AddParameter): Name = "Manufacturer"; Value = "Samsung Electro-Mechanics"; VariantName = "[No Variations]"
Change component parameters (AddParameter): Name = "Manufacturer Part Number"; Value = "CL21B104KBCNNNC"; VariantName = "[No Variations]"
Change component parameters (AddParameter): Name = "Material"; Value = "Ceramic"; VariantName = "[No Variations]"
Change component parameters (AddParameter): Name = "Max Operating Temperature"; Value = "125°C"; VariantName = "[No Variations]"
Change component parameters (AddParameter): Name = "Min Operating Temperature"; Value = "-55°C"; VariantName = "[No Variations]"
Change component parameters (AddParameter): Name = "Mounting Technology"; Value = "Surface Mount"; VariantName = "[No Variations]"
Change component parameters (AddParameter): Name = "Number of Terminals"; Value = "2"; VariantName = "[No Variations]"
Change component parameters (AddParameter): Name = "Pricing"; Value = "4000=0,0059, 16000=0,0057, 60000=0,0055, 100000=0,0054, 200000=0,0052 (USD)"; VariantName = "[No Variations]"
Change component parameters (AddParameter): Name = "Radiation Hardening"; Value = "No"; VariantName = "[No Variations]"
Change component parameters (AddParameter): Name = "REACH SVHC"; Value = "Yes"; VariantName = "[No Variations]"
Change component parameters (AddParameter): Name = "RoHS"; Value = "Compliant"; VariantName = "[No Variations]"
Change component parameters (AddParameter): Name = "Schedule B"; Value = "8532240020, 8532240020|8532240020, 8532240020|8532240020|8532240020, 8532240020|8532240020|8532240020|8532240020"; VariantName = "[No Variations]"
Change component parameters (AddParameter): Name = "Stock"; Value = "6136000"; VariantName = "[No Variations]"
Change component parameters (AddParameter): Name = "Supplier"; Value = "Future Electronics"; VariantName = "[No Variations]"
Change component parameters (AddParameter): Name = "Supplier Part Number"; Value = "CL21B104KBCNNNC"; VariantName = "[No Variations]"
Change component parameters (AddParameter): Name = "Thickness"; Value = "939.8µm"; VariantName = "[No Variations]"
Change component parameters (AddParameter): Name = "Tolerance"; Value = "10%"; VariantName = "[No Variations]"
Change component parameters (AddParameter): Name = "Value"; Value = "100nF"; VariantName = "[No Variations]"
Change component parameters (AddParameter): Name = "Voltage"; Value = "50V"; VariantName = "[No Variations]"
Change component parameters (AddParameter): Name = "Voltage Rating"; Value = "50V"; VariantName = "[No Variations]"
Change component parameters (AddParameter): Name = "Voltage Rating (DC)"; Value = "50V"; VariantName = "[No Variations]"
Change component parameters (AddParameter): Name = "Width"; Value = "1.25mm"; VariantName = "[No Variations]"
Change component parameters: Designator = "C1" ("C1"); Footprint = "C0402 - IRON SOLDERING"; UniqueID = "\QSVWJRVU" ("\QSVWJRVU")
Change component parameters (AddParameter): Name = ".Mounting"; Value = "SMD"; VariantName = "[No Variations]"
Change component parameters (AddParameter): Name = ".PCBChecked"; Value = ""; VariantName = "[No Variations]"
Change component parameters (AddParameter): Name = ".SCHChecked"; Value = ""; VariantName = "[No Variations]"
Change component parameters (AddParameter): Name = "Case Code (Imperial)"; Value = "0805"; VariantName = "[No Variations]"
Change component parameters (AddParameter): Name = "Case Code (Metric)"; Value = "2012"; VariantName = "[No Variations]"
Change component parameters (AddParameter): Name = "Case/Package"; Value = "0805"; VariantName = "[No Variations]"
Change component parameters (AddParameter): Name = "Category"; Value = "Ceramic Capacitors"; VariantName = "[No Variations]"
Change component parameters (AddParameter): Name = "China RoHS"; Value = "Compliant"; VariantName = "[No Variations]"
Change component parameters (AddParameter): Name = "ComponentLink1Description"; Value = "https://datasheet.octopart.com:443/CL21B104KBCNNNC-Samsung-Electro-Mechanics-datasheet-137745078.pdf?src-supplier=IHS"; VariantName = "[No Variations]"
Change component parameters (AddParameter): Name = "ComponentLink1URL"; Value = "https://datasheet.octopart.com:443/CL21B104KBCNNNC-Samsung-Electro-Mechanics-datasheet-137745078.pdf?src-supplier=IHS"; VariantName = "[No Variations]"
Change component parameters (AddParameter): Name = "ComponentLink2Description"; Value = "https://datasheet.octopart.com/CL21B104KBCNNNC-Samsung-Electro-Mechanics-datasheet-8324245.pdf"; VariantName = "[No Variations]"
Change component parameters (AddParameter): Name = "ComponentLink2URL"; Value = "https://datasheet.octopart.com/CL21B104KBCNNNC-Samsung-Electro-Mechanics-datasheet-8324245.pdf"; VariantName = "[No Variations]"
Change component parameters (AddParameter): Name = "ComponentLink3Description"; Value = "https://datasheet.octopart.com/CL21B104KBCNNNC-Samsung-Electro-Mechanics-datasheet-97040617.pdf"; VariantName = "[No Variations]"
Change component parameters (AddParameter): Name = "ComponentLink3URL"; Value = "https://datasheet.octopart.com/CL21B104KBCNNNC-Samsung-Electro-Mechanics-datasheet-97040617.pdf"; VariantName = "[No Variations]"
Change component parameters (AddParameter): Name = "ComponentLink4Description"; Value = "https://datasheet.octopart.com/General-Multilayer-Ceramic-Capacitors-Samsung-datasheet-family-111.pdf"; VariantName = "[No Variations]"
Change component parameters (AddParameter): Name = "ComponentLink4URL"; Value = "https://datasheet.octopart.com/General-Multilayer-Ceramic-Capacitors-Samsung-datasheet-family-111.pdf"; VariantName = "[No Variations]"
Change component parameters (AddParameter): Name = "ComponentLink5Description"; Value = "https://datasheet.octopart.com:443/CL21B104KBCNNNC-Samsung-Electro-Mechanics-datasheet-11548950.pdf?src-supplier=Future+Electronics"; VariantName = "[No Variations]"
Change component parameters (AddParameter): Name = "ComponentLink5URL"; Value = "https://datasheet.octopart.com:443/CL21B104KBCNNNC-Samsung-Electro-Mechanics-datasheet-11548950.pdf?src-supplier=Future+Electronics"; VariantName = "[No Variations]"
Change component parameters (AddParameter): Name = "ComponentLink6Description"; Value = "https://datasheet.octopart.com:443/CL21B104KBCNNNC-Samsung-Electro-Mechanics-datasheet-116891032.pdf?src-supplier=Future+Electronics"; VariantName = "[No Variations]"
Change component parameters (AddParameter): Name = "ComponentLink6URL"; Value = "https://datasheet.octopart.com:443/CL21B104KBCNNNC-Samsung-Electro-Mechanics-datasheet-116891032.pdf?src-supplier=Future+Electronics"; VariantName = "[No Variations]"
Change component parameters (AddParameter): Name = "ComponentLink7Description"; Value = "https://datasheet.octopart.com:443/CL21B104KBCNNNC-Samsung-Electro-Mechanics-datasheet-81462175.pdf?src-supplier=Future+Electronics"; VariantName = "[No Variations]"
Change component parameters (AddParameter): Name = "ComponentLink7URL"; Value = "https://datasheet.octopart.com:443/CL21B104KBCNNNC-Samsung-Electro-Mechanics-datasheet-81462175.pdf?src-supplier=Future+Electronics"; VariantName = "[No Variations]"
Change component parameters (AddParameter): Name = "ComponentLink8Description"; Value = "https://datasheet.octopart.com:443/CL21B104KBCNNNC-Samsung-datasheet-42485244.pdf?src-supplier=Future+Electronics"; VariantName = "[No Variations]"
Change component parameters (AddParameter): Name = "ComponentLink8URL"; Value = "https://datasheet.octopart.com:443/CL21B104KBCNNNC-Samsung-datasheet-42485244.pdf?src-supplier=Future+Electronics"; VariantName = "[No Variations]"
Change component parameters (AddParameter): Name = "ComponentLink9Description"; Value = "https://datasheet.octopart.com:443/CL21B104KBCNNNC-Samsung-Electro-Mechanics-datasheet-149045937.pdf?src-supplier=Future+Electronics"; VariantName = "[No Variations]"
Change component parameters (AddParameter): Name = "ComponentLink9URL"; Value = "https://datasheet.octopart.com:443/CL21B104KBCNNNC-Samsung-Electro-Mechanics-datasheet-149045937.pdf?src-supplier=Future+Electronics"; VariantName = "[No Variations]"
Change component parameters (AddParameter): Name = "ComponentLink10Description"; Value = "https://datasheet.octopart.com:443/CL21B104KBCNNNC-Samsung-datasheet-8326407.pdf?src-supplier=TME"; VariantName = "[No Variations]"
Change component parameters (AddParameter): Name = "ComponentLink10URL"; Value = "https://datasheet.octopart.com:443/CL21B104KBCNNNC-Samsung-datasheet-8326407.pdf?src-supplier=TME"; VariantName = "[No Variations]"
Change component parameters (AddParameter): Name = "ComponentLink11Description"; Value = "http://sigma.octopart.com:80/rohs_certificate/General-Multilayer-Ceramic-Capacitors-Samsung-family-110.pdf?src-supplier=Compliance+Statements"; VariantName = "[No Variations]"
Change component parameters (AddParameter): Name = "ComponentLink11URL"; Value = "http://sigma.octopart.com:80/rohs_certificate/General-Multilayer-Ceramic-Capacitors-Samsung-family-110.pdf?src-supplier=Compliance+Statements"; VariantName = "[No Variations]"
Change component parameters (AddParameter): Name = "ComponentLink12Description"; Value = "http://sigma.octopart.com:80/rohs_statement/General-Multilayer-Ceramic-Capacitors-Samsung-family-132.pdf?src-supplier=Compliance+Statements"; VariantName = "[No Variations]"
Change component parameters (AddParameter): Name = "ComponentLink12URL"; Value = "http://sigma.octopart.com:80/rohs_statement/General-Multilayer-Ceramic-Capacitors-Samsung-family-132.pdf?src-supplier=Compliance+Statements"; VariantName = "[No Variations]"
Change component parameters (AddParameter): Name = "ComponentLink13Description"; Value = "http://sigma.octopart.com:80/reach_statement/General-Multilayer-Ceramic-Capacitors-Samsung-family-133.pdf?src-supplier=Compliance+Statements"; VariantName = "[No Variations]"
Change component parameters (AddParameter): Name = "ComponentLink13URL"; Value = "http://sigma.octopart.com:80/reach_statement/General-Multilayer-Ceramic-Capacitors-Samsung-family-133.pdf?src-supplier=Compliance+Statements"; VariantName = "[No Variations]"
Change component parameters (AddParameter): Name = "Contact Plating"; Value = "Tin"; VariantName = "[No Variations]"
Change component parameters (AddParameter): Name = "Country of Origin"; Value = "Mainland China, Philippines, South Korea"; VariantName = "[No Variations]"
Change component parameters (AddParameter): Name = "Depth"; Value = "1.25mm"; VariantName = "[No Variations]"
Change component parameters (AddParameter): Name = "Dielectric"; Value = "X7R"; VariantName = "[No Variations]"
Change component parameters (AddParameter): Name = "Dielectric Material"; Value = "Ceramic"; VariantName = "[No Variations]"
Change component parameters (AddParameter): Name = "Export Control Classification Number (ECCN) Code"; Value = "EAR99"; VariantName = "[No Variations]"
Change component parameters (AddParameter): Name = "Harmonized Tariff Schedule (HTS) Code"; Value = "8532.24.00.20"; VariantName = "[No Variations]"
Change component parameters (AddParameter): Name = "Height"; Value = "950µm"; VariantName = "[No Variations]"
Change component parameters (AddParameter): Name = "Introduction Date"; Value = "2009-07-27"; VariantName = "[No Variations]"
Change component parameters (AddParameter): Name = "Lead Free"; Value = "Lead Free"; VariantName = "[No Variations]"
Change component parameters (AddParameter): Name = "Length"; Value = "2mm"; VariantName = "[No Variations]"
Change component parameters (AddParameter): Name = "Lifecycle Status"; Value = "Production"; VariantName = "[No Variations]"
Change component parameters (AddParameter): Name = "Manufacturer"; Value = "Samsung Electro-Mechanics"; VariantName = "[No Variations]"
Change component parameters (AddParameter): Name = "Manufacturer Part Number"; Value = "CL21B104KBCNNNC"; VariantName = "[No Variations]"
Change component parameters (AddParameter): Name = "Material"; Value = "Ceramic"; VariantName = "[No Variations]"
Change component parameters (AddParameter): Name = "Max Operating Temperature"; Value = "125°C"; VariantName = "[No Variations]"
Change component parameters (AddParameter): Name = "Min Operating Temperature"; Value = "-55°C"; VariantName = "[No Variations]"
Change component parameters (AddParameter): Name = "Mounting Technology"; Value = "Surface Mount"; VariantName = "[No Variations]"
Change component parameters (AddParameter): Name = "Number of Terminals"; Value = "2"; VariantName = "[No Variations]"
Change component parameters (AddParameter): Name = "Pricing"; Value = "4000=0,0059, 16000=0,0057, 60000=0,0055, 100000=0,0054, 200000=0,0052 (USD)"; VariantName = "[No Variations]"
Change component parameters (AddParameter): Name = "Radiation Hardening"; Value = "No"; VariantName = "[No Variations]"
Change component parameters (AddParameter): Name = "REACH SVHC"; Value = "Yes"; VariantName = "[No Variations]"
Change component parameters (AddParameter): Name = "RoHS"; Value = "Compliant"; VariantName = "[No Variations]"
Change component parameters (AddParameter): Name = "Schedule B"; Value = "8532240020, 8532240020|8532240020, 8532240020|8532240020|8532240020, 8532240020|8532240020|8532240020|8532240020"; VariantName = "[No Variations]"
Change component parameters (AddParameter): Name = "Stock"; Value = "6136000"; VariantName = "[No Variations]"
Change component parameters (AddParameter): Name = "Supplier"; Value = "Future Electronics"; VariantName = "[No Variations]"
Change component parameters (AddParameter): Name = "Supplier Part Number"; Value = "CL21B104KBCNNNC"; VariantName = "[No Variations]"
Change component parameters (AddParameter): Name = "Thickness"; Value = "939.8µm"; VariantName = "[No Variations]"
Change component parameters (AddParameter): Name = "Tolerance"; Value = "10%"; VariantName = "[No Variations]"
Change component parameters (AddParameter): Name = "Value"; Value = "100nF"; VariantName = "[No Variations]"
Change component parameters (AddParameter): Name = "Voltage"; Value = "50V"; VariantName = "[No Variations]"
Change component parameters (AddParameter): Name = "Voltage Rating"; Value = "50V"; VariantName = "[No Variations]"
Change component parameters (AddParameter): Name = "Voltage Rating (DC)"; Value = "50V"; VariantName = "[No Variations]"
Change component parameters (AddParameter): Name = "Width"; Value = "1.25mm"; VariantName = "[No Variations]"
Change component parameters: Designator = "C2" ("C2"); Footprint = "C0402 - IRON SOLDERING"; UniqueID = "\MXHGZROI" ("\MXHGZROI")
Change component parameters (AddParameter): Name = ".Mounting"; Value = "SMD"; VariantName = "[No Variations]"
Change component parameters (AddParameter): Name = ".PCBChecked"; Value = ""; VariantName = "[No Variations]"
Change component parameters (AddParameter): Name = ".SCHChecked"; Value = ""; VariantName = "[No Variations]"
Change component parameters (AddParameter): Name = "Case Code (Imperial)"; Value = "0805"; VariantName = "[No Variations]"
Change component parameters (AddParameter): Name = "Case Code (Metric)"; Value = "2012"; VariantName = "[No Variations]"
Change component parameters (AddParameter): Name = "Case/Package"; Value = "0805"; VariantName = "[No Variations]"
Change component parameters (AddParameter): Name = "Category"; Value = "Ceramic Capacitors"; VariantName = "[No Variations]"
Change component parameters (AddParameter): Name = "China RoHS"; Value = "Compliant"; VariantName = "[No Variations]"
Change component parameters (AddParameter): Name = "ComponentLink1Description"; Value = "https://datasheet.octopart.com:443/CL21B104KBCNNNC-Samsung-Electro-Mechanics-datasheet-137745078.pdf?src-supplier=IHS"; VariantName = "[No Variations]"
Change component parameters (AddParameter): Name = "ComponentLink1URL"; Value = "https://datasheet.octopart.com:443/CL21B104KBCNNNC-Samsung-Electro-Mechanics-datasheet-137745078.pdf?src-supplier=IHS"; VariantName = "[No Variations]"
Change component parameters (AddParameter): Name = "ComponentLink2Description"; Value = "https://datasheet.octopart.com/CL21B104KBCNNNC-Samsung-Electro-Mechanics-datasheet-8324245.pdf"; VariantName = "[No Variations]"
Change component parameters (AddParameter): Name = "ComponentLink2URL"; Value = "https://datasheet.octopart.com/CL21B104KBCNNNC-Samsung-Electro-Mechanics-datasheet-8324245.pdf"; VariantName = "[No Variations]"
Change component parameters (AddParameter): Name = "ComponentLink3Description"; Value = "https://datasheet.octopart.com/CL21B104KBCNNNC-Samsung-Electro-Mechanics-datasheet-97040617.pdf"; VariantName = "[No Variations]"
Change component parameters (AddParameter): Name = "ComponentLink3URL"; Value = "https://datasheet.octopart.com/CL21B104KBCNNNC-Samsung-Electro-Mechanics-datasheet-97040617.pdf"; VariantName = "[No Variations]"
Change component parameters (AddParameter): Name = "ComponentLink4Description"; Value = "https://datasheet.octopart.com/General-Multilayer-Ceramic-Capacitors-Samsung-datasheet-family-111.pdf"; VariantName = "[No Variations]"
Change component parameters (AddParameter): Name = "ComponentLink4URL"; Value = "https://datasheet.octopart.com/General-Multilayer-Ceramic-Capacitors-Samsung-datasheet-family-111.pdf"; VariantName = "[No Variations]"
Change component parameters (AddParameter): Name = "ComponentLink5Description"; Value = "https://datasheet.octopart.com:443/CL21B104KBCNNNC-Samsung-Electro-Mechanics-datasheet-11548950.pdf?src-supplier=Future+Electronics"; VariantName = "[No Variations]"
Change component parameters (AddParameter): Name = "ComponentLink5URL"; Value = "https://datasheet.octopart.com:443/CL21B104KBCNNNC-Samsung-Electro-Mechanics-datasheet-11548950.pdf?src-supplier=Future+Electronics"; VariantName = "[No Variations]"
Change component parameters (AddParameter): Name = "ComponentLink6Description"; Value = "https://datasheet.octopart.com:443/CL21B104KBCNNNC-Samsung-Electro-Mechanics-datasheet-116891032.pdf?src-supplier=Future+Electronics"; VariantName = "[No Variations]"
Change component parameters (AddParameter): Name = "ComponentLink6URL"; Value = "https://datasheet.octopart.com:443/CL21B104KBCNNNC-Samsung-Electro-Mechanics-datasheet-116891032.pdf?src-supplier=Future+Electronics"; VariantName = "[No Variations]"
Change component parameters (AddParameter): Name = "ComponentLink7Description"; Value = "https://datasheet.octopart.com:443/CL21B104KBCNNNC-Samsung-Electro-Mechanics-datasheet-81462175.pdf?src-supplier=Future+Electronics"; VariantName = "[No Variations]"
Change component parameters (AddParameter): Name = "ComponentLink7URL"; Value = "https://datasheet.octopart.com:443/CL21B104KBCNNNC-Samsung-Electro-Mechanics-datasheet-81462175.pdf?src-supplier=Future+Electronics"; VariantName = "[No Variations]"
Change component parameters (AddParameter): Name = "ComponentLink8Description"; Value = "https://datasheet.octopart.com:443/CL21B104KBCNNNC-Samsung-datasheet-42485244.pdf?src-supplier=Future+Electronics"; VariantName = "[No Variations]"
Change component parameters (AddParameter): Name = "ComponentLink8URL"; Value = "https://datasheet.octopart.com:443/CL21B104KBCNNNC-Samsung-datasheet-42485244.pdf?src-supplier=Future+Electronics"; VariantName = "[No Variations]"
Change component parameters (AddParameter): Name = "ComponentLink9Description"; Value = "https://datasheet.octopart.com:443/CL21B104KBCNNNC-Samsung-Electro-Mechanics-datasheet-149045937.pdf?src-supplier=Future+Electronics"; VariantName = "[No Variations]"
Change component parameters (AddParameter): Name = "ComponentLink9URL"; Value = "https://datasheet.octopart.com:443/CL21B104KBCNNNC-Samsung-Electro-Mechanics-datasheet-149045937.pdf?src-supplier=Future+Electronics"; VariantName = "[No Variations]"
Change component parameters (AddParameter): Name = "ComponentLink10Description"; Value = "https://datasheet.octopart.com:443/CL21B104KBCNNNC-Samsung-datasheet-8326407.pdf?src-supplier=TME"; VariantName = "[No Variations]"
Change component parameters (AddParameter): Name = "ComponentLink10URL"; Value = "https://datasheet.octopart.com:443/CL21B104KBCNNNC-Samsung-datasheet-8326407.pdf?src-supplier=TME"; VariantName = "[No Variations]"
Change component parameters (AddParameter): Name = "ComponentLink11Description"; Value = "http://sigma.octopart.com:80/rohs_certificate/General-Multilayer-Ceramic-Capacitors-Samsung-family-110.pdf?src-supplier=Compliance+Statements"; VariantName = "[No Variations]"
Change component parameters (AddParameter): Name = "ComponentLink11URL"; Value = "http://sigma.octopart.com:80/rohs_certificate/General-Multilayer-Ceramic-Capacitors-Samsung-family-110.pdf?src-supplier=Compliance+Statements"; VariantName = "[No Variations]"
Change component parameters (AddParameter): Name = "ComponentLink12Description"; Value = "http://sigma.octopart.com:80/rohs_statement/General-Multilayer-Ceramic-Capacitors-Samsung-family-132.pdf?src-supplier=Compliance+Statements"; VariantName = "[No Variations]"
Change component parameters (AddParameter): Name = "ComponentLink12URL"; Value = "http://sigma.octopart.com:80/rohs_statement/General-Multilayer-Ceramic-Capacitors-Samsung-family-132.pdf?src-supplier=Compliance+Statements"; VariantName = "[No Variations]"
Change component parameters (AddParameter): Name = "ComponentLink13Description"; Value = "http://sigma.octopart.com:80/reach_statement/General-Multilayer-Ceramic-Capacitors-Samsung-family-133.pdf?src-supplier=Compliance+Statements"; VariantName = "[No Variations]"
Change component parameters (AddParameter): Name = "ComponentLink13URL"; Value = "http://sigma.octopart.com:80/reach_statement/General-Multilayer-Ceramic-Capacitors-Samsung-family-133.pdf?src-supplier=Compliance+Statements"; VariantName = "[No Variations]"
Change component parameters (AddParameter): Name = "Contact Plating"; Value = "Tin"; VariantName = "[No Variations]"
Change component parameters (AddParameter): Name = "Country of Origin"; Value = "Mainland China, Philippines, South Korea"; VariantName = "[No Variations]"
Change component parameters (AddParameter): Name = "Depth"; Value = "1.25mm"; VariantName = "[No Variations]"
Change component parameters (AddParameter): Name = "Dielectric"; Value = "X7R"; VariantName = "[No Variations]"
Change component parameters (AddParameter): Name = "Dielectric Material"; Value = "Ceramic"; VariantName = "[No Variations]"
Change component parameters (AddParameter): Name = "Export Control Classification Number (ECCN) Code"; Value = "EAR99"; VariantName = "[No Variations]"
Change component parameters (AddParameter): Name = "Harmonized Tariff Schedule (HTS) Code"; Value = "8532.24.00.20"; VariantName = "[No Variations]"
Change component parameters (AddParameter): Name = "Height"; Value = "950µm"; VariantName = "[No Variations]"
Change component parameters (AddParameter): Name = "Introduction Date"; Value = "2009-07-27"; VariantName = "[No Variations]"
Change component parameters (AddParameter): Name = "Lead Free"; Value = "Lead Free"; VariantName = "[No Variations]"
Change component parameters (AddParameter): Name = "Length"; Value = "2mm"; VariantName = "[No Variations]"
Change component parameters (AddParameter): Name = "Lifecycle Status"; Value = "Production"; VariantName = "[No Variations]"
Change component parameters (AddParameter): Name = "Manufacturer"; Value = "Samsung Electro-Mechanics"; VariantName = "[No Variations]"
Change component parameters (AddParameter): Name = "Manufacturer Part Number"; Value = "CL21B104KBCNNNC"; VariantName = "[No Variations]"
Change component parameters (AddParameter): Name = "Material"; Value = "Ceramic"; VariantName = "[No Variations]"
Change component parameters (AddParameter): Name = "Max Operating Temperature"; Value = "125°C"; VariantName = "[No Variations]"
Change component parameters (AddParameter): Name = "Min Operating Temperature"; Value = "-55°C"; VariantName = "[No Variations]"
Change component parameters (AddParameter): Name = "Mounting Technology"; Value = "Surface Mount"; VariantName = "[No Variations]"
Change component parameters (AddParameter): Name = "Number of Terminals"; Value = "2"; VariantName = "[No Variations]"
Change component parameters (AddParameter): Name = "Pricing"; Value = "4000=0,0059, 16000=0,0057, 60000=0,0055, 100000=0,0054, 200000=0,0052 (USD)"; VariantName = "[No Variations]"
Change component parameters (AddParameter): Name = "Radiation Hardening"; Value = "No"; VariantName = "[No Variations]"
Change component parameters (AddParameter): Name = "REACH SVHC"; Value = "Yes"; VariantName = "[No Variations]"
Change component parameters (AddParameter): Name = "RoHS"; Value = "Compliant"; VariantName = "[No Variations]"
Change component parameters (AddParameter): Name = "Schedule B"; Value = "8532240020, 8532240020|8532240020, 8532240020|8532240020|8532240020, 8532240020|8532240020|8532240020|8532240020"; VariantName = "[No Variations]"
Change component parameters (AddParameter): Name = "Stock"; Value = "6136000"; VariantName = "[No Variations]"
Change component parameters (AddParameter): Name = "Supplier"; Value = "Future Electronics"; VariantName = "[No Variations]"
Change component parameters (AddParameter): Name = "Supplier Part Number"; Value = "CL21B104KBCNNNC"; VariantName = "[No Variations]"
Change component parameters (AddParameter): Name = "Thickness"; Value = "939.8µm"; VariantName = "[No Variations]"
Change component parameters (AddParameter): Name = "Tolerance"; Value = "10%"; VariantName = "[No Variations]"
Change component parameters (AddParameter): Name = "Value"; Value = "100nF"; VariantName = "[No Variations]"
Change component parameters (AddParameter): Name = "Voltage"; Value = "50V"; VariantName = "[No Variations]"
Change component parameters (AddParameter): Name = "Voltage Rating"; Value = "50V"; VariantName = "[No Variations]"
Change component parameters (AddParameter): Name = "Voltage Rating (DC)"; Value = "50V"; VariantName = "[No Variations]"
Change component parameters (AddParameter): Name = "Width"; Value = "1.25mm"; VariantName = "[No Variations]"
Change component parameters: Designator = "C3" ("C3"); Footprint = "C0402 - IRON SOLDERING"; UniqueID = "\EWDJELMI" ("\EWDJELMI")
Change component parameters (AddParameter): Name = ".Mounting"; Value = "SMD"; VariantName = "[No Variations]"
Change component parameters (AddParameter): Name = ".PCBChecked"; Value = ""; VariantName = "[No Variations]"
Change component parameters (AddParameter): Name = ".SCHChecked"; Value = ""; VariantName = "[No Variations]"
Change component parameters (AddParameter): Name = "Case Code (Imperial)"; Value = "0805"; VariantName = "[No Variations]"
Change component parameters (AddParameter): Name = "Case Code (Metric)"; Value = "2012"; VariantName = "[No Variations]"
Change component parameters (AddParameter): Name = "Case/Package"; Value = "0805"; VariantName = "[No Variations]"
Change component parameters (AddParameter): Name = "Category"; Value = "Ceramic Capacitors"; VariantName = "[No Variations]"
Change component parameters (AddParameter): Name = "China RoHS"; Value = "Compliant"; VariantName = "[No Variations]"
Change component parameters (AddParameter): Name = "ComponentLink1Description"; Value = "https://datasheet.octopart.com:443/CL21B104KBCNNNC-Samsung-Electro-Mechanics-datasheet-137745078.pdf?src-supplier=IHS"; VariantName = "[No Variations]"
Change component parameters (AddParameter): Name = "ComponentLink1URL"; Value = "https://datasheet.octopart.com:443/CL21B104KBCNNNC-Samsung-Electro-Mechanics-datasheet-137745078.pdf?src-supplier=IHS"; VariantName = "[No Variations]"
Change component parameters (AddParameter): Name = "ComponentLink2Description"; Value = "https://datasheet.octopart.com/CL21B104KBCNNNC-Samsung-Electro-Mechanics-datasheet-8324245.pdf"; VariantName = "[No Variations]"
Change component parameters (AddParameter): Name = "ComponentLink2URL"; Value = "https://datasheet.octopart.com/CL21B104KBCNNNC-Samsung-Electro-Mechanics-datasheet-8324245.pdf"; VariantName = "[No Variations]"
Change component parameters (AddParameter): Name = "ComponentLink3Description"; Value = "https://datasheet.octopart.com/CL21B104KBCNNNC-Samsung-Electro-Mechanics-datasheet-97040617.pdf"; VariantName = "[No Variations]"
Change component parameters (AddParameter): Name = "ComponentLink3URL"; Value = "https://datasheet.octopart.com/CL21B104KBCNNNC-Samsung-Electro-Mechanics-datasheet-97040617.pdf"; VariantName = "[No Variations]"
Change component parameters (AddParameter): Name = "ComponentLink4Description"; Value = "https://datasheet.octopart.com/General-Multilayer-Ceramic-Capacitors-Samsung-datasheet-family-111.pdf"; VariantName = "[No Variations]"
Change component parameters (AddParameter): Name = "ComponentLink4URL"; Value = "https://datasheet.octopart.com/General-Multilayer-Ceramic-Capacitors-Samsung-datasheet-family-111.pdf"; VariantName = "[No Variations]"
Change component parameters (AddParameter): Name = "ComponentLink5Description"; Value = "https://datasheet.octopart.com:443/CL21B104KBCNNNC-Samsung-Electro-Mechanics-datasheet-11548950.pdf?src-supplier=Future+Electronics"; VariantName = "[No Variations]"
Change component parameters (AddParameter): Name = "ComponentLink5URL"; Value = "https://datasheet.octopart.com:443/CL21B104KBCNNNC-Samsung-Electro-Mechanics-datasheet-11548950.pdf?src-supplier=Future+Electronics"; VariantName = "[No Variations]"
Change component parameters (AddParameter): Name = "ComponentLink6Description"; Value = "https://datasheet.octopart.com:443/CL21B104KBCNNNC-Samsung-Electro-Mechanics-datasheet-116891032.pdf?src-supplier=Future+Electronics"; VariantName = "[No Variations]"
Change component parameters (AddParameter): Name = "ComponentLink6URL"; Value = "https://datasheet.octopart.com:443/CL21B104KBCNNNC-Samsung-Electro-Mechanics-datasheet-116891032.pdf?src-supplier=Future+Electronics"; VariantName = "[No Variations]"
Change component parameters (AddParameter): Name = "ComponentLink7Description"; Value = "https://datasheet.octopart.com:443/CL21B104KBCNNNC-Samsung-Electro-Mechanics-datasheet-81462175.pdf?src-supplier=Future+Electronics"; VariantName = "[No Variations]"
Change component parameters (AddParameter): Name = "ComponentLink7URL"; Value = "https://datasheet.octopart.com:443/CL21B104KBCNNNC-Samsung-Electro-Mechanics-datasheet-81462175.pdf?src-supplier=Future+Electronics"; VariantName = "[No Variations]"
Change component parameters (AddParameter): Name = "ComponentLink8Description"; Value = "https://datasheet.octopart.com:443/CL21B104KBCNNNC-Samsung-datasheet-42485244.pdf?src-supplier=Future+Electronics"; VariantName = "[No Variations]"
Change component parameters (AddParameter): Name = "ComponentLink8URL"; Value = "https://datasheet.octopart.com:443/CL21B104KBCNNNC-Samsung-datasheet-42485244.pdf?src-supplier=Future+Electronics"; VariantName = "[No Variations]"
Change component parameters (AddParameter): Name = "ComponentLink9Description"; Value = "https://datasheet.octopart.com:443/CL21B104KBCNNNC-Samsung-Electro-Mechanics-datasheet-149045937.pdf?src-supplier=Future+Electronics"; VariantName = "[No Variations]"
Change component parameters (AddParameter): Name = "ComponentLink9URL"; Value = "https://datasheet.octopart.com:443/CL21B104KBCNNNC-Samsung-Electro-Mechanics-datasheet-149045937.pdf?src-supplier=Future+Electronics"; VariantName = "[No Variations]"
Change component parameters (AddParameter): Name = "ComponentLink10Description"; Value = "https://datasheet.octopart.com:443/CL21B104KBCNNNC-Samsung-datasheet-8326407.pdf?src-supplier=TME"; VariantName = "[No Variations]"
Change component parameters (AddParameter): Name = "ComponentLink10URL"; Value = "https://datasheet.octopart.com:443/CL21B104KBCNNNC-Samsung-datasheet-8326407.pdf?src-supplier=TME"; VariantName = "[No Variations]"
Change component parameters (AddParameter): Name = "ComponentLink11Description"; Value = "http://sigma.octopart.com:80/rohs_certificate/General-Multilayer-Ceramic-Capacitors-Samsung-family-110.pdf?src-supplier=Compliance+Statements"; VariantName = "[No Variations]"
Change component parameters (AddParameter): Name = "ComponentLink11URL"; Value = "http://sigma.octopart.com:80/rohs_certificate/General-Multilayer-Ceramic-Capacitors-Samsung-family-110.pdf?src-supplier=Compliance+Statements"; VariantName = "[No Variations]"
Change component parameters (AddParameter): Name = "ComponentLink12Description"; Value = "http://sigma.octopart.com:80/rohs_statement/General-Multilayer-Ceramic-Capacitors-Samsung-family-132.pdf?src-supplier=Compliance+Statements"; VariantName = "[No Variations]"
Change component parameters (AddParameter): Name = "ComponentLink12URL"; Value = "http://sigma.octopart.com:80/rohs_statement/General-Multilayer-Ceramic-Capacitors-Samsung-family-132.pdf?src-supplier=Compliance+Statements"; VariantName = "[No Variations]"
Change component parameters (AddParameter): Name = "ComponentLink13Description"; Value = "http://sigma.octopart.com:80/reach_statement/General-Multilayer-Ceramic-Capacitors-Samsung-family-133.pdf?src-supplier=Compliance+Statements"; VariantName = "[No Variations]"
Change component parameters (AddParameter): Name = "ComponentLink13URL"; Value = "http://sigma.octopart.com:80/reach_statement/General-Multilayer-Ceramic-Capacitors-Samsung-family-133.pdf?src-supplier=Compliance+Statements"; VariantName = "[No Variations]"
Change component parameters (AddParameter): Name = "Contact Plating"; Value = "Tin"; VariantName = "[No Variations]"
Change component parameters (AddParameter): Name = "Country of Origin"; Value = "Mainland China, Philippines, South Korea"; VariantName = "[No Variations]"
Change component parameters (AddParameter): Name = "Depth"; Value = "1.25mm"; VariantName = "[No Variations]"
Change component parameters (AddParameter): Name = "Dielectric"; Value = "X7R"; VariantName = "[No Variations]"
Change component parameters (AddParameter): Name = "Dielectric Material"; Value = "Ceramic"; VariantName = "[No Variations]"
Change component parameters (AddParameter): Name = "Export Control Classification Number (ECCN) Code"; Value = "EAR99"; VariantName = "[No Variations]"
Change component parameters (AddParameter): Name = "Harmonized Tariff Schedule (HTS) Code"; Value = "8532.24.00.20"; VariantName = "[No Variations]"
Change component parameters (AddParameter): Name = "Height"; Value = "950µm"; VariantName = "[No Variations]"
Change component parameters (AddParameter): Name = "Introduction Date"; Value = "2009-07-27"; VariantName = "[No Variations]"
Change component parameters (AddParameter): Name = "Lead Free"; Value = "Lead Free"; VariantName = "[No Variations]"
Change component parameters (AddParameter): Name = "Length"; Value = "2mm"; VariantName = "[No Variations]"
Change component parameters (AddParameter): Name = "Lifecycle Status"; Value = "Production"; VariantName = "[No Variations]"
Change component parameters (AddParameter): Name = "Manufacturer"; Value = "Samsung Electro-Mechanics"; VariantName = "[No Variations]"
Change component parameters (AddParameter): Name = "Manufacturer Part Number"; Value = "CL21B104KBCNNNC"; VariantName = "[No Variations]"
Change component parameters (AddParameter): Name = "Material"; Value = "Ceramic"; VariantName = "[No Variations]"
Change component parameters (AddParameter): Name = "Max Operating Temperature"; Value = "125°C"; VariantName = "[No Variations]"
Change component parameters (AddParameter): Name = "Min Operating Temperature"; Value = "-55°C"; VariantName = "[No Variations]"
Change component parameters (AddParameter): Name = "Mounting Technology"; Value = "Surface Mount"; VariantName = "[No Variations]"
Change component parameters (AddParameter): Name = "Number of Terminals"; Value = "2"; VariantName = "[No Variations]"
Change component parameters (AddParameter): Name = "Pricing"; Value = "4000=0,0059, 16000=0,0057, 60000=0,0055, 100000=0,0054, 200000=0,0052 (USD)"; VariantName = "[No Variations]"
Change component parameters (AddParameter): Name = "Radiation Hardening"; Value = "No"; VariantName = "[No Variations]"
Change component parameters (AddParameter): Name = "REACH SVHC"; Value = "Yes"; VariantName = "[No Variations]"
Change component parameters (AddParameter): Name = "RoHS"; Value = "Compliant"; VariantName = "[No Variations]"
Change component parameters (AddParameter): Name = "Schedule B"; Value = "8532240020, 8532240020|8532240020, 8532240020|8532240020|8532240020, 8532240020|8532240020|8532240020|8532240020"; VariantName = "[No Variations]"
Change component parameters (AddParameter): Name = "Stock"; Value = "6136000"; VariantName = "[No Variations]"
Change component parameters (AddParameter): Name = "Supplier"; Value = "Future Electronics"; VariantName = "[No Variations]"
Change component parameters (AddParameter): Name = "Supplier Part Number"; Value = "CL21B104KBCNNNC"; VariantName = "[No Variations]"
Change component parameters (AddParameter): Name = "Thickness"; Value = "939.8µm"; VariantName = "[No Variations]"
Change component parameters (AddParameter): Name = "Tolerance"; Value = "10%"; VariantName = "[No Variations]"
Change component parameters (AddParameter): Name = "Value"; Value = "100nF"; VariantName = "[No Variations]"
Change component parameters (AddParameter): Name = "Voltage"; Value = "50V"; VariantName = "[No Variations]"
Change component parameters (AddParameter): Name = "Voltage Rating"; Value = "50V"; VariantName = "[No Variations]"
Change component parameters (AddParameter): Name = "Voltage Rating (DC)"; Value = "50V"; VariantName = "[No Variations]"
Change component parameters (AddParameter): Name = "Width"; Value = "1.25mm"; VariantName = "[No Variations]"
Change component parameters: Designator = "C4" ("C4"); Footprint = "C0402 - IRON SOLDERING"; UniqueID = "\JDQQKUXA" ("\JDQQKUXA")
Change component parameters (AddParameter): Name = ".Mounting"; Value = "SMD"; VariantName = "[No Variations]"
Change component parameters (AddParameter): Name = ".PCBChecked"; Value = ""; VariantName = "[No Variations]"
Change component parameters (AddParameter): Name = ".SCHChecked"; Value = ""; VariantName = "[No Variations]"
Change component parameters (AddParameter): Name = "Case Code (Imperial)"; Value = "0805"; VariantName = "[No Variations]"
Change component parameters (AddParameter): Name = "Case Code (Metric)"; Value = "2012"; VariantName = "[No Variations]"
Change component parameters (AddParameter): Name = "Case/Package"; Value = "0805"; VariantName = "[No Variations]"
Change component parameters (AddParameter): Name = "Category"; Value = "Ceramic Capacitors"; VariantName = "[No Variations]"
Change component parameters (AddParameter): Name = "China RoHS"; Value = "Compliant"; VariantName = "[No Variations]"
Change component parameters (AddParameter): Name = "ComponentLink1Description"; Value = "https://datasheet.octopart.com:443/CL21B104KBCNNNC-Samsung-Electro-Mechanics-datasheet-137745078.pdf?src-supplier=IHS"; VariantName = "[No Variations]"
Change component parameters (AddParameter): Name = "ComponentLink1URL"; Value = "https://datasheet.octopart.com:443/CL21B104KBCNNNC-Samsung-Electro-Mechanics-datasheet-137745078.pdf?src-supplier=IHS"; VariantName = "[No Variations]"
Change component parameters (AddParameter): Name = "ComponentLink2Description"; Value = "https://datasheet.octopart.com/CL21B104KBCNNNC-Samsung-Electro-Mechanics-datasheet-8324245.pdf"; VariantName = "[No Variations]"
Change component parameters (AddParameter): Name = "ComponentLink2URL"; Value = "https://datasheet.octopart.com/CL21B104KBCNNNC-Samsung-Electro-Mechanics-datasheet-8324245.pdf"; VariantName = "[No Variations]"
Change component parameters (AddParameter): Name = "ComponentLink3Description"; Value = "https://datasheet.octopart.com/CL21B104KBCNNNC-Samsung-Electro-Mechanics-datasheet-97040617.pdf"; VariantName = "[No Variations]"
Change component parameters (AddParameter): Name = "ComponentLink3URL"; Value = "https://datasheet.octopart.com/CL21B104KBCNNNC-Samsung-Electro-Mechanics-datasheet-97040617.pdf"; VariantName = "[No Variations]"
Change component parameters (AddParameter): Name = "ComponentLink4Description"; Value = "https://datasheet.octopart.com/General-Multilayer-Ceramic-Capacitors-Samsung-datasheet-family-111.pdf"; VariantName = "[No Variations]"
Change component parameters (AddParameter): Name = "ComponentLink4URL"; Value = "https://datasheet.octopart.com/General-Multilayer-Ceramic-Capacitors-Samsung-datasheet-family-111.pdf"; VariantName = "[No Variations]"
Change component parameters (AddParameter): Name = "ComponentLink5Description"; Value = "https://datasheet.octopart.com:443/CL21B104KBCNNNC-Samsung-Electro-Mechanics-datasheet-11548950.pdf?src-supplier=Future+Electronics"; VariantName = "[No Variations]"
Change component parameters (AddParameter): Name = "ComponentLink5URL"; Value = "https://datasheet.octopart.com:443/CL21B104KBCNNNC-Samsung-Electro-Mechanics-datasheet-11548950.pdf?src-supplier=Future+Electronics"; VariantName = "[No Variations]"
Change component parameters (AddParameter): Name = "ComponentLink6Description"; Value = "https://datasheet.octopart.com:443/CL21B104KBCNNNC-Samsung-Electro-Mechanics-datasheet-116891032.pdf?src-supplier=Future+Electronics"; VariantName = "[No Variations]"
Change component parameters (AddParameter): Name = "ComponentLink6URL"; Value = "https://datasheet.octopart.com:443/CL21B104KBCNNNC-Samsung-Electro-Mechanics-datasheet-116891032.pdf?src-supplier=Future+Electronics"; VariantName = "[No Variations]"
Change component parameters (AddParameter): Name = "ComponentLink7Description"; Value = "https://datasheet.octopart.com:443/CL21B104KBCNNNC-Samsung-Electro-Mechanics-datasheet-81462175.pdf?src-supplier=Future+Electronics"; VariantName = "[No Variations]"
Change component parameters (AddParameter): Name = "ComponentLink7URL"; Value = "https://datasheet.octopart.com:443/CL21B104KBCNNNC-Samsung-Electro-Mechanics-datasheet-81462175.pdf?src-supplier=Future+Electronics"; VariantName = "[No Variations]"
Change component parameters (AddParameter): Name = "ComponentLink8Description"; Value = "https://datasheet.octopart.com:443/CL21B104KBCNNNC-Samsung-datasheet-42485244.pdf?src-supplier=Future+Electronics"; VariantName = "[No Variations]"
Change component parameters (AddParameter): Name = "ComponentLink8URL"; Value = "https://datasheet.octopart.com:443/CL21B104KBCNNNC-Samsung-datasheet-42485244.pdf?src-supplier=Future+Electronics"; VariantName = "[No Variations]"
Change component parameters (AddParameter): Name = "ComponentLink9Description"; Value = "https://datasheet.octopart.com:443/CL21B104KBCNNNC-Samsung-Electro-Mechanics-datasheet-149045937.pdf?src-supplier=Future+Electronics"; VariantName = "[No Variations]"
Change component parameters (AddParameter): Name = "ComponentLink9URL"; Value = "https://datasheet.octopart.com:443/CL21B104KBCNNNC-Samsung-Electro-Mechanics-datasheet-149045937.pdf?src-supplier=Future+Electronics"; VariantName = "[No Variations]"
Change component parameters (AddParameter): Name = "ComponentLink10Description"; Value = "https://datasheet.octopart.com:443/CL21B104KBCNNNC-Samsung-datasheet-8326407.pdf?src-supplier=TME"; VariantName = "[No Variations]"
Change component parameters (AddParameter): Name = "ComponentLink10URL"; Value = "https://datasheet.octopart.com:443/CL21B104KBCNNNC-Samsung-datasheet-8326407.pdf?src-supplier=TME"; VariantName = "[No Variations]"
Change component parameters (AddParameter): Name = "ComponentLink11Description"; Value = "http://sigma.octopart.com:80/rohs_certificate/General-Multilayer-Ceramic-Capacitors-Samsung-family-110.pdf?src-supplier=Compliance+Statements"; VariantName = "[No Variations]"
Change component parameters (AddParameter): Name = "ComponentLink11URL"; Value = "http://sigma.octopart.com:80/rohs_certificate/General-Multilayer-Ceramic-Capacitors-Samsung-family-110.pdf?src-supplier=Compliance+Statements"; VariantName = "[No Variations]"
Change component parameters (AddParameter): Name = "ComponentLink12Description"; Value = "http://sigma.octopart.com:80/rohs_statement/General-Multilayer-Ceramic-Capacitors-Samsung-family-132.pdf?src-supplier=Compliance+Statements"; VariantName = "[No Variations]"
Change component parameters (AddParameter): Name = "ComponentLink12URL"; Value = "http://sigma.octopart.com:80/rohs_statement/General-Multilayer-Ceramic-Capacitors-Samsung-family-132.pdf?src-supplier=Compliance+Statements"; VariantName = "[No Variations]"
Change component parameters (AddParameter): Name = "ComponentLink13Description"; Value = "http://sigma.octopart.com:80/reach_statement/General-Multilayer-Ceramic-Capacitors-Samsung-family-133.pdf?src-supplier=Compliance+Statements"; VariantName = "[No Variations]"
Change component parameters (AddParameter): Name = "ComponentLink13URL"; Value = "http://sigma.octopart.com:80/reach_statement/General-Multilayer-Ceramic-Capacitors-Samsung-family-133.pdf?src-supplier=Compliance+Statements"; VariantName = "[No Variations]"
Change component parameters (AddParameter): Name = "Contact Plating"; Value = "Tin"; VariantName = "[No Variations]"
Change component parameters (AddParameter): Name = "Country of Origin"; Value = "Mainland China, Philippines, South Korea"; VariantName = "[No Variations]"
Change component parameters (AddParameter): Name = "Depth"; Value = "1.25mm"; VariantName = "[No Variations]"
Change component parameters (AddParameter): Name = "Dielectric"; Value = "X7R"; VariantName = "[No Variations]"
Change component parameters (AddParameter): Name = "Dielectric Material"; Value = "Ceramic"; VariantName = "[No Variations]"
Change component parameters (AddParameter): Name = "Export Control Classification Number (ECCN) Code"; Value = "EAR99"; VariantName = "[No Variations]"
Change component parameters (AddParameter): Name = "Harmonized Tariff Schedule (HTS) Code"; Value = "8532.24.00.20"; VariantName = "[No Variations]"
Change component parameters (AddParameter): Name = "Height"; Value = "950µm"; VariantName = "[No Variations]"
Change component parameters (AddParameter): Name = "Introduction Date"; Value = "2009-07-27"; VariantName = "[No Variations]"
Change component parameters (AddParameter): Name = "Lead Free"; Value = "Lead Free"; VariantName = "[No Variations]"
Change component parameters (AddParameter): Name = "Length"; Value = "2mm"; VariantName = "[No Variations]"
Change component parameters (AddParameter): Name = "Lifecycle Status"; Value = "Production"; VariantName = "[No Variations]"
Change component parameters (AddParameter): Name = "Manufacturer"; Value = "Samsung Electro-Mechanics"; VariantName = "[No Variations]"
Change component parameters (AddParameter): Name = "Manufacturer Part Number"; Value = "CL21B104KBCNNNC"; VariantName = "[No Variations]"
Change component parameters (AddParameter): Name = "Material"; Value = "Ceramic"; VariantName = "[No Variations]"
Change component parameters (AddParameter): Name = "Max Operating Temperature"; Value = "125°C"; VariantName = "[No Variations]"
Change component parameters (AddParameter): Name = "Min Operating Temperature"; Value = "-55°C"; VariantName = "[No Variations]"
Change component parameters (AddParameter): Name = "Mounting Technology"; Value = "Surface Mount"; VariantName = "[No Variations]"
Change component parameters (AddParameter): Name = "Number of Terminals"; Value = "2"; VariantName = "[No Variations]"
Change component parameters (AddParameter): Name = "Pricing"; Value = "4000=0,0059, 16000=0,0057, 60000=0,0055, 100000=0,0054, 200000=0,0052 (USD)"; VariantName = "[No Variations]"
Change component parameters (AddParameter): Name = "Radiation Hardening"; Value = "No"; VariantName = "[No Variations]"
Change component parameters (AddParameter): Name = "REACH SVHC"; Value = "Yes"; VariantName = "[No Variations]"
Change component parameters (AddParameter): Name = "RoHS"; Value = "Compliant"; VariantName = "[No Variations]"
Change component parameters (AddParameter): Name = "Schedule B"; Value = "8532240020, 8532240020|8532240020, 8532240020|8532240020|8532240020, 8532240020|8532240020|8532240020|8532240020"; VariantName = "[No Variations]"
Change component parameters (AddParameter): Name = "Stock"; Value = "6136000"; VariantName = "[No Variations]"
Change component parameters (AddParameter): Name = "Supplier"; Value = "Future Electronics"; VariantName = "[No Variations]"
Change component parameters (AddParameter): Name = "Supplier Part Number"; Value = "CL21B104KBCNNNC"; VariantName = "[No Variations]"
Change component parameters (AddParameter): Name = "Thickness"; Value = "939.8µm"; VariantName = "[No Variations]"
Change component parameters (AddParameter): Name = "Tolerance"; Value = "10%"; VariantName = "[No Variations]"
Change component parameters (AddParameter): Name = "Value"; Value = "100nF"; VariantName = "[No Variations]"
Change component parameters (AddParameter): Name = "Voltage"; Value = "50V"; VariantName = "[No Variations]"
Change component parameters (AddParameter): Name = "Voltage Rating"; Value = "50V"; VariantName = "[No Variations]"
Change component parameters (AddParameter): Name = "Voltage Rating (DC)"; Value = "50V"; VariantName = "[No Variations]"
Change component parameters (AddParameter): Name = "Width"; Value = "1.25mm"; VariantName = "[No Variations]"
Change component parameters: Designator = "C5" ("C5"); Footprint = "C0402 - IRON SOLDERING"; UniqueID = "\USTMRZFV" ("\USTMRZFV")
Change component parameters (AddParameter): Name = ".Mounting"; Value = "SMD"; VariantName = "[No Variations]"
Change component parameters (AddParameter): Name = ".PCBChecked"; Value = ""; VariantName = "[No Variations]"
Change component parameters (AddParameter): Name = ".SCHChecked"; Value = ""; VariantName = "[No Variations]"
Change component parameters (AddParameter): Name = "Case Code (Imperial)"; Value = "0805"; VariantName = "[No Variations]"
Change component parameters (AddParameter): Name = "Case Code (Metric)"; Value = "2012"; VariantName = "[No Variations]"
Change component parameters (AddParameter): Name = "Case/Package"; Value = "0805"; VariantName = "[No Variations]"
Change component parameters (AddParameter): Name = "Category"; Value = "Ceramic Capacitors"; VariantName = "[No Variations]"
Change component parameters (AddParameter): Name = "China RoHS"; Value = "Compliant"; VariantName = "[No Variations]"
Change component parameters (AddParameter): Name = "ComponentLink1Description"; Value = "https://datasheet.octopart.com:443/CL21B104KBCNNNC-Samsung-Electro-Mechanics-datasheet-137745078.pdf?src-supplier=IHS"; VariantName = "[No Variations]"
Change component parameters (AddParameter): Name = "ComponentLink1URL"; Value = "https://datasheet.octopart.com:443/CL21B104KBCNNNC-Samsung-Electro-Mechanics-datasheet-137745078.pdf?src-supplier=IHS"; VariantName = "[No Variations]"
Change component parameters (AddParameter): Name = "ComponentLink2Description"; Value = "https://datasheet.octopart.com/CL21B104KBCNNNC-Samsung-Electro-Mechanics-datasheet-8324245.pdf"; VariantName = "[No Variations]"
Change component parameters (AddParameter): Name = "ComponentLink2URL"; Value = "https://datasheet.octopart.com/CL21B104KBCNNNC-Samsung-Electro-Mechanics-datasheet-8324245.pdf"; VariantName = "[No Variations]"
Change component parameters (AddParameter): Name = "ComponentLink3Description"; Value = "https://datasheet.octopart.com/CL21B104KBCNNNC-Samsung-Electro-Mechanics-datasheet-97040617.pdf"; VariantName = "[No Variations]"
Change component parameters (AddParameter): Name = "ComponentLink3URL"; Value = "https://datasheet.octopart.com/CL21B104KBCNNNC-Samsung-Electro-Mechanics-datasheet-97040617.pdf"; VariantName = "[No Variations]"
Change component parameters (AddParameter): Name = "ComponentLink4Description"; Value = "https://datasheet.octopart.com/General-Multilayer-Ceramic-Capacitors-Samsung-datasheet-family-111.pdf"; VariantName = "[No Variations]"
Change component parameters (AddParameter): Name = "ComponentLink4URL"; Value = "https://datasheet.octopart.com/General-Multilayer-Ceramic-Capacitors-Samsung-datasheet-family-111.pdf"; VariantName = "[No Variations]"
Change component parameters (AddParameter): Name = "ComponentLink5Description"; Value = "https://datasheet.octopart.com:443/CL21B104KBCNNNC-Samsung-Electro-Mechanics-datasheet-11548950.pdf?src-supplier=Future+Electronics"; VariantName = "[No Variations]"
Change component parameters (AddParameter): Name = "ComponentLink5URL"; Value = "https://datasheet.octopart.com:443/CL21B104KBCNNNC-Samsung-Electro-Mechanics-datasheet-11548950.pdf?src-supplier=Future+Electronics"; VariantName = "[No Variations]"
Change component parameters (AddParameter): Name = "ComponentLink6Description"; Value = "https://datasheet.octopart.com:443/CL21B104KBCNNNC-Samsung-Electro-Mechanics-datasheet-116891032.pdf?src-supplier=Future+Electronics"; VariantName = "[No Variations]"
Change component parameters (AddParameter): Name = "ComponentLink6URL"; Value = "https://datasheet.octopart.com:443/CL21B104KBCNNNC-Samsung-Electro-Mechanics-datasheet-116891032.pdf?src-supplier=Future+Electronics"; VariantName = "[No Variations]"
Change component parameters (AddParameter): Name = "ComponentLink7Description"; Value = "https://datasheet.octopart.com:443/CL21B104KBCNNNC-Samsung-Electro-Mechanics-datasheet-81462175.pdf?src-supplier=Future+Electronics"; VariantName = "[No Variations]"
Change component parameters (AddParameter): Name = "ComponentLink7URL"; Value = "https://datasheet.octopart.com:443/CL21B104KBCNNNC-Samsung-Electro-Mechanics-datasheet-81462175.pdf?src-supplier=Future+Electronics"; VariantName = "[No Variations]"
Change component parameters (AddParameter): Name = "ComponentLink8Description"; Value = "https://datasheet.octopart.com:443/CL21B104KBCNNNC-Samsung-datasheet-42485244.pdf?src-supplier=Future+Electronics"; VariantName = "[No Variations]"
Change component parameters (AddParameter): Name = "ComponentLink8URL"; Value = "https://datasheet.octopart.com:443/CL21B104KBCNNNC-Samsung-datasheet-42485244.pdf?src-supplier=Future+Electronics"; VariantName = "[No Variations]"
Change component parameters (AddParameter): Name = "ComponentLink9Description"; Value = "https://datasheet.octopart.com:443/CL21B104KBCNNNC-Samsung-Electro-Mechanics-datasheet-149045937.pdf?src-supplier=Future+Electronics"; VariantName = "[No Variations]"
Change component parameters (AddParameter): Name = "ComponentLink9URL"; Value = "https://datasheet.octopart.com:443/CL21B104KBCNNNC-Samsung-Electro-Mechanics-datasheet-149045937.pdf?src-supplier=Future+Electronics"; VariantName = "[No Variations]"
Change component parameters (AddParameter): Name = "ComponentLink10Description"; Value = "https://datasheet.octopart.com:443/CL21B104KBCNNNC-Samsung-datasheet-8326407.pdf?src-supplier=TME"; VariantName = "[No Variations]"
Change component parameters (AddParameter): Name = "ComponentLink10URL"; Value = "https://datasheet.octopart.com:443/CL21B104KBCNNNC-Samsung-datasheet-8326407.pdf?src-supplier=TME"; VariantName = "[No Variations]"
Change component parameters (AddParameter): Name = "ComponentLink11Description"; Value = "http://sigma.octopart.com:80/rohs_certificate/General-Multilayer-Ceramic-Capacitors-Samsung-family-110.pdf?src-supplier=Compliance+Statements"; VariantName = "[No Variations]"
Change component parameters (AddParameter): Name = "ComponentLink11URL"; Value = "http://sigma.octopart.com:80/rohs_certificate/General-Multilayer-Ceramic-Capacitors-Samsung-family-110.pdf?src-supplier=Compliance+Statements"; VariantName = "[No Variations]"
Change component parameters (AddParameter): Name = "ComponentLink12Description"; Value = "http://sigma.octopart.com:80/rohs_statement/General-Multilayer-Ceramic-Capacitors-Samsung-family-132.pdf?src-supplier=Compliance+Statements"; VariantName = "[No Variations]"
Change component parameters (AddParameter): Name = "ComponentLink12URL"; Value = "http://sigma.octopart.com:80/rohs_statement/General-Multilayer-Ceramic-Capacitors-Samsung-family-132.pdf?src-supplier=Compliance+Statements"; VariantName = "[No Variations]"
Change component parameters (AddParameter): Name = "ComponentLink13Description"; Value = "http://sigma.octopart.com:80/reach_statement/General-Multilayer-Ceramic-Capacitors-Samsung-family-133.pdf?src-supplier=Compliance+Statements"; VariantName = "[No Variations]"
Change component parameters (AddParameter): Name = "ComponentLink13URL"; Value = "http://sigma.octopart.com:80/reach_statement/General-Multilayer-Ceramic-Capacitors-Samsung-family-133.pdf?src-supplier=Compliance+Statements"; VariantName = "[No Variations]"
Change component parameters (AddParameter): Name = "Contact Plating"; Value = "Tin"; VariantName = "[No Variations]"
Change component parameters (AddParameter): Name = "Country of Origin"; Value = "Mainland China, Philippines, South Korea"; VariantName = "[No Variations]"
Change component parameters (AddParameter): Name = "Depth"; Value = "1.25mm"; VariantName = "[No Variations]"
Change component parameters (AddParameter): Name = "Dielectric"; Value = "X7R"; VariantName = "[No Variations]"
Change component parameters (AddParameter): Name = "Dielectric Material"; Value = "Ceramic"; VariantName = "[No Variations]"
Change component parameters (AddParameter): Name = "Export Control Classification Number (ECCN) Code"; Value = "EAR99"; VariantName = "[No Variations]"
Change component parameters (AddParameter): Name = "Harmonized Tariff Schedule (HTS) Code"; Value = "8532.24.00.20"; VariantName = "[No Variations]"
Change component parameters (AddParameter): Name = "Height"; Value = "950µm"; VariantName = "[No Variations]"
Change component parameters (AddParameter): Name = "Introduction Date"; Value = "2009-07-27"; VariantName = "[No Variations]"
Change component parameters (AddParameter): Name = "Lead Free"; Value = "Lead Free"; VariantName = "[No Variations]"
Change component parameters (AddParameter): Name = "Length"; Value = "2mm"; VariantName = "[No Variations]"
Change component parameters (AddParameter): Name = "Lifecycle Status"; Value = "Production"; VariantName = "[No Variations]"
Change component parameters (AddParameter): Name = "Manufacturer"; Value = "Samsung Electro-Mechanics"; VariantName = "[No Variations]"
Change component parameters (AddParameter): Name = "Manufacturer Part Number"; Value = "CL21B104KBCNNNC"; VariantName = "[No Variations]"
Change component parameters (AddParameter): Name = "Material"; Value = "Ceramic"; VariantName = "[No Variations]"
Change component parameters (AddParameter): Name = "Max Operating Temperature"; Value = "125°C"; VariantName = "[No Variations]"
Change component parameters (AddParameter): Name = "Min Operating Temperature"; Value = "-55°C"; VariantName = "[No Variations]"
Change component parameters (AddParameter): Name = "Mounting Technology"; Value = "Surface Mount"; VariantName = "[No Variations]"
Change component parameters (AddParameter): Name = "Number of Terminals"; Value = "2"; VariantName = "[No Variations]"
Change component parameters (AddParameter): Name = "Pricing"; Value = "4000=0,0059, 16000=0,0057, 60000=0,0055, 100000=0,0054, 200000=0,0052 (USD)"; VariantName = "[No Variations]"
Change component parameters (AddParameter): Name = "Radiation Hardening"; Value = "No"; VariantName = "[No Variations]"
Change component parameters (AddParameter): Name = "REACH SVHC"; Value = "Yes"; VariantName = "[No Variations]"
Change component parameters (AddParameter): Name = "RoHS"; Value = "Compliant"; VariantName = "[No Variations]"
Change component parameters (AddParameter): Name = "Schedule B"; Value = "8532240020, 8532240020|8532240020, 8532240020|8532240020|8532240020, 8532240020|8532240020|8532240020|8532240020"; VariantName = "[No Variations]"
Change component parameters (AddParameter): Name = "Stock"; Value = "6136000"; VariantName = "[No Variations]"
Change component parameters (AddParameter): Name = "Supplier"; Value = "Future Electronics"; VariantName = "[No Variations]"
Change component parameters (AddParameter): Name = "Supplier Part Number"; Value = "CL21B104KBCNNNC"; VariantName = "[No Variations]"
Change component parameters (AddParameter): Name = "Thickness"; Value = "939.8µm"; VariantName = "[No Variations]"
Change component parameters (AddParameter): Name = "Tolerance"; Value = "10%"; VariantName = "[No Variations]"
Change component parameters (AddParameter): Name = "Value"; Value = "100nF"; VariantName = "[No Variations]"
Change component parameters (AddParameter): Name = "Voltage"; Value = "50V"; VariantName = "[No Variations]"
Change component parameters (AddParameter): Name = "Voltage Rating"; Value = "50V"; VariantName = "[No Variations]"
Change component parameters (AddParameter): Name = "Voltage Rating (DC)"; Value = "50V"; VariantName = "[No Variations]"
Change component parameters (AddParameter): Name = "Width"; Value = "1.25mm"; VariantName = "[No Variations]"
Change component parameters: Designator = "C6" ("C6"); Footprint = "C0402 - IRON SOLDERING"; UniqueID = "\OJZPUUBQ" ("\OJZPUUBQ")
Change component parameters (AddParameter): Name = ".Mounting"; Value = "SMD"; VariantName = "[No Variations]"
Change component parameters (AddParameter): Name = ".PCBChecked"; Value = ""; VariantName = "[No Variations]"
Change component parameters (AddParameter): Name = ".SCHChecked"; Value = ""; VariantName = "[No Variations]"
Change component parameters (AddParameter): Name = "Case Code (Imperial)"; Value = "0805"; VariantName = "[No Variations]"
Change component parameters (AddParameter): Name = "Case Code (Metric)"; Value = "2012"; VariantName = "[No Variations]"
Change component parameters (AddParameter): Name = "Case/Package"; Value = "0805"; VariantName = "[No Variations]"
Change component parameters (AddParameter): Name = "Category"; Value = "Ceramic Capacitors"; VariantName = "[No Variations]"
Change component parameters (AddParameter): Name = "China RoHS"; Value = "Compliant"; VariantName = "[No Variations]"
Change component parameters (AddParameter): Name = "ComponentLink1Description"; Value = "https://datasheet.octopart.com:443/CL21B104KBCNNNC-Samsung-Electro-Mechanics-datasheet-137745078.pdf?src-supplier=IHS"; VariantName = "[No Variations]"
Change component parameters (AddParameter): Name = "ComponentLink1URL"; Value = "https://datasheet.octopart.com:443/CL21B104KBCNNNC-Samsung-Electro-Mechanics-datasheet-137745078.pdf?src-supplier=IHS"; VariantName = "[No Variations]"
Change component parameters (AddParameter): Name = "ComponentLink2Description"; Value = "https://datasheet.octopart.com/CL21B104KBCNNNC-Samsung-Electro-Mechanics-datasheet-8324245.pdf"; VariantName = "[No Variations]"
Change component parameters (AddParameter): Name = "ComponentLink2URL"; Value = "https://datasheet.octopart.com/CL21B104KBCNNNC-Samsung-Electro-Mechanics-datasheet-8324245.pdf"; VariantName = "[No Variations]"
Change component parameters (AddParameter): Name = "ComponentLink3Description"; Value = "https://datasheet.octopart.com/CL21B104KBCNNNC-Samsung-Electro-Mechanics-datasheet-97040617.pdf"; VariantName = "[No Variations]"
Change component parameters (AddParameter): Name = "ComponentLink3URL"; Value = "https://datasheet.octopart.com/CL21B104KBCNNNC-Samsung-Electro-Mechanics-datasheet-97040617.pdf"; VariantName = "[No Variations]"
Change component parameters (AddParameter): Name = "ComponentLink4Description"; Value = "https://datasheet.octopart.com/General-Multilayer-Ceramic-Capacitors-Samsung-datasheet-family-111.pdf"; VariantName = "[No Variations]"
Change component parameters (AddParameter): Name = "ComponentLink4URL"; Value = "https://datasheet.octopart.com/General-Multilayer-Ceramic-Capacitors-Samsung-datasheet-family-111.pdf"; VariantName = "[No Variations]"
Change component parameters (AddParameter): Name = "ComponentLink5Description"; Value = "https://datasheet.octopart.com:443/CL21B104KBCNNNC-Samsung-Electro-Mechanics-datasheet-11548950.pdf?src-supplier=Future+Electronics"; VariantName = "[No Variations]"
Change component parameters (AddParameter): Name = "ComponentLink5URL"; Value = "https://datasheet.octopart.com:443/CL21B104KBCNNNC-Samsung-Electro-Mechanics-datasheet-11548950.pdf?src-supplier=Future+Electronics"; VariantName = "[No Variations]"
Change component parameters (AddParameter): Name = "ComponentLink6Description"; Value = "https://datasheet.octopart.com:443/CL21B104KBCNNNC-Samsung-Electro-Mechanics-datasheet-116891032.pdf?src-supplier=Future+Electronics"; VariantName = "[No Variations]"
Change component parameters (AddParameter): Name = "ComponentLink6URL"; Value = "https://datasheet.octopart.com:443/CL21B104KBCNNNC-Samsung-Electro-Mechanics-datasheet-116891032.pdf?src-supplier=Future+Electronics"; VariantName = "[No Variations]"
Change component parameters (AddParameter): Name = "ComponentLink7Description"; Value = "https://datasheet.octopart.com:443/CL21B104KBCNNNC-Samsung-Electro-Mechanics-datasheet-81462175.pdf?src-supplier=Future+Electronics"; VariantName = "[No Variations]"
Change component parameters (AddParameter): Name = "ComponentLink7URL"; Value = "https://datasheet.octopart.com:443/CL21B104KBCNNNC-Samsung-Electro-Mechanics-datasheet-81462175.pdf?src-supplier=Future+Electronics"; VariantName = "[No Variations]"
Change component parameters (AddParameter): Name = "ComponentLink8Description"; Value = "https://datasheet.octopart.com:443/CL21B104KBCNNNC-Samsung-datasheet-42485244.pdf?src-supplier=Future+Electronics"; VariantName = "[No Variations]"
Change component parameters (AddParameter): Name = "ComponentLink8URL"; Value = "https://datasheet.octopart.com:443/CL21B104KBCNNNC-Samsung-datasheet-42485244.pdf?src-supplier=Future+Electronics"; VariantName = "[No Variations]"
Change component parameters (AddParameter): Name = "ComponentLink9Description"; Value = "https://datasheet.octopart.com:443/CL21B104KBCNNNC-Samsung-Electro-Mechanics-datasheet-149045937.pdf?src-supplier=Future+Electronics"; VariantName = "[No Variations]"
Change component parameters (AddParameter): Name = "ComponentLink9URL"; Value = "https://datasheet.octopart.com:443/CL21B104KBCNNNC-Samsung-Electro-Mechanics-datasheet-149045937.pdf?src-supplier=Future+Electronics"; VariantName = "[No Variations]"
Change component parameters (AddParameter): Name = "ComponentLink10Description"; Value = "https://datasheet.octopart.com:443/CL21B104KBCNNNC-Samsung-datasheet-8326407.pdf?src-supplier=TME"; VariantName = "[No Variations]"
Change component parameters (AddParameter): Name = "ComponentLink10URL"; Value = "https://datasheet.octopart.com:443/CL21B104KBCNNNC-Samsung-datasheet-8326407.pdf?src-supplier=TME"; VariantName = "[No Variations]"
Change component parameters (AddParameter): Name = "ComponentLink11Description"; Value = "http://sigma.octopart.com:80/rohs_certificate/General-Multilayer-Ceramic-Capacitors-Samsung-family-110.pdf?src-supplier=Compliance+Statements"; VariantName = "[No Variations]"
Change component parameters (AddParameter): Name = "ComponentLink11URL"; Value = "http://sigma.octopart.com:80/rohs_certificate/General-Multilayer-Ceramic-Capacitors-Samsung-family-110.pdf?src-supplier=Compliance+Statements"; VariantName = "[No Variations]"
Change component parameters (AddParameter): Name = "ComponentLink12Description"; Value = "http://sigma.octopart.com:80/rohs_statement/General-Multilayer-Ceramic-Capacitors-Samsung-family-132.pdf?src-supplier=Compliance+Statements"; VariantName = "[No Variations]"
Change component parameters (AddParameter): Name = "ComponentLink12URL"; Value = "http://sigma.octopart.com:80/rohs_statement/General-Multilayer-Ceramic-Capacitors-Samsung-family-132.pdf?src-supplier=Compliance+Statements"; VariantName = "[No Variations]"
Change component parameters (AddParameter): Name = "ComponentLink13Description"; Value = "http://sigma.octopart.com:80/reach_statement/General-Multilayer-Ceramic-Capacitors-Samsung-family-133.pdf?src-supplier=Compliance+Statements"; VariantName = "[No Variations]"
Change component parameters (AddParameter): Name = "ComponentLink13URL"; Value = "http://sigma.octopart.com:80/reach_statement/General-Multilayer-Ceramic-Capacitors-Samsung-family-133.pdf?src-supplier=Compliance+Statements"; VariantName = "[No Variations]"
Change component parameters (AddParameter): Name = "Contact Plating"; Value = "Tin"; VariantName = "[No Variations]"
Change component parameters (AddParameter): Name = "Country of Origin"; Value = "Mainland China, Philippines, South Korea"; VariantName = "[No Variations]"
Change component parameters (AddParameter): Name = "Depth"; Value = "1.25mm"; VariantName = "[No Variations]"
Change component parameters (AddParameter): Name = "Dielectric"; Value = "X7R"; VariantName = "[No Variations]"
Change component parameters (AddParameter): Name = "Dielectric Material"; Value = "Ceramic"; VariantName = "[No Variations]"
Change component parameters (AddParameter): Name = "Export Control Classification Number (ECCN) Code"; Value = "EAR99"; VariantName = "[No Variations]"
Change component parameters (AddParameter): Name = "Harmonized Tariff Schedule (HTS) Code"; Value = "8532.24.00.20"; VariantName = "[No Variations]"
Change component parameters (AddParameter): Name = "Height"; Value = "950µm"; VariantName = "[No Variations]"
Change component parameters (AddParameter): Name = "Introduction Date"; Value = "2009-07-27"; VariantName = "[No Variations]"
Change component parameters (AddParameter): Name = "Lead Free"; Value = "Lead Free"; VariantName = "[No Variations]"
Change component parameters (AddParameter): Name = "Length"; Value = "2mm"; VariantName = "[No Variations]"
Change component parameters (AddParameter): Name = "Lifecycle Status"; Value = "Production"; VariantName = "[No Variations]"
Change component parameters (AddParameter): Name = "Manufacturer"; Value = "Samsung Electro-Mechanics"; VariantName = "[No Variations]"
Change component parameters (AddParameter): Name = "Manufacturer Part Number"; Value = "CL21B104KBCNNNC"; VariantName = "[No Variations]"
Change component parameters (AddParameter): Name = "Material"; Value = "Ceramic"; VariantName = "[No Variations]"
Change component parameters (AddParameter): Name = "Max Operating Temperature"; Value = "125°C"; VariantName = "[No Variations]"
Change component parameters (AddParameter): Name = "Min Operating Temperature"; Value = "-55°C"; VariantName = "[No Variations]"
Change component parameters (AddParameter): Name = "Mounting Technology"; Value = "Surface Mount"; VariantName = "[No Variations]"
Change component parameters (AddParameter): Name = "Number of Terminals"; Value = "2"; VariantName = "[No Variations]"
Change component parameters (AddParameter): Name = "Pricing"; Value = "4000=0,0059, 16000=0,0057, 60000=0,0055, 100000=0,0054, 200000=0,0052 (USD)"; VariantName = "[No Variations]"
Change component parameters (AddParameter): Name = "Radiation Hardening"; Value = "No"; VariantName = "[No Variations]"
Change component parameters (AddParameter): Name = "REACH SVHC"; Value = "Yes"; VariantName = "[No Variations]"
Change component parameters (AddParameter): Name = "RoHS"; Value = "Compliant"; VariantName = "[No Variations]"
Change component parameters (AddParameter): Name = "Schedule B"; Value = "8532240020, 8532240020|8532240020, 8532240020|8532240020|8532240020, 8532240020|8532240020|8532240020|8532240020"; VariantName = "[No Variations]"
Change component parameters (AddParameter): Name = "Stock"; Value = "6136000"; VariantName = "[No Variations]"
Change component parameters (AddParameter): Name = "Supplier"; Value = "Future Electronics"; VariantName = "[No Variations]"
Change component parameters (AddParameter): Name = "Supplier Part Number"; Value = "CL21B104KBCNNNC"; VariantName = "[No Variations]"
Change component parameters (AddParameter): Name = "Thickness"; Value = "939.8µm"; VariantName = "[No Variations]"
Change component parameters (AddParameter): Name = "Tolerance"; Value = "10%"; VariantName = "[No Variations]"
Change component parameters (AddParameter): Name = "Value"; Value = "100nF"; VariantName = "[No Variations]"
Change component parameters (AddParameter): Name = "Voltage"; Value = "50V"; VariantName = "[No Variations]"
Change component parameters (AddParameter): Name = "Voltage Rating"; Value = "50V"; VariantName = "[No Variations]"
Change component parameters (AddParameter): Name = "Voltage Rating (DC)"; Value = "50V"; VariantName = "[No Variations]"
Change component parameters (AddParameter): Name = "Width"; Value = "1.25mm"; VariantName = "[No Variations]"
Change component parameters: Designator = "C7" ("C7"); Footprint = "C0402 - IRON SOLDERING"; UniqueID = "\UYPLHXMW" ("\UYPLHXMW")
Change component parameters (AddParameter): Name = ".Mounting"; Value = "SMD"; VariantName = "[No Variations]"
Change component parameters (AddParameter): Name = ".PCBChecked"; Value = ""; VariantName = "[No Variations]"
Change component parameters (AddParameter): Name = ".SCHChecked"; Value = ""; VariantName = "[No Variations]"
Change component parameters (AddParameter): Name = "Case Code (Imperial)"; Value = "0805"; VariantName = "[No Variations]"
Change component parameters (AddParameter): Name = "Case Code (Metric)"; Value = "2012"; VariantName = "[No Variations]"
Change component parameters (AddParameter): Name = "Case/Package"; Value = "0805"; VariantName = "[No Variations]"
Change component parameters (AddParameter): Name = "Category"; Value = "Ceramic Capacitors"; VariantName = "[No Variations]"
Change component parameters (AddParameter): Name = "China RoHS"; Value = "Compliant"; VariantName = "[No Variations]"
Change component parameters (AddParameter): Name = "ComponentLink1Description"; Value = "https://datasheet.octopart.com:443/CL21B104KBCNNNC-Samsung-Electro-Mechanics-datasheet-137745078.pdf?src-supplier=IHS"; VariantName = "[No Variations]"
Change component parameters (AddParameter): Name = "ComponentLink1URL"; Value = "https://datasheet.octopart.com:443/CL21B104KBCNNNC-Samsung-Electro-Mechanics-datasheet-137745078.pdf?src-supplier=IHS"; VariantName = "[No Variations]"
Change component parameters (AddParameter): Name = "ComponentLink2Description"; Value = "https://datasheet.octopart.com/CL21B104KBCNNNC-Samsung-Electro-Mechanics-datasheet-8324245.pdf"; VariantName = "[No Variations]"
Change component parameters (AddParameter): Name = "ComponentLink2URL"; Value = "https://datasheet.octopart.com/CL21B104KBCNNNC-Samsung-Electro-Mechanics-datasheet-8324245.pdf"; VariantName = "[No Variations]"
Change component parameters (AddParameter): Name = "ComponentLink3Description"; Value = "https://datasheet.octopart.com/CL21B104KBCNNNC-Samsung-Electro-Mechanics-datasheet-97040617.pdf"; VariantName = "[No Variations]"
Change component parameters (AddParameter): Name = "ComponentLink3URL"; Value = "https://datasheet.octopart.com/CL21B104KBCNNNC-Samsung-Electro-Mechanics-datasheet-97040617.pdf"; VariantName = "[No Variations]"
Change component parameters (AddParameter): Name = "ComponentLink4Description"; Value = "https://datasheet.octopart.com/General-Multilayer-Ceramic-Capacitors-Samsung-datasheet-family-111.pdf"; VariantName = "[No Variations]"
Change component parameters (AddParameter): Name = "ComponentLink4URL"; Value = "https://datasheet.octopart.com/General-Multilayer-Ceramic-Capacitors-Samsung-datasheet-family-111.pdf"; VariantName = "[No Variations]"
Change component parameters (AddParameter): Name = "ComponentLink5Description"; Value = "https://datasheet.octopart.com:443/CL21B104KBCNNNC-Samsung-Electro-Mechanics-datasheet-11548950.pdf?src-supplier=Future+Electronics"; VariantName = "[No Variations]"
Change component parameters (AddParameter): Name = "ComponentLink5URL"; Value = "https://datasheet.octopart.com:443/CL21B104KBCNNNC-Samsung-Electro-Mechanics-datasheet-11548950.pdf?src-supplier=Future+Electronics"; VariantName = "[No Variations]"
Change component parameters (AddParameter): Name = "ComponentLink6Description"; Value = "https://datasheet.octopart.com:443/CL21B104KBCNNNC-Samsung-Electro-Mechanics-datasheet-116891032.pdf?src-supplier=Future+Electronics"; VariantName = "[No Variations]"
Change component parameters (AddParameter): Name = "ComponentLink6URL"; Value = "https://datasheet.octopart.com:443/CL21B104KBCNNNC-Samsung-Electro-Mechanics-datasheet-116891032.pdf?src-supplier=Future+Electronics"; VariantName = "[No Variations]"
Change component parameters (AddParameter): Name = "ComponentLink7Description"; Value = "https://datasheet.octopart.com:443/CL21B104KBCNNNC-Samsung-Electro-Mechanics-datasheet-81462175.pdf?src-supplier=Future+Electronics"; VariantName = "[No Variations]"
Change component parameters (AddParameter): Name = "ComponentLink7URL"; Value = "https://datasheet.octopart.com:443/CL21B104KBCNNNC-Samsung-Electro-Mechanics-datasheet-81462175.pdf?src-supplier=Future+Electronics"; VariantName = "[No Variations]"
Change component parameters (AddParameter): Name = "ComponentLink8Description"; Value = "https://datasheet.octopart.com:443/CL21B104KBCNNNC-Samsung-datasheet-42485244.pdf?src-supplier=Future+Electronics"; VariantName = "[No Variations]"
Change component parameters (AddParameter): Name = "ComponentLink8URL"; Value = "https://datasheet.octopart.com:443/CL21B104KBCNNNC-Samsung-datasheet-42485244.pdf?src-supplier=Future+Electronics"; VariantName = "[No Variations]"
Change component parameters (AddParameter): Name = "ComponentLink9Description"; Value = "https://datasheet.octopart.com:443/CL21B104KBCNNNC-Samsung-Electro-Mechanics-datasheet-149045937.pdf?src-supplier=Future+Electronics"; VariantName = "[No Variations]"
Change component parameters (AddParameter): Name = "ComponentLink9URL"; Value = "https://datasheet.octopart.com:443/CL21B104KBCNNNC-Samsung-Electro-Mechanics-datasheet-149045937.pdf?src-supplier=Future+Electronics"; VariantName = "[No Variations]"
Change component parameters (AddParameter): Name = "ComponentLink10Description"; Value = "https://datasheet.octopart.com:443/CL21B104KBCNNNC-Samsung-datasheet-8326407.pdf?src-supplier=TME"; VariantName = "[No Variations]"
Change component parameters (AddParameter): Name = "ComponentLink10URL"; Value = "https://datasheet.octopart.com:443/CL21B104KBCNNNC-Samsung-datasheet-8326407.pdf?src-supplier=TME"; VariantName = "[No Variations]"
Change component parameters (AddParameter): Name = "ComponentLink11Description"; Value = "http://sigma.octopart.com:80/rohs_certificate/General-Multilayer-Ceramic-Capacitors-Samsung-family-110.pdf?src-supplier=Compliance+Statements"; VariantName = "[No Variations]"
Change component parameters (AddParameter): Name = "ComponentLink11URL"; Value = "http://sigma.octopart.com:80/rohs_certificate/General-Multilayer-Ceramic-Capacitors-Samsung-family-110.pdf?src-supplier=Compliance+Statements"; VariantName = "[No Variations]"
Change component parameters (AddParameter): Name = "ComponentLink12Description"; Value = "http://sigma.octopart.com:80/rohs_statement/General-Multilayer-Ceramic-Capacitors-Samsung-family-132.pdf?src-supplier=Compliance+Statements"; VariantName = "[No Variations]"
Change component parameters (AddParameter): Name = "ComponentLink12URL"; Value = "http://sigma.octopart.com:80/rohs_statement/General-Multilayer-Ceramic-Capacitors-Samsung-family-132.pdf?src-supplier=Compliance+Statements"; VariantName = "[No Variations]"
Change component parameters (AddParameter): Name = "ComponentLink13Description"; Value = "http://sigma.octopart.com:80/reach_statement/General-Multilayer-Ceramic-Capacitors-Samsung-family-133.pdf?src-supplier=Compliance+Statements"; VariantName = "[No Variations]"
Change component parameters (AddParameter): Name = "ComponentLink13URL"; Value = "http://sigma.octopart.com:80/reach_statement/General-Multilayer-Ceramic-Capacitors-Samsung-family-133.pdf?src-supplier=Compliance+Statements"; VariantName = "[No Variations]"
Change component parameters (AddParameter): Name = "Contact Plating"; Value = "Tin"; VariantName = "[No Variations]"
Change component parameters (AddParameter): Name = "Country of Origin"; Value = "Mainland China, Philippines, South Korea"; VariantName = "[No Variations]"
Change component parameters (AddParameter): Name = "Depth"; Value = "1.25mm"; VariantName = "[No Variations]"
Change component parameters (AddParameter): Name = "Dielectric"; Value = "X7R"; VariantName = "[No Variations]"
Change component parameters (AddParameter): Name = "Dielectric Material"; Value = "Ceramic"; VariantName = "[No Variations]"
Change component parameters (AddParameter): Name = "Export Control Classification Number (ECCN) Code"; Value = "EAR99"; VariantName = "[No Variations]"
Change component parameters (AddParameter): Name = "Harmonized Tariff Schedule (HTS) Code"; Value = "8532.24.00.20"; VariantName = "[No Variations]"
Change component parameters (AddParameter): Name = "Height"; Value = "950µm"; VariantName = "[No Variations]"
Change component parameters (AddParameter): Name = "Introduction Date"; Value = "2009-07-27"; VariantName = "[No Variations]"
Change component parameters (AddParameter): Name = "Lead Free"; Value = "Lead Free"; VariantName = "[No Variations]"
Change component parameters (AddParameter): Name = "Length"; Value = "2mm"; VariantName = "[No Variations]"
Change component parameters (AddParameter): Name = "Lifecycle Status"; Value = "Production"; VariantName = "[No Variations]"
Change component parameters (AddParameter): Name = "Manufacturer"; Value = "Samsung Electro-Mechanics"; VariantName = "[No Variations]"
Change component parameters (AddParameter): Name = "Manufacturer Part Number"; Value = "CL21B104KBCNNNC"; VariantName = "[No Variations]"
Change component parameters (AddParameter): Name = "Material"; Value = "Ceramic"; VariantName = "[No Variations]"
Change component parameters (AddParameter): Name = "Max Operating Temperature"; Value = "125°C"; VariantName = "[No Variations]"
Change component parameters (AddParameter): Name = "Min Operating Temperature"; Value = "-55°C"; VariantName = "[No Variations]"
Change component parameters (AddParameter): Name = "Mounting Technology"; Value = "Surface Mount"; VariantName = "[No Variations]"
Change component parameters (AddParameter): Name = "Number of Terminals"; Value = "2"; VariantName = "[No Variations]"
Change component parameters (AddParameter): Name = "Pricing"; Value = "4000=0,0059, 16000=0,0057, 60000=0,0055, 100000=0,0054, 200000=0,0052 (USD)"; VariantName = "[No Variations]"
Change component parameters (AddParameter): Name = "Radiation Hardening"; Value = "No"; VariantName = "[No Variations]"
Change component parameters (AddParameter): Name = "REACH SVHC"; Value = "Yes"; VariantName = "[No Variations]"
Change component parameters (AddParameter): Name = "RoHS"; Value = "Compliant"; VariantName = "[No Variations]"
Change component parameters (AddParameter): Name = "Schedule B"; Value = "8532240020, 8532240020|8532240020, 8532240020|8532240020|8532240020, 8532240020|8532240020|8532240020|8532240020"; VariantName = "[No Variations]"
Change component parameters (AddParameter): Name = "Stock"; Value = "6136000"; VariantName = "[No Variations]"
Change component parameters (AddParameter): Name = "Supplier"; Value = "Future Electronics"; VariantName = "[No Variations]"
Change component parameters (AddParameter): Name = "Supplier Part Number"; Value = "CL21B104KBCNNNC"; VariantName = "[No Variations]"
Change component parameters (AddParameter): Name = "Thickness"; Value = "939.8µm"; VariantName = "[No Variations]"
Change component parameters (AddParameter): Name = "Tolerance"; Value = "10%"; VariantName = "[No Variations]"
Change component parameters (AddParameter): Name = "Value"; Value = "100nF"; VariantName = "[No Variations]"
Change component parameters (AddParameter): Name = "Voltage"; Value = "50V"; VariantName = "[No Variations]"
Change component parameters (AddParameter): Name = "Voltage Rating"; Value = "50V"; VariantName = "[No Variations]"
Change component parameters (AddParameter): Name = "Voltage Rating (DC)"; Value = "50V"; VariantName = "[No Variations]"
Change component parameters (AddParameter): Name = "Width"; Value = "1.25mm"; VariantName = "[No Variations]"
Change component parameters: Designator = "C8" ("C8"); Footprint = "C0402 - IRON SOLDERING"; UniqueID = "\HWKENINS" ("\HWKENINS")
Change component parameters (AddParameter): Name = ".Mounting"; Value = "SMD"; VariantName = "[No Variations]"
Change component parameters (AddParameter): Name = ".PCBChecked"; Value = ""; VariantName = "[No Variations]"
Change component parameters (AddParameter): Name = ".SCHChecked"; Value = ""; VariantName = "[No Variations]"
Change component parameters (AddParameter): Name = "Case Code (Imperial)"; Value = "0805"; VariantName = "[No Variations]"
Change component parameters (AddParameter): Name = "Case Code (Metric)"; Value = "2012"; VariantName = "[No Variations]"
Change component parameters (AddParameter): Name = "Case/Package"; Value = "0805"; VariantName = "[No Variations]"
Change component parameters (AddParameter): Name = "Category"; Value = "Ceramic Capacitors"; VariantName = "[No Variations]"
Change component parameters (AddParameter): Name = "China RoHS"; Value = "Compliant"; VariantName = "[No Variations]"
Change component parameters (AddParameter): Name = "ComponentLink1Description"; Value = "https://datasheet.octopart.com:443/CL21B104KBCNNNC-Samsung-Electro-Mechanics-datasheet-137745078.pdf?src-supplier=IHS"; VariantName = "[No Variations]"
Change component parameters (AddParameter): Name = "ComponentLink1URL"; Value = "https://datasheet.octopart.com:443/CL21B104KBCNNNC-Samsung-Electro-Mechanics-datasheet-137745078.pdf?src-supplier=IHS"; VariantName = "[No Variations]"
Change component parameters (AddParameter): Name = "ComponentLink2Description"; Value = "https://datasheet.octopart.com/CL21B104KBCNNNC-Samsung-Electro-Mechanics-datasheet-8324245.pdf"; VariantName = "[No Variations]"
Change component parameters (AddParameter): Name = "ComponentLink2URL"; Value = "https://datasheet.octopart.com/CL21B104KBCNNNC-Samsung-Electro-Mechanics-datasheet-8324245.pdf"; VariantName = "[No Variations]"
Change component parameters (AddParameter): Name = "ComponentLink3Description"; Value = "https://datasheet.octopart.com/CL21B104KBCNNNC-Samsung-Electro-Mechanics-datasheet-97040617.pdf"; VariantName = "[No Variations]"
Change component parameters (AddParameter): Name = "ComponentLink3URL"; Value = "https://datasheet.octopart.com/CL21B104KBCNNNC-Samsung-Electro-Mechanics-datasheet-97040617.pdf"; VariantName = "[No Variations]"
Change component parameters (AddParameter): Name = "ComponentLink4Description"; Value = "https://datasheet.octopart.com/General-Multilayer-Ceramic-Capacitors-Samsung-datasheet-family-111.pdf"; VariantName = "[No Variations]"
Change component parameters (AddParameter): Name = "ComponentLink4URL"; Value = "https://datasheet.octopart.com/General-Multilayer-Ceramic-Capacitors-Samsung-datasheet-family-111.pdf"; VariantName = "[No Variations]"
Change component parameters (AddParameter): Name = "ComponentLink5Description"; Value = "https://datasheet.octopart.com:443/CL21B104KBCNNNC-Samsung-Electro-Mechanics-datasheet-11548950.pdf?src-supplier=Future+Electronics"; VariantName = "[No Variations]"
Change component parameters (AddParameter): Name = "ComponentLink5URL"; Value = "https://datasheet.octopart.com:443/CL21B104KBCNNNC-Samsung-Electro-Mechanics-datasheet-11548950.pdf?src-supplier=Future+Electronics"; VariantName = "[No Variations]"
Change component parameters (AddParameter): Name = "ComponentLink6Description"; Value = "https://datasheet.octopart.com:443/CL21B104KBCNNNC-Samsung-Electro-Mechanics-datasheet-116891032.pdf?src-supplier=Future+Electronics"; VariantName = "[No Variations]"
Change component parameters (AddParameter): Name = "ComponentLink6URL"; Value = "https://datasheet.octopart.com:443/CL21B104KBCNNNC-Samsung-Electro-Mechanics-datasheet-116891032.pdf?src-supplier=Future+Electronics"; VariantName = "[No Variations]"
Change component parameters (AddParameter): Name = "ComponentLink7Description"; Value = "https://datasheet.octopart.com:443/CL21B104KBCNNNC-Samsung-Electro-Mechanics-datasheet-81462175.pdf?src-supplier=Future+Electronics"; VariantName = "[No Variations]"
Change component parameters (AddParameter): Name = "ComponentLink7URL"; Value = "https://datasheet.octopart.com:443/CL21B104KBCNNNC-Samsung-Electro-Mechanics-datasheet-81462175.pdf?src-supplier=Future+Electronics"; VariantName = "[No Variations]"
Change component parameters (AddParameter): Name = "ComponentLink8Description"; Value = "https://datasheet.octopart.com:443/CL21B104KBCNNNC-Samsung-datasheet-42485244.pdf?src-supplier=Future+Electronics"; VariantName = "[No Variations]"
Change component parameters (AddParameter): Name = "ComponentLink8URL"; Value = "https://datasheet.octopart.com:443/CL21B104KBCNNNC-Samsung-datasheet-42485244.pdf?src-supplier=Future+Electronics"; VariantName = "[No Variations]"
Change component parameters (AddParameter): Name = "ComponentLink9Description"; Value = "https://datasheet.octopart.com:443/CL21B104KBCNNNC-Samsung-Electro-Mechanics-datasheet-149045937.pdf?src-supplier=Future+Electronics"; VariantName = "[No Variations]"
Change component parameters (AddParameter): Name = "ComponentLink9URL"; Value = "https://datasheet.octopart.com:443/CL21B104KBCNNNC-Samsung-Electro-Mechanics-datasheet-149045937.pdf?src-supplier=Future+Electronics"; VariantName = "[No Variations]"
Change component parameters (AddParameter): Name = "ComponentLink10Description"; Value = "https://datasheet.octopart.com:443/CL21B104KBCNNNC-Samsung-datasheet-8326407.pdf?src-supplier=TME"; VariantName = "[No Variations]"
Change component parameters (AddParameter): Name = "ComponentLink10URL"; Value = "https://datasheet.octopart.com:443/CL21B104KBCNNNC-Samsung-datasheet-8326407.pdf?src-supplier=TME"; VariantName = "[No Variations]"
Change component parameters (AddParameter): Name = "ComponentLink11Description"; Value = "http://sigma.octopart.com:80/rohs_certificate/General-Multilayer-Ceramic-Capacitors-Samsung-family-110.pdf?src-supplier=Compliance+Statements"; VariantName = "[No Variations]"
Change component parameters (AddParameter): Name = "ComponentLink11URL"; Value = "http://sigma.octopart.com:80/rohs_certificate/General-Multilayer-Ceramic-Capacitors-Samsung-family-110.pdf?src-supplier=Compliance+Statements"; VariantName = "[No Variations]"
Change component parameters (AddParameter): Name = "ComponentLink12Description"; Value = "http://sigma.octopart.com:80/rohs_statement/General-Multilayer-Ceramic-Capacitors-Samsung-family-132.pdf?src-supplier=Compliance+Statements"; VariantName = "[No Variations]"
Change component parameters (AddParameter): Name = "ComponentLink12URL"; Value = "http://sigma.octopart.com:80/rohs_statement/General-Multilayer-Ceramic-Capacitors-Samsung-family-132.pdf?src-supplier=Compliance+Statements"; VariantName = "[No Variations]"
Change component parameters (AddParameter): Name = "ComponentLink13Description"; Value = "http://sigma.octopart.com:80/reach_statement/General-Multilayer-Ceramic-Capacitors-Samsung-family-133.pdf?src-supplier=Compliance+Statements"; VariantName = "[No Variations]"
Change component parameters (AddParameter): Name = "ComponentLink13URL"; Value = "http://sigma.octopart.com:80/reach_statement/General-Multilayer-Ceramic-Capacitors-Samsung-family-133.pdf?src-supplier=Compliance+Statements"; VariantName = "[No Variations]"
Change component parameters (AddParameter): Name = "Contact Plating"; Value = "Tin"; VariantName = "[No Variations]"
Change component parameters (AddParameter): Name = "Country of Origin"; Value = "Mainland China, Philippines, South Korea"; VariantName = "[No Variations]"
Change component parameters (AddParameter): Name = "Depth"; Value = "1.25mm"; VariantName = "[No Variations]"
Change component parameters (AddParameter): Name = "Dielectric"; Value = "X7R"; VariantName = "[No Variations]"
Change component parameters (AddParameter): Name = "Dielectric Material"; Value = "Ceramic"; VariantName = "[No Variations]"
Change component parameters (AddParameter): Name = "Export Control Classification Number (ECCN) Code"; Value = "EAR99"; VariantName = "[No Variations]"
Change component parameters (AddParameter): Name = "Harmonized Tariff Schedule (HTS) Code"; Value = "8532.24.00.20"; VariantName = "[No Variations]"
Change component parameters (AddParameter): Name = "Height"; Value = "950µm"; VariantName = "[No Variations]"
Change component parameters (AddParameter): Name = "Introduction Date"; Value = "2009-07-27"; VariantName = "[No Variations]"
Change component parameters (AddParameter): Name = "Lead Free"; Value = "Lead Free"; VariantName = "[No Variations]"
Change component parameters (AddParameter): Name = "Length"; Value = "2mm"; VariantName = "[No Variations]"
Change component parameters (AddParameter): Name = "Lifecycle Status"; Value = "Production"; VariantName = "[No Variations]"
Change component parameters (AddParameter): Name = "Manufacturer"; Value = "Samsung Electro-Mechanics"; VariantName = "[No Variations]"
Change component parameters (AddParameter): Name = "Manufacturer Part Number"; Value = "CL21B104KBCNNNC"; VariantName = "[No Variations]"
Change component parameters (AddParameter): Name = "Material"; Value = "Ceramic"; VariantName = "[No Variations]"
Change component parameters (AddParameter): Name = "Max Operating Temperature"; Value = "125°C"; VariantName = "[No Variations]"
Change component parameters (AddParameter): Name = "Min Operating Temperature"; Value = "-55°C"; VariantName = "[No Variations]"
Change component parameters (AddParameter): Name = "Mounting Technology"; Value = "Surface Mount"; VariantName = "[No Variations]"
Change component parameters (AddParameter): Name = "Number of Terminals"; Value = "2"; VariantName = "[No Variations]"
Change component parameters (AddParameter): Name = "Pricing"; Value = "4000=0,0059, 16000=0,0057, 60000=0,0055, 100000=0,0054, 200000=0,0052 (USD)"; VariantName = "[No Variations]"
Change component parameters (AddParameter): Name = "Radiation Hardening"; Value = "No"; VariantName = "[No Variations]"
Change component parameters (AddParameter): Name = "REACH SVHC"; Value = "Yes"; VariantName = "[No Variations]"
Change component parameters (AddParameter): Name = "RoHS"; Value = "Compliant"; VariantName = "[No Variations]"
Change component parameters (AddParameter): Name = "Schedule B"; Value = "8532240020, 8532240020|8532240020, 8532240020|8532240020|8532240020, 8532240020|8532240020|8532240020|8532240020"; VariantName = "[No Variations]"
Change component parameters (AddParameter): Name = "Stock"; Value = "6136000"; VariantName = "[No Variations]"
Change component parameters (AddParameter): Name = "Supplier"; Value = "Future Electronics"; VariantName = "[No Variations]"
Change component parameters (AddParameter): Name = "Supplier Part Number"; Value = "CL21B104KBCNNNC"; VariantName = "[No Variations]"
Change component parameters (AddParameter): Name = "Thickness"; Value = "939.8µm"; VariantName = "[No Variations]"
Change component parameters (AddParameter): Name = "Tolerance"; Value = "10%"; VariantName = "[No Variations]"
Change component parameters (AddParameter): Name = "Value"; Value = "100nF"; VariantName = "[No Variations]"
Change component parameters (AddParameter): Name = "Voltage"; Value = "50V"; VariantName = "[No Variations]"
Change component parameters (AddParameter): Name = "Voltage Rating"; Value = "50V"; VariantName = "[No Variations]"
Change component parameters (AddParameter): Name = "Voltage Rating (DC)"; Value = "50V"; VariantName = "[No Variations]"
Change component parameters (AddParameter): Name = "Width"; Value = "1.25mm"; VariantName = "[No Variations]"
Change component parameters: Designator = "C9" ("C9"); Footprint = "C0402 - IRON SOLDERING"; UniqueID = "\ELPIEFUM" ("\ELPIEFUM")
Change component parameters (AddParameter): Name = ".Mounting"; Value = "SMD"; VariantName = "[No Variations]"
Change component parameters (AddParameter): Name = ".PCBChecked"; Value = ""; VariantName = "[No Variations]"
Change component parameters (AddParameter): Name = ".SCHChecked"; Value = ""; VariantName = "[No Variations]"
Change component parameters (AddParameter): Name = "Case Code (Imperial)"; Value = "0805"; VariantName = "[No Variations]"
Change component parameters (AddParameter): Name = "Case Code (Metric)"; Value = "2012"; VariantName = "[No Variations]"
Change component parameters (AddParameter): Name = "Case/Package"; Value = "0805"; VariantName = "[No Variations]"
Change component parameters (AddParameter): Name = "Category"; Value = "Ceramic Capacitors"; VariantName = "[No Variations]"
Change component parameters (AddParameter): Name = "China RoHS"; Value = "Compliant"; VariantName = "[No Variations]"
Change component parameters (AddParameter): Name = "ComponentLink1Description"; Value = "https://datasheet.octopart.com:443/CL21B104KBCNNNC-Samsung-Electro-Mechanics-datasheet-137745078.pdf?src-supplier=IHS"; VariantName = "[No Variations]"
Change component parameters (AddParameter): Name = "ComponentLink1URL"; Value = "https://datasheet.octopart.com:443/CL21B104KBCNNNC-Samsung-Electro-Mechanics-datasheet-137745078.pdf?src-supplier=IHS"; VariantName = "[No Variations]"
Change component parameters (AddParameter): Name = "ComponentLink2Description"; Value = "https://datasheet.octopart.com/CL21B104KBCNNNC-Samsung-Electro-Mechanics-datasheet-8324245.pdf"; VariantName = "[No Variations]"
Change component parameters (AddParameter): Name = "ComponentLink2URL"; Value = "https://datasheet.octopart.com/CL21B104KBCNNNC-Samsung-Electro-Mechanics-datasheet-8324245.pdf"; VariantName = "[No Variations]"
Change component parameters (AddParameter): Name = "ComponentLink3Description"; Value = "https://datasheet.octopart.com/CL21B104KBCNNNC-Samsung-Electro-Mechanics-datasheet-97040617.pdf"; VariantName = "[No Variations]"
Change component parameters (AddParameter): Name = "ComponentLink3URL"; Value = "https://datasheet.octopart.com/CL21B104KBCNNNC-Samsung-Electro-Mechanics-datasheet-97040617.pdf"; VariantName = "[No Variations]"
Change component parameters (AddParameter): Name = "ComponentLink4Description"; Value = "https://datasheet.octopart.com/General-Multilayer-Ceramic-Capacitors-Samsung-datasheet-family-111.pdf"; VariantName = "[No Variations]"
Change component parameters (AddParameter): Name = "ComponentLink4URL"; Value = "https://datasheet.octopart.com/General-Multilayer-Ceramic-Capacitors-Samsung-datasheet-family-111.pdf"; VariantName = "[No Variations]"
Change component parameters (AddParameter): Name = "ComponentLink5Description"; Value = "https://datasheet.octopart.com:443/CL21B104KBCNNNC-Samsung-Electro-Mechanics-datasheet-11548950.pdf?src-supplier=Future+Electronics"; VariantName = "[No Variations]"
Change component parameters (AddParameter): Name = "ComponentLink5URL"; Value = "https://datasheet.octopart.com:443/CL21B104KBCNNNC-Samsung-Electro-Mechanics-datasheet-11548950.pdf?src-supplier=Future+Electronics"; VariantName = "[No Variations]"
Change component parameters (AddParameter): Name = "ComponentLink6Description"; Value = "https://datasheet.octopart.com:443/CL21B104KBCNNNC-Samsung-Electro-Mechanics-datasheet-116891032.pdf?src-supplier=Future+Electronics"; VariantName = "[No Variations]"
Change component parameters (AddParameter): Name = "ComponentLink6URL"; Value = "https://datasheet.octopart.com:443/CL21B104KBCNNNC-Samsung-Electro-Mechanics-datasheet-116891032.pdf?src-supplier=Future+Electronics"; VariantName = "[No Variations]"
Change component parameters (AddParameter): Name = "ComponentLink7Description"; Value = "https://datasheet.octopart.com:443/CL21B104KBCNNNC-Samsung-Electro-Mechanics-datasheet-81462175.pdf?src-supplier=Future+Electronics"; VariantName = "[No Variations]"
Change component parameters (AddParameter): Name = "ComponentLink7URL"; Value = "https://datasheet.octopart.com:443/CL21B104KBCNNNC-Samsung-Electro-Mechanics-datasheet-81462175.pdf?src-supplier=Future+Electronics"; VariantName = "[No Variations]"
Change component parameters (AddParameter): Name = "ComponentLink8Description"; Value = "https://datasheet.octopart.com:443/CL21B104KBCNNNC-Samsung-datasheet-42485244.pdf?src-supplier=Future+Electronics"; VariantName = "[No Variations]"
Change component parameters (AddParameter): Name = "ComponentLink8URL"; Value = "https://datasheet.octopart.com:443/CL21B104KBCNNNC-Samsung-datasheet-42485244.pdf?src-supplier=Future+Electronics"; VariantName = "[No Variations]"
Change component parameters (AddParameter): Name = "ComponentLink9Description"; Value = "https://datasheet.octopart.com:443/CL21B104KBCNNNC-Samsung-Electro-Mechanics-datasheet-149045937.pdf?src-supplier=Future+Electronics"; VariantName = "[No Variations]"
Change component parameters (AddParameter): Name = "ComponentLink9URL"; Value = "https://datasheet.octopart.com:443/CL21B104KBCNNNC-Samsung-Electro-Mechanics-datasheet-149045937.pdf?src-supplier=Future+Electronics"; VariantName = "[No Variations]"
Change component parameters (AddParameter): Name = "ComponentLink10Description"; Value = "https://datasheet.octopart.com:443/CL21B104KBCNNNC-Samsung-datasheet-8326407.pdf?src-supplier=TME"; VariantName = "[No Variations]"
Change component parameters (AddParameter): Name = "ComponentLink10URL"; Value = "https://datasheet.octopart.com:443/CL21B104KBCNNNC-Samsung-datasheet-8326407.pdf?src-supplier=TME"; VariantName = "[No Variations]"
Change component parameters (AddParameter): Name = "ComponentLink11Description"; Value = "http://sigma.octopart.com:80/rohs_certificate/General-Multilayer-Ceramic-Capacitors-Samsung-family-110.pdf?src-supplier=Compliance+Statements"; VariantName = "[No Variations]"
Change component parameters (AddParameter): Name = "ComponentLink11URL"; Value = "http://sigma.octopart.com:80/rohs_certificate/General-Multilayer-Ceramic-Capacitors-Samsung-family-110.pdf?src-supplier=Compliance+Statements"; VariantName = "[No Variations]"
Change component parameters (AddParameter): Name = "ComponentLink12Description"; Value = "http://sigma.octopart.com:80/rohs_statement/General-Multilayer-Ceramic-Capacitors-Samsung-family-132.pdf?src-supplier=Compliance+Statements"; VariantName = "[No Variations]"
Change component parameters (AddParameter): Name = "ComponentLink12URL"; Value = "http://sigma.octopart.com:80/rohs_statement/General-Multilayer-Ceramic-Capacitors-Samsung-family-132.pdf?src-supplier=Compliance+Statements"; VariantName = "[No Variations]"
Change component parameters (AddParameter): Name = "ComponentLink13Description"; Value = "http://sigma.octopart.com:80/reach_statement/General-Multilayer-Ceramic-Capacitors-Samsung-family-133.pdf?src-supplier=Compliance+Statements"; VariantName = "[No Variations]"
Change component parameters (AddParameter): Name = "ComponentLink13URL"; Value = "http://sigma.octopart.com:80/reach_statement/General-Multilayer-Ceramic-Capacitors-Samsung-family-133.pdf?src-supplier=Compliance+Statements"; VariantName = "[No Variations]"
Change component parameters (AddParameter): Name = "Contact Plating"; Value = "Tin"; VariantName = "[No Variations]"
Change component parameters (AddParameter): Name = "Country of Origin"; Value = "Mainland China, Philippines, South Korea"; VariantName = "[No Variations]"
Change component parameters (AddParameter): Name = "Depth"; Value = "1.25mm"; VariantName = "[No Variations]"
Change component parameters (AddParameter): Name = "Dielectric"; Value = "X7R"; VariantName = "[No Variations]"
Change component parameters (AddParameter): Name = "Dielectric Material"; Value = "Ceramic"; VariantName = "[No Variations]"
Change component parameters (AddParameter): Name = "Export Control Classification Number (ECCN) Code"; Value = "EAR99"; VariantName = "[No Variations]"
Change component parameters (AddParameter): Name = "Harmonized Tariff Schedule (HTS) Code"; Value = "8532.24.00.20"; VariantName = "[No Variations]"
Change component parameters (AddParameter): Name = "Height"; Value = "950µm"; VariantName = "[No Variations]"
Change component parameters (AddParameter): Name = "Introduction Date"; Value = "2009-07-27"; VariantName = "[No Variations]"
Change component parameters (AddParameter): Name = "Lead Free"; Value = "Lead Free"; VariantName = "[No Variations]"
Change component parameters (AddParameter): Name = "Length"; Value = "2mm"; VariantName = "[No Variations]"
Change component parameters (AddParameter): Name = "Lifecycle Status"; Value = "Production"; VariantName = "[No Variations]"
Change component parameters (AddParameter): Name = "Manufacturer"; Value = "Samsung Electro-Mechanics"; VariantName = "[No Variations]"
Change component parameters (AddParameter): Name = "Manufacturer Part Number"; Value = "CL21B104KBCNNNC"; VariantName = "[No Variations]"
Change component parameters (AddParameter): Name = "Material"; Value = "Ceramic"; VariantName = "[No Variations]"
Change component parameters (AddParameter): Name = "Max Operating Temperature"; Value = "125°C"; VariantName = "[No Variations]"
Change component parameters (AddParameter): Name = "Min Operating Temperature"; Value = "-55°C"; VariantName = "[No Variations]"
Change component parameters (AddParameter): Name = "Mounting Technology"; Value = "Surface Mount"; VariantName = "[No Variations]"
Change component parameters (AddParameter): Name = "Number of Terminals"; Value = "2"; VariantName = "[No Variations]"
Change component parameters (AddParameter): Name = "Pricing"; Value = "4000=0,0059, 16000=0,0057, 60000=0,0055, 100000=0,0054, 200000=0,0052 (USD)"; VariantName = "[No Variations]"
Change component parameters (AddParameter): Name = "Radiation Hardening"; Value = "No"; VariantName = "[No Variations]"
Change component parameters (AddParameter): Name = "REACH SVHC"; Value = "Yes"; VariantName = "[No Variations]"
Change component parameters (AddParameter): Name = "RoHS"; Value = "Compliant"; VariantName = "[No Variations]"
Change component parameters (AddParameter): Name = "Schedule B"; Value = "8532240020, 8532240020|8532240020, 8532240020|8532240020|8532240020, 8532240020|8532240020|8532240020|8532240020"; VariantName = "[No Variations]"
Change component parameters (AddParameter): Name = "Stock"; Value = "6136000"; VariantName = "[No Variations]"
Change component parameters (AddParameter): Name = "Supplier"; Value = "Future Electronics"; VariantName = "[No Variations]"
Change component parameters (AddParameter): Name = "Supplier Part Number"; Value = "CL21B104KBCNNNC"; VariantName = "[No Variations]"
Change component parameters (AddParameter): Name = "Thickness"; Value = "939.8µm"; VariantName = "[No Variations]"
Change component parameters (AddParameter): Name = "Tolerance"; Value = "10%"; VariantName = "[No Variations]"
Change component parameters (AddParameter): Name = "Value"; Value = "100nF"; VariantName = "[No Variations]"
Change component parameters (AddParameter): Name = "Voltage"; Value = "50V"; VariantName = "[No Variations]"
Change component parameters (AddParameter): Name = "Voltage Rating"; Value = "50V"; VariantName = "[No Variations]"
Change component parameters (AddParameter): Name = "Voltage Rating (DC)"; Value = "50V"; VariantName = "[No Variations]"
Change component parameters (AddParameter): Name = "Width"; Value = "1.25mm"; VariantName = "[No Variations]"
Change component parameters: Designator = "C10" ("C10"); Footprint = "C0402 - IRON SOLDERING"; UniqueID = "\QTUGNZYR" ("\QTUGNZYR")
Change component parameters (AddParameter): Name = ".Mounting"; Value = "SMD"; VariantName = "[No Variations]"
Change component parameters (AddParameter): Name = ".PCBChecked"; Value = ""; VariantName = "[No Variations]"
Change component parameters (AddParameter): Name = ".SCHChecked"; Value = ""; VariantName = "[No Variations]"
Change component parameters (AddParameter): Name = "Case Code (Imperial)"; Value = "0805"; VariantName = "[No Variations]"
Change component parameters (AddParameter): Name = "Case Code (Metric)"; Value = "2012"; VariantName = "[No Variations]"
Change component parameters (AddParameter): Name = "Case/Package"; Value = "0805"; VariantName = "[No Variations]"
Change component parameters (AddParameter): Name = "Category"; Value = "Ceramic Capacitors"; VariantName = "[No Variations]"
Change component parameters (AddParameter): Name = "China RoHS"; Value = "Compliant"; VariantName = "[No Variations]"
Change component parameters (AddParameter): Name = "ComponentLink1Description"; Value = "https://datasheet.octopart.com:443/CL21B104KBCNNNC-Samsung-Electro-Mechanics-datasheet-137745078.pdf?src-supplier=IHS"; VariantName = "[No Variations]"
Change component parameters (AddParameter): Name = "ComponentLink1URL"; Value = "https://datasheet.octopart.com:443/CL21B104KBCNNNC-Samsung-Electro-Mechanics-datasheet-137745078.pdf?src-supplier=IHS"; VariantName = "[No Variations]"
Change component parameters (AddParameter): Name = "ComponentLink2Description"; Value = "https://datasheet.octopart.com/CL21B104KBCNNNC-Samsung-Electro-Mechanics-datasheet-8324245.pdf"; VariantName = "[No Variations]"
Change component parameters (AddParameter): Name = "ComponentLink2URL"; Value = "https://datasheet.octopart.com/CL21B104KBCNNNC-Samsung-Electro-Mechanics-datasheet-8324245.pdf"; VariantName = "[No Variations]"
Change component parameters (AddParameter): Name = "ComponentLink3Description"; Value = "https://datasheet.octopart.com/CL21B104KBCNNNC-Samsung-Electro-Mechanics-datasheet-97040617.pdf"; VariantName = "[No Variations]"
Change component parameters (AddParameter): Name = "ComponentLink3URL"; Value = "https://datasheet.octopart.com/CL21B104KBCNNNC-Samsung-Electro-Mechanics-datasheet-97040617.pdf"; VariantName = "[No Variations]"
Change component parameters (AddParameter): Name = "ComponentLink4Description"; Value = "https://datasheet.octopart.com/General-Multilayer-Ceramic-Capacitors-Samsung-datasheet-family-111.pdf"; VariantName = "[No Variations]"
Change component parameters (AddParameter): Name = "ComponentLink4URL"; Value = "https://datasheet.octopart.com/General-Multilayer-Ceramic-Capacitors-Samsung-datasheet-family-111.pdf"; VariantName = "[No Variations]"
Change component parameters (AddParameter): Name = "ComponentLink5Description"; Value = "https://datasheet.octopart.com:443/CL21B104KBCNNNC-Samsung-Electro-Mechanics-datasheet-11548950.pdf?src-supplier=Future+Electronics"; VariantName = "[No Variations]"
Change component parameters (AddParameter): Name = "ComponentLink5URL"; Value = "https://datasheet.octopart.com:443/CL21B104KBCNNNC-Samsung-Electro-Mechanics-datasheet-11548950.pdf?src-supplier=Future+Electronics"; VariantName = "[No Variations]"
Change component parameters (AddParameter): Name = "ComponentLink6Description"; Value = "https://datasheet.octopart.com:443/CL21B104KBCNNNC-Samsung-Electro-Mechanics-datasheet-116891032.pdf?src-supplier=Future+Electronics"; VariantName = "[No Variations]"
Change component parameters (AddParameter): Name = "ComponentLink6URL"; Value = "https://datasheet.octopart.com:443/CL21B104KBCNNNC-Samsung-Electro-Mechanics-datasheet-116891032.pdf?src-supplier=Future+Electronics"; VariantName = "[No Variations]"
Change component parameters (AddParameter): Name = "ComponentLink7Description"; Value = "https://datasheet.octopart.com:443/CL21B104KBCNNNC-Samsung-Electro-Mechanics-datasheet-81462175.pdf?src-supplier=Future+Electronics"; VariantName = "[No Variations]"
Change component parameters (AddParameter): Name = "ComponentLink7URL"; Value = "https://datasheet.octopart.com:443/CL21B104KBCNNNC-Samsung-Electro-Mechanics-datasheet-81462175.pdf?src-supplier=Future+Electronics"; VariantName = "[No Variations]"
Change component parameters (AddParameter): Name = "ComponentLink8Description"; Value = "https://datasheet.octopart.com:443/CL21B104KBCNNNC-Samsung-datasheet-42485244.pdf?src-supplier=Future+Electronics"; VariantName = "[No Variations]"
Change component parameters (AddParameter): Name = "ComponentLink8URL"; Value = "https://datasheet.octopart.com:443/CL21B104KBCNNNC-Samsung-datasheet-42485244.pdf?src-supplier=Future+Electronics"; VariantName = "[No Variations]"
Change component parameters (AddParameter): Name = "ComponentLink9Description"; Value = "https://datasheet.octopart.com:443/CL21B104KBCNNNC-Samsung-Electro-Mechanics-datasheet-149045937.pdf?src-supplier=Future+Electronics"; VariantName = "[No Variations]"
Change component parameters (AddParameter): Name = "ComponentLink9URL"; Value = "https://datasheet.octopart.com:443/CL21B104KBCNNNC-Samsung-Electro-Mechanics-datasheet-149045937.pdf?src-supplier=Future+Electronics"; VariantName = "[No Variations]"
Change component parameters (AddParameter): Name = "ComponentLink10Description"; Value = "https://datasheet.octopart.com:443/CL21B104KBCNNNC-Samsung-datasheet-8326407.pdf?src-supplier=TME"; VariantName = "[No Variations]"
Change component parameters (AddParameter): Name = "ComponentLink10URL"; Value = "https://datasheet.octopart.com:443/CL21B104KBCNNNC-Samsung-datasheet-8326407.pdf?src-supplier=TME"; VariantName = "[No Variations]"
Change component parameters (AddParameter): Name = "ComponentLink11Description"; Value = "http://sigma.octopart.com:80/rohs_certificate/General-Multilayer-Ceramic-Capacitors-Samsung-family-110.pdf?src-supplier=Compliance+Statements"; VariantName = "[No Variations]"
Change component parameters (AddParameter): Name = "ComponentLink11URL"; Value = "http://sigma.octopart.com:80/rohs_certificate/General-Multilayer-Ceramic-Capacitors-Samsung-family-110.pdf?src-supplier=Compliance+Statements"; VariantName = "[No Variations]"
Change component parameters (AddParameter): Name = "ComponentLink12Description"; Value = "http://sigma.octopart.com:80/rohs_statement/General-Multilayer-Ceramic-Capacitors-Samsung-family-132.pdf?src-supplier=Compliance+Statements"; VariantName = "[No Variations]"
Change component parameters (AddParameter): Name = "ComponentLink12URL"; Value = "http://sigma.octopart.com:80/rohs_statement/General-Multilayer-Ceramic-Capacitors-Samsung-family-132.pdf?src-supplier=Compliance+Statements"; VariantName = "[No Variations]"
Change component parameters (AddParameter): Name = "ComponentLink13Description"; Value = "http://sigma.octopart.com:80/reach_statement/General-Multilayer-Ceramic-Capacitors-Samsung-family-133.pdf?src-supplier=Compliance+Statements"; VariantName = "[No Variations]"
Change component parameters (AddParameter): Name = "ComponentLink13URL"; Value = "http://sigma.octopart.com:80/reach_statement/General-Multilayer-Ceramic-Capacitors-Samsung-family-133.pdf?src-supplier=Compliance+Statements"; VariantName = "[No Variations]"
Change component parameters (AddParameter): Name = "Contact Plating"; Value = "Tin"; VariantName = "[No Variations]"
Change component parameters (AddParameter): Name = "Country of Origin"; Value = "Mainland China, Philippines, South Korea"; VariantName = "[No Variations]"
Change component parameters (AddParameter): Name = "Depth"; Value = "1.25mm"; VariantName = "[No Variations]"
Change component parameters (AddParameter): Name = "Dielectric"; Value = "X7R"; VariantName = "[No Variations]"
Change component parameters (AddParameter): Name = "Dielectric Material"; Value = "Ceramic"; VariantName = "[No Variations]"
Change component parameters (AddParameter): Name = "Export Control Classification Number (ECCN) Code"; Value = "EAR99"; VariantName = "[No Variations]"
Change component parameters (AddParameter): Name = "Harmonized Tariff Schedule (HTS) Code"; Value = "8532.24.00.20"; VariantName = "[No Variations]"
Change component parameters (AddParameter): Name = "Height"; Value = "950µm"; VariantName = "[No Variations]"
Change component parameters (AddParameter): Name = "Introduction Date"; Value = "2009-07-27"; VariantName = "[No Variations]"
Change component parameters (AddParameter): Name = "Lead Free"; Value = "Lead Free"; VariantName = "[No Variations]"
Change component parameters (AddParameter): Name = "Length"; Value = "2mm"; VariantName = "[No Variations]"
Change component parameters (AddParameter): Name = "Lifecycle Status"; Value = "Production"; VariantName = "[No Variations]"
Change component parameters (AddParameter): Name = "Manufacturer"; Value = "Samsung Electro-Mechanics"; VariantName = "[No Variations]"
Change component parameters (AddParameter): Name = "Manufacturer Part Number"; Value = "CL21B104KBCNNNC"; VariantName = "[No Variations]"
Change component parameters (AddParameter): Name = "Material"; Value = "Ceramic"; VariantName = "[No Variations]"
Change component parameters (AddParameter): Name = "Max Operating Temperature"; Value = "125°C"; VariantName = "[No Variations]"
Change component parameters (AddParameter): Name = "Min Operating Temperature"; Value = "-55°C"; VariantName = "[No Variations]"
Change component parameters (AddParameter): Name = "Mounting Technology"; Value = "Surface Mount"; VariantName = "[No Variations]"
Change component parameters (AddParameter): Name = "Number of Terminals"; Value = "2"; VariantName = "[No Variations]"
Change component parameters (AddParameter): Name = "Pricing"; Value = "4000=0,0059, 16000=0,0057, 60000=0,0055, 100000=0,0054, 200000=0,0052 (USD)"; VariantName = "[No Variations]"
Change component parameters (AddParameter): Name = "Radiation Hardening"; Value = "No"; VariantName = "[No Variations]"
Change component parameters (AddParameter): Name = "REACH SVHC"; Value = "Yes"; VariantName = "[No Variations]"
Change component parameters (AddParameter): Name = "RoHS"; Value = "Compliant"; VariantName = "[No Variations]"
Change component parameters (AddParameter): Name = "Schedule B"; Value = "8532240020, 8532240020|8532240020, 8532240020|8532240020|8532240020, 8532240020|8532240020|8532240020|8532240020"; VariantName = "[No Variations]"
Change component parameters (AddParameter): Name = "Stock"; Value = "6136000"; VariantName = "[No Variations]"
Change component parameters (AddParameter): Name = "Supplier"; Value = "Future Electronics"; VariantName = "[No Variations]"
Change component parameters (AddParameter): Name = "Supplier Part Number"; Value = "CL21B104KBCNNNC"; VariantName = "[No Variations]"
Change component parameters (AddParameter): Name = "Thickness"; Value = "939.8µm"; VariantName = "[No Variations]"
Change component parameters (AddParameter): Name = "Tolerance"; Value = "10%"; VariantName = "[No Variations]"
Change component parameters (AddParameter): Name = "Value"; Value = "100nF"; VariantName = "[No Variations]"
Change component parameters (AddParameter): Name = "Voltage"; Value = "50V"; VariantName = "[No Variations]"
Change component parameters (AddParameter): Name = "Voltage Rating"; Value = "50V"; VariantName = "[No Variations]"
Change component parameters (AddParameter): Name = "Voltage Rating (DC)"; Value = "50V"; VariantName = "[No Variations]"
Change component parameters (AddParameter): Name = "Width"; Value = "1.25mm"; VariantName = "[No Variations]"
Change component parameters: Designator = "C11" ("C11"); Footprint = "C0402 - IRON SOLDERING"; UniqueID = "\ZEFROHWJ" ("\ZEFROHWJ")
Change component parameters (AddParameter): Name = ".Mounting"; Value = "SMD"; VariantName = "[No Variations]"
Change component parameters (AddParameter): Name = ".PCBChecked"; Value = ""; VariantName = "[No Variations]"
Change component parameters (AddParameter): Name = ".SCHChecked"; Value = ""; VariantName = "[No Variations]"
Change component parameters (AddParameter): Name = "Case Code (Imperial)"; Value = "0805"; VariantName = "[No Variations]"
Change component parameters (AddParameter): Name = "Case Code (Metric)"; Value = "2012"; VariantName = "[No Variations]"
Change component parameters (AddParameter): Name = "Case/Package"; Value = "0805"; VariantName = "[No Variations]"
Change component parameters (AddParameter): Name = "Category"; Value = "Ceramic Capacitors"; VariantName = "[No Variations]"
Change component parameters (AddParameter): Name = "China RoHS"; Value = "Compliant"; VariantName = "[No Variations]"
Change component parameters (AddParameter): Name = "ComponentLink1Description"; Value = "https://datasheet.octopart.com:443/CL21B104KBCNNNC-Samsung-Electro-Mechanics-datasheet-137745078.pdf?src-supplier=IHS"; VariantName = "[No Variations]"
Change component parameters (AddParameter): Name = "ComponentLink1URL"; Value = "https://datasheet.octopart.com:443/CL21B104KBCNNNC-Samsung-Electro-Mechanics-datasheet-137745078.pdf?src-supplier=IHS"; VariantName = "[No Variations]"
Change component parameters (AddParameter): Name = "ComponentLink2Description"; Value = "https://datasheet.octopart.com/CL21B104KBCNNNC-Samsung-Electro-Mechanics-datasheet-8324245.pdf"; VariantName = "[No Variations]"
Change component parameters (AddParameter): Name = "ComponentLink2URL"; Value = "https://datasheet.octopart.com/CL21B104KBCNNNC-Samsung-Electro-Mechanics-datasheet-8324245.pdf"; VariantName = "[No Variations]"
Change component parameters (AddParameter): Name = "ComponentLink3Description"; Value = "https://datasheet.octopart.com/CL21B104KBCNNNC-Samsung-Electro-Mechanics-datasheet-97040617.pdf"; VariantName = "[No Variations]"
Change component parameters (AddParameter): Name = "ComponentLink3URL"; Value = "https://datasheet.octopart.com/CL21B104KBCNNNC-Samsung-Electro-Mechanics-datasheet-97040617.pdf"; VariantName = "[No Variations]"
Change component parameters (AddParameter): Name = "ComponentLink4Description"; Value = "https://datasheet.octopart.com/General-Multilayer-Ceramic-Capacitors-Samsung-datasheet-family-111.pdf"; VariantName = "[No Variations]"
Change component parameters (AddParameter): Name = "ComponentLink4URL"; Value = "https://datasheet.octopart.com/General-Multilayer-Ceramic-Capacitors-Samsung-datasheet-family-111.pdf"; VariantName = "[No Variations]"
Change component parameters (AddParameter): Name = "ComponentLink5Description"; Value = "https://datasheet.octopart.com:443/CL21B104KBCNNNC-Samsung-Electro-Mechanics-datasheet-11548950.pdf?src-supplier=Future+Electronics"; VariantName = "[No Variations]"
Change component parameters (AddParameter): Name = "ComponentLink5URL"; Value = "https://datasheet.octopart.com:443/CL21B104KBCNNNC-Samsung-Electro-Mechanics-datasheet-11548950.pdf?src-supplier=Future+Electronics"; VariantName = "[No Variations]"
Change component parameters (AddParameter): Name = "ComponentLink6Description"; Value = "https://datasheet.octopart.com:443/CL21B104KBCNNNC-Samsung-Electro-Mechanics-datasheet-116891032.pdf?src-supplier=Future+Electronics"; VariantName = "[No Variations]"
Change component parameters (AddParameter): Name = "ComponentLink6URL"; Value = "https://datasheet.octopart.com:443/CL21B104KBCNNNC-Samsung-Electro-Mechanics-datasheet-116891032.pdf?src-supplier=Future+Electronics"; VariantName = "[No Variations]"
Change component parameters (AddParameter): Name = "ComponentLink7Description"; Value = "https://datasheet.octopart.com:443/CL21B104KBCNNNC-Samsung-Electro-Mechanics-datasheet-81462175.pdf?src-supplier=Future+Electronics"; VariantName = "[No Variations]"
Change component parameters (AddParameter): Name = "ComponentLink7URL"; Value = "https://datasheet.octopart.com:443/CL21B104KBCNNNC-Samsung-Electro-Mechanics-datasheet-81462175.pdf?src-supplier=Future+Electronics"; VariantName = "[No Variations]"
Change component parameters (AddParameter): Name = "ComponentLink8Description"; Value = "https://datasheet.octopart.com:443/CL21B104KBCNNNC-Samsung-datasheet-42485244.pdf?src-supplier=Future+Electronics"; VariantName = "[No Variations]"
Change component parameters (AddParameter): Name = "ComponentLink8URL"; Value = "https://datasheet.octopart.com:443/CL21B104KBCNNNC-Samsung-datasheet-42485244.pdf?src-supplier=Future+Electronics"; VariantName = "[No Variations]"
Change component parameters (AddParameter): Name = "ComponentLink9Description"; Value = "https://datasheet.octopart.com:443/CL21B104KBCNNNC-Samsung-Electro-Mechanics-datasheet-149045937.pdf?src-supplier=Future+Electronics"; VariantName = "[No Variations]"
Change component parameters (AddParameter): Name = "ComponentLink9URL"; Value = "https://datasheet.octopart.com:443/CL21B104KBCNNNC-Samsung-Electro-Mechanics-datasheet-149045937.pdf?src-supplier=Future+Electronics"; VariantName = "[No Variations]"
Change component parameters (AddParameter): Name = "ComponentLink10Description"; Value = "https://datasheet.octopart.com:443/CL21B104KBCNNNC-Samsung-datasheet-8326407.pdf?src-supplier=TME"; VariantName = "[No Variations]"
Change component parameters (AddParameter): Name = "ComponentLink10URL"; Value = "https://datasheet.octopart.com:443/CL21B104KBCNNNC-Samsung-datasheet-8326407.pdf?src-supplier=TME"; VariantName = "[No Variations]"
Change component parameters (AddParameter): Name = "ComponentLink11Description"; Value = "http://sigma.octopart.com:80/rohs_certificate/General-Multilayer-Ceramic-Capacitors-Samsung-family-110.pdf?src-supplier=Compliance+Statements"; VariantName = "[No Variations]"
Change component parameters (AddParameter): Name = "ComponentLink11URL"; Value = "http://sigma.octopart.com:80/rohs_certificate/General-Multilayer-Ceramic-Capacitors-Samsung-family-110.pdf?src-supplier=Compliance+Statements"; VariantName = "[No Variations]"
Change component parameters (AddParameter): Name = "ComponentLink12Description"; Value = "http://sigma.octopart.com:80/rohs_statement/General-Multilayer-Ceramic-Capacitors-Samsung-family-132.pdf?src-supplier=Compliance+Statements"; VariantName = "[No Variations]"
Change component parameters (AddParameter): Name = "ComponentLink12URL"; Value = "http://sigma.octopart.com:80/rohs_statement/General-Multilayer-Ceramic-Capacitors-Samsung-family-132.pdf?src-supplier=Compliance+Statements"; VariantName = "[No Variations]"
Change component parameters (AddParameter): Name = "ComponentLink13Description"; Value = "http://sigma.octopart.com:80/reach_statement/General-Multilayer-Ceramic-Capacitors-Samsung-family-133.pdf?src-supplier=Compliance+Statements"; VariantName = "[No Variations]"
Change component parameters (AddParameter): Name = "ComponentLink13URL"; Value = "http://sigma.octopart.com:80/reach_statement/General-Multilayer-Ceramic-Capacitors-Samsung-family-133.pdf?src-supplier=Compliance+Statements"; VariantName = "[No Variations]"
Change component parameters (AddParameter): Name = "Contact Plating"; Value = "Tin"; VariantName = "[No Variations]"
Change component parameters (AddParameter): Name = "Country of Origin"; Value = "Mainland China, Philippines, South Korea"; VariantName = "[No Variations]"
Change component parameters (AddParameter): Name = "Depth"; Value = "1.25mm"; VariantName = "[No Variations]"
Change component parameters (AddParameter): Name = "Dielectric"; Value = "X7R"; VariantName = "[No Variations]"
Change component parameters (AddParameter): Name = "Dielectric Material"; Value = "Ceramic"; VariantName = "[No Variations]"
Change component parameters (AddParameter): Name = "Export Control Classification Number (ECCN) Code"; Value = "EAR99"; VariantName = "[No Variations]"
Change component parameters (AddParameter): Name = "Harmonized Tariff Schedule (HTS) Code"; Value = "8532.24.00.20"; VariantName = "[No Variations]"
Change component parameters (AddParameter): Name = "Height"; Value = "950µm"; VariantName = "[No Variations]"
Change component parameters (AddParameter): Name = "Introduction Date"; Value = "2009-07-27"; VariantName = "[No Variations]"
Change component parameters (AddParameter): Name = "Lead Free"; Value = "Lead Free"; VariantName = "[No Variations]"
Change component parameters (AddParameter): Name = "Length"; Value = "2mm"; VariantName = "[No Variations]"
Change component parameters (AddParameter): Name = "Lifecycle Status"; Value = "Production"; VariantName = "[No Variations]"
Change component parameters (AddParameter): Name = "Manufacturer"; Value = "Samsung Electro-Mechanics"; VariantName = "[No Variations]"
Change component parameters (AddParameter): Name = "Manufacturer Part Number"; Value = "CL21B104KBCNNNC"; VariantName = "[No Variations]"
Change component parameters (AddParameter): Name = "Material"; Value = "Ceramic"; VariantName = "[No Variations]"
Change component parameters (AddParameter): Name = "Max Operating Temperature"; Value = "125°C"; VariantName = "[No Variations]"
Change component parameters (AddParameter): Name = "Min Operating Temperature"; Value = "-55°C"; VariantName = "[No Variations]"
Change component parameters (AddParameter): Name = "Mounting Technology"; Value = "Surface Mount"; VariantName = "[No Variations]"
Change component parameters (AddParameter): Name = "Number of Terminals"; Value = "2"; VariantName = "[No Variations]"
Change component parameters (AddParameter): Name = "Pricing"; Value = "4000=0,0059, 16000=0,0057, 60000=0,0055, 100000=0,0054, 200000=0,0052 (USD)"; VariantName = "[No Variations]"
Change component parameters (AddParameter): Name = "Radiation Hardening"; Value = "No"; VariantName = "[No Variations]"
Change component parameters (AddParameter): Name = "REACH SVHC"; Value = "Yes"; VariantName = "[No Variations]"
Change component parameters (AddParameter): Name = "RoHS"; Value = "Compliant"; VariantName = "[No Variations]"
Change component parameters (AddParameter): Name = "Schedule B"; Value = "8532240020, 8532240020|8532240020, 8532240020|8532240020|8532240020, 8532240020|8532240020|8532240020|8532240020"; VariantName = "[No Variations]"
Change component parameters (AddParameter): Name = "Stock"; Value = "6136000"; VariantName = "[No Variations]"
Change component parameters (AddParameter): Name = "Supplier"; Value = "Future Electronics"; VariantName = "[No Variations]"
Change component parameters (AddParameter): Name = "Supplier Part Number"; Value = "CL21B104KBCNNNC"; VariantName = "[No Variations]"
Change component parameters (AddParameter): Name = "Thickness"; Value = "939.8µm"; VariantName = "[No Variations]"
Change component parameters (AddParameter): Name = "Tolerance"; Value = "10%"; VariantName = "[No Variations]"
Change component parameters (AddParameter): Name = "Value"; Value = "100nF"; VariantName = "[No Variations]"
Change component parameters (AddParameter): Name = "Voltage"; Value = "50V"; VariantName = "[No Variations]"
Change component parameters (AddParameter): Name = "Voltage Rating"; Value = "50V"; VariantName = "[No Variations]"
Change component parameters (AddParameter): Name = "Voltage Rating (DC)"; Value = "50V"; VariantName = "[No Variations]"
Change component parameters (AddParameter): Name = "Width"; Value = "1.25mm"; VariantName = "[No Variations]"
Change component parameters: Designator = "C12" ("C12"); Footprint = "C0402 - IRON SOLDERING"; UniqueID = "\ZPYYCPDB" ("\ZPYYCPDB")
Change component parameters (AddParameter): Name = ".Mounting"; Value = "SMD"; VariantName = "[No Variations]"
Change component parameters (AddParameter): Name = ".PCBChecked"; Value = ""; VariantName = "[No Variations]"
Change component parameters (AddParameter): Name = ".SCHChecked"; Value = ""; VariantName = "[No Variations]"
Change component parameters (AddParameter): Name = "Case Code (Imperial)"; Value = "0805"; VariantName = "[No Variations]"
Change component parameters (AddParameter): Name = "Case Code (Metric)"; Value = "2012"; VariantName = "[No Variations]"
Change component parameters (AddParameter): Name = "Case/Package"; Value = "0805"; VariantName = "[No Variations]"
Change component parameters (AddParameter): Name = "Category"; Value = "Ceramic Capacitors"; VariantName = "[No Variations]"
Change component parameters (AddParameter): Name = "China RoHS"; Value = "Compliant"; VariantName = "[No Variations]"
Change component parameters (AddParameter): Name = "ComponentLink1Description"; Value = "https://datasheet.octopart.com:443/CL21B104KBCNNNC-Samsung-Electro-Mechanics-datasheet-137745078.pdf?src-supplier=IHS"; VariantName = "[No Variations]"
Change component parameters (AddParameter): Name = "ComponentLink1URL"; Value = "https://datasheet.octopart.com:443/CL21B104KBCNNNC-Samsung-Electro-Mechanics-datasheet-137745078.pdf?src-supplier=IHS"; VariantName = "[No Variations]"
Change component parameters (AddParameter): Name = "ComponentLink2Description"; Value = "https://datasheet.octopart.com/CL21B104KBCNNNC-Samsung-Electro-Mechanics-datasheet-8324245.pdf"; VariantName = "[No Variations]"
Change component parameters (AddParameter): Name = "ComponentLink2URL"; Value = "https://datasheet.octopart.com/CL21B104KBCNNNC-Samsung-Electro-Mechanics-datasheet-8324245.pdf"; VariantName = "[No Variations]"
Change component parameters (AddParameter): Name = "ComponentLink3Description"; Value = "https://datasheet.octopart.com/CL21B104KBCNNNC-Samsung-Electro-Mechanics-datasheet-97040617.pdf"; VariantName = "[No Variations]"
Change component parameters (AddParameter): Name = "ComponentLink3URL"; Value = "https://datasheet.octopart.com/CL21B104KBCNNNC-Samsung-Electro-Mechanics-datasheet-97040617.pdf"; VariantName = "[No Variations]"
Change component parameters (AddParameter): Name = "ComponentLink4Description"; Value = "https://datasheet.octopart.com/General-Multilayer-Ceramic-Capacitors-Samsung-datasheet-family-111.pdf"; VariantName = "[No Variations]"
Change component parameters (AddParameter): Name = "ComponentLink4URL"; Value = "https://datasheet.octopart.com/General-Multilayer-Ceramic-Capacitors-Samsung-datasheet-family-111.pdf"; VariantName = "[No Variations]"
Change component parameters (AddParameter): Name = "ComponentLink5Description"; Value = "https://datasheet.octopart.com:443/CL21B104KBCNNNC-Samsung-Electro-Mechanics-datasheet-11548950.pdf?src-supplier=Future+Electronics"; VariantName = "[No Variations]"
Change component parameters (AddParameter): Name = "ComponentLink5URL"; Value = "https://datasheet.octopart.com:443/CL21B104KBCNNNC-Samsung-Electro-Mechanics-datasheet-11548950.pdf?src-supplier=Future+Electronics"; VariantName = "[No Variations]"
Change component parameters (AddParameter): Name = "ComponentLink6Description"; Value = "https://datasheet.octopart.com:443/CL21B104KBCNNNC-Samsung-Electro-Mechanics-datasheet-116891032.pdf?src-supplier=Future+Electronics"; VariantName = "[No Variations]"
Change component parameters (AddParameter): Name = "ComponentLink6URL"; Value = "https://datasheet.octopart.com:443/CL21B104KBCNNNC-Samsung-Electro-Mechanics-datasheet-116891032.pdf?src-supplier=Future+Electronics"; VariantName = "[No Variations]"
Change component parameters (AddParameter): Name = "ComponentLink7Description"; Value = "https://datasheet.octopart.com:443/CL21B104KBCNNNC-Samsung-Electro-Mechanics-datasheet-81462175.pdf?src-supplier=Future+Electronics"; VariantName = "[No Variations]"
Change component parameters (AddParameter): Name = "ComponentLink7URL"; Value = "https://datasheet.octopart.com:443/CL21B104KBCNNNC-Samsung-Electro-Mechanics-datasheet-81462175.pdf?src-supplier=Future+Electronics"; VariantName = "[No Variations]"
Change component parameters (AddParameter): Name = "ComponentLink8Description"; Value = "https://datasheet.octopart.com:443/CL21B104KBCNNNC-Samsung-datasheet-42485244.pdf?src-supplier=Future+Electronics"; VariantName = "[No Variations]"
Change component parameters (AddParameter): Name = "ComponentLink8URL"; Value = "https://datasheet.octopart.com:443/CL21B104KBCNNNC-Samsung-datasheet-42485244.pdf?src-supplier=Future+Electronics"; VariantName = "[No Variations]"
Change component parameters (AddParameter): Name = "ComponentLink9Description"; Value = "https://datasheet.octopart.com:443/CL21B104KBCNNNC-Samsung-Electro-Mechanics-datasheet-149045937.pdf?src-supplier=Future+Electronics"; VariantName = "[No Variations]"
Change component parameters (AddParameter): Name = "ComponentLink9URL"; Value = "https://datasheet.octopart.com:443/CL21B104KBCNNNC-Samsung-Electro-Mechanics-datasheet-149045937.pdf?src-supplier=Future+Electronics"; VariantName = "[No Variations]"
Change component parameters (AddParameter): Name = "ComponentLink10Description"; Value = "https://datasheet.octopart.com:443/CL21B104KBCNNNC-Samsung-datasheet-8326407.pdf?src-supplier=TME"; VariantName = "[No Variations]"
Change component parameters (AddParameter): Name = "ComponentLink10URL"; Value = "https://datasheet.octopart.com:443/CL21B104KBCNNNC-Samsung-datasheet-8326407.pdf?src-supplier=TME"; VariantName = "[No Variations]"
Change component parameters (AddParameter): Name = "ComponentLink11Description"; Value = "http://sigma.octopart.com:80/rohs_certificate/General-Multilayer-Ceramic-Capacitors-Samsung-family-110.pdf?src-supplier=Compliance+Statements"; VariantName = "[No Variations]"
Change component parameters (AddParameter): Name = "ComponentLink11URL"; Value = "http://sigma.octopart.com:80/rohs_certificate/General-Multilayer-Ceramic-Capacitors-Samsung-family-110.pdf?src-supplier=Compliance+Statements"; VariantName = "[No Variations]"
Change component parameters (AddParameter): Name = "ComponentLink12Description"; Value = "http://sigma.octopart.com:80/rohs_statement/General-Multilayer-Ceramic-Capacitors-Samsung-family-132.pdf?src-supplier=Compliance+Statements"; VariantName = "[No Variations]"
Change component parameters (AddParameter): Name = "ComponentLink12URL"; Value = "http://sigma.octopart.com:80/rohs_statement/General-Multilayer-Ceramic-Capacitors-Samsung-family-132.pdf?src-supplier=Compliance+Statements"; VariantName = "[No Variations]"
Change component parameters (AddParameter): Name = "ComponentLink13Description"; Value = "http://sigma.octopart.com:80/reach_statement/General-Multilayer-Ceramic-Capacitors-Samsung-family-133.pdf?src-supplier=Compliance+Statements"; VariantName = "[No Variations]"
Change component parameters (AddParameter): Name = "ComponentLink13URL"; Value = "http://sigma.octopart.com:80/reach_statement/General-Multilayer-Ceramic-Capacitors-Samsung-family-133.pdf?src-supplier=Compliance+Statements"; VariantName = "[No Variations]"
Change component parameters (AddParameter): Name = "Contact Plating"; Value = "Tin"; VariantName = "[No Variations]"
Change component parameters (AddParameter): Name = "Country of Origin"; Value = "Mainland China, Philippines, South Korea"; VariantName = "[No Variations]"
Change component parameters (AddParameter): Name = "Depth"; Value = "1.25mm"; VariantName = "[No Variations]"
Change component parameters (AddParameter): Name = "Dielectric"; Value = "X7R"; VariantName = "[No Variations]"
Change component parameters (AddParameter): Name = "Dielectric Material"; Value = "Ceramic"; VariantName = "[No Variations]"
Change component parameters (AddParameter): Name = "Export Control Classification Number (ECCN) Code"; Value = "EAR99"; VariantName = "[No Variations]"
Change component parameters (AddParameter): Name = "Harmonized Tariff Schedule (HTS) Code"; Value = "8532.24.00.20"; VariantName = "[No Variations]"
Change component parameters (AddParameter): Name = "Height"; Value = "950µm"; VariantName = "[No Variations]"
Change component parameters (AddParameter): Name = "Introduction Date"; Value = "2009-07-27"; VariantName = "[No Variations]"
Change component parameters (AddParameter): Name = "Lead Free"; Value = "Lead Free"; VariantName = "[No Variations]"
Change component parameters (AddParameter): Name = "Length"; Value = "2mm"; VariantName = "[No Variations]"
Change component parameters (AddParameter): Name = "Lifecycle Status"; Value = "Production"; VariantName = "[No Variations]"
Change component parameters (AddParameter): Name = "Manufacturer"; Value = "Samsung Electro-Mechanics"; VariantName = "[No Variations]"
Change component parameters (AddParameter): Name = "Manufacturer Part Number"; Value = "CL21B104KBCNNNC"; VariantName = "[No Variations]"
Change component parameters (AddParameter): Name = "Material"; Value = "Ceramic"; VariantName = "[No Variations]"
Change component parameters (AddParameter): Name = "Max Operating Temperature"; Value = "125°C"; VariantName = "[No Variations]"
Change component parameters (AddParameter): Name = "Min Operating Temperature"; Value = "-55°C"; VariantName = "[No Variations]"
Change component parameters (AddParameter): Name = "Mounting Technology"; Value = "Surface Mount"; VariantName = "[No Variations]"
Change component parameters (AddParameter): Name = "Number of Terminals"; Value = "2"; VariantName = "[No Variations]"
Change component parameters (AddParameter): Name = "Pricing"; Value = "4000=0,0059, 16000=0,0057, 60000=0,0055, 100000=0,0054, 200000=0,0052 (USD)"; VariantName = "[No Variations]"
Change component parameters (AddParameter): Name = "Radiation Hardening"; Value = "No"; VariantName = "[No Variations]"
Change component parameters (AddParameter): Name = "REACH SVHC"; Value = "Yes"; VariantName = "[No Variations]"
Change component parameters (AddParameter): Name = "RoHS"; Value = "Compliant"; VariantName = "[No Variations]"
Change component parameters (AddParameter): Name = "Schedule B"; Value = "8532240020, 8532240020|8532240020, 8532240020|8532240020|8532240020, 8532240020|8532240020|8532240020|8532240020"; VariantName = "[No Variations]"
Change component parameters (AddParameter): Name = "Stock"; Value = "6136000"; VariantName = "[No Variations]"
Change component parameters (AddParameter): Name = "Supplier"; Value = "Future Electronics"; VariantName = "[No Variations]"
Change component parameters (AddParameter): Name = "Supplier Part Number"; Value = "CL21B104KBCNNNC"; VariantName = "[No Variations]"
Change component parameters (AddParameter): Name = "Thickness"; Value = "939.8µm"; VariantName = "[No Variations]"
Change component parameters (AddParameter): Name = "Tolerance"; Value = "10%"; VariantName = "[No Variations]"
Change component parameters (AddParameter): Name = "Value"; Value = "100nF"; VariantName = "[No Variations]"
Change component parameters (AddParameter): Name = "Voltage"; Value = "50V"; VariantName = "[No Variations]"
Change component parameters (AddParameter): Name = "Voltage Rating"; Value = "50V"; VariantName = "[No Variations]"
Change component parameters (AddParameter): Name = "Voltage Rating (DC)"; Value = "50V"; VariantName = "[No Variations]"
Change component parameters (AddParameter): Name = "Width"; Value = "1.25mm"; VariantName = "[No Variations]"
Change component parameters: Designator = "R1" ("R1"); Footprint = "R0402 - IRONSOLDER"; UniqueID = "\AKYBGLHY" ("\AKYBGLHY")
Change component parameters (AddParameter): Name = ".Mounting"; Value = "SMD"; VariantName = "[No Variations]"
Change component parameters (AddParameter): Name = ".PCBChecked"; Value = ""; VariantName = "[No Variations]"
Change component parameters (AddParameter): Name = ".SCHChecked"; Value = ""; VariantName = "[No Variations]"
Change component parameters (AddParameter): Name = "Case Code (Imperial)"; Value = "0805"; VariantName = "[No Variations]"
Change component parameters (AddParameter): Name = "Case Code (Metric)"; Value = "2012"; VariantName = "[No Variations]"
Change component parameters (AddParameter): Name = "Case/Package"; Value = "0805"; VariantName = "[No Variations]"
Change component parameters (AddParameter): Name = "Category"; Value = "Chip SMD Resistors"; VariantName = "[No Variations]"
Change component parameters (AddParameter): Name = "China RoHS"; Value = "Non-Compliant"; VariantName = "[No Variations]"
Change component parameters (AddParameter): Name = "ComponentLink1Description"; Value = "https://datasheet.octopart.com:443/RMCF0805FT10K0-Stackpole-Electronics-datasheet-182148065.pdf?src-supplier=IHS"; VariantName = "[No Variations]"
Change component parameters (AddParameter): Name = "ComponentLink1URL"; Value = "https://datasheet.octopart.com:443/RMCF0805FT10K0-Stackpole-Electronics-datasheet-182148065.pdf?src-supplier=IHS"; VariantName = "[No Variations]"
Change component parameters (AddParameter): Name = "ComponentLink2Description"; Value = "https://datasheet.octopart.com:443/RMCF0805FT10K0-Stackpole-Electronics-datasheet-12534581.pdf?src-supplier=Upverter"; VariantName = "[No Variations]"
Change component parameters (AddParameter): Name = "ComponentLink2URL"; Value = "https://datasheet.octopart.com:443/RMCF0805FT10K0-Stackpole-Electronics-datasheet-12534581.pdf?src-supplier=Upverter"; VariantName = "[No Variations]"
Change component parameters (AddParameter): Name = "ComponentLink3Description"; Value = "https://datasheet.octopart.com:443/RMCF0805FT10K0-Stackpole-Electronics-datasheet-12510902.pdf?src-supplier=Upverter"; VariantName = "[No Variations]"
Change component parameters (AddParameter): Name = "ComponentLink3URL"; Value = "https://datasheet.octopart.com:443/RMCF0805FT10K0-Stackpole-Electronics-datasheet-12510902.pdf?src-supplier=Upverter"; VariantName = "[No Variations]"
Change component parameters (AddParameter): Name = "ComponentLink4Description"; Value = "https://datasheet.octopart.com:443/RMCF0805FT10K0-Stackpole-Electronics-datasheet-28504820.pdf?src-supplier=Master+Electronics"; VariantName = "[No Variations]"
Change component parameters (AddParameter): Name = "ComponentLink4URL"; Value = "https://datasheet.octopart.com:443/RMCF0805FT10K0-Stackpole-Electronics-datasheet-28504820.pdf?src-supplier=Master+Electronics"; VariantName = "[No Variations]"
Change component parameters (AddParameter): Name = "ComponentLink5Description"; Value = "https://datasheet.octopart.com:443/RMCF0805FT10K0-Stackpole-Electronics-datasheet-141193804.pdf?src-supplier=Stackpole+Electronics"; VariantName = "[No Variations]"
Change component parameters (AddParameter): Name = "ComponentLink5URL"; Value = "https://datasheet.octopart.com:443/RMCF0805FT10K0-Stackpole-Electronics-datasheet-141193804.pdf?src-supplier=Stackpole+Electronics"; VariantName = "[No Variations]"
Change component parameters (AddParameter): Name = "ComponentLink6Description"; Value = "https://datasheet.octopart.com:443/RMCF0805FT10K0-Stackpole-Electronics-datasheet-62091608.pdf?src-supplier=Stackpole+Electronics"; VariantName = "[No Variations]"
Change component parameters (AddParameter): Name = "ComponentLink6URL"; Value = "https://datasheet.octopart.com:443/RMCF0805FT10K0-Stackpole-Electronics-datasheet-62091608.pdf?src-supplier=Stackpole+Electronics"; VariantName = "[No Variations]"
Change component parameters (AddParameter): Name = "ComponentLink7Description"; Value = "https://datasheet.octopart.com:443/RMCF0805FT10K0-Stackpole-Electronics-datasheet-10788263.pdf?src-supplier=Stackpole+Electronics"; VariantName = "[No Variations]"
Change component parameters (AddParameter): Name = "ComponentLink7URL"; Value = "https://datasheet.octopart.com:443/RMCF0805FT10K0-Stackpole-Electronics-datasheet-10788263.pdf?src-supplier=Stackpole+Electronics"; VariantName = "[No Variations]"
Change component parameters (AddParameter): Name = "ComponentLink8Description"; Value = "https://datasheet.octopart.com:443/RMCF0805FT10K0-Stackpole-Electronics-datasheet-154799224.pdf?src-supplier=JRH+Electronics"; VariantName = "[No Variations]"
Change component parameters (AddParameter): Name = "ComponentLink8URL"; Value = "https://datasheet.octopart.com:443/RMCF0805FT10K0-Stackpole-Electronics-datasheet-154799224.pdf?src-supplier=JRH+Electronics"; VariantName = "[No Variations]"
Change component parameters (AddParameter): Name = "ComponentLink9Description"; Value = "https://datasheet.octopart.com:443/RMCF0805FT10K0-Stackpole-Electronics-datasheet-11546843.pdf?src-supplier=Arrow+Electronics"; VariantName = "[No Variations]"
Change component parameters (AddParameter): Name = "ComponentLink9URL"; Value = "https://datasheet.octopart.com:443/RMCF0805FT10K0-Stackpole-Electronics-datasheet-11546843.pdf?src-supplier=Arrow+Electronics"; VariantName = "[No Variations]"
Change component parameters (AddParameter): Name = "ComponentLink10Description"; Value = "https://datasheet.octopart.com:443/RMCF0805FT10K0-Stackpole-Electronics-datasheet-11547379.pdf?src-supplier=Future+Electronics"; VariantName = "[No Variations]"
Change component parameters (AddParameter): Name = "ComponentLink10URL"; Value = "https://datasheet.octopart.com:443/RMCF0805FT10K0-Stackpole-Electronics-datasheet-11547379.pdf?src-supplier=Future+Electronics"; VariantName = "[No Variations]"
Change component parameters (AddParameter): Name = "ComponentLink11Description"; Value = "https://datasheet.octopart.com:443/RMCF0805FT10K0-Stackpole-Electronics-datasheet-8359789.pdf?src-supplier=Future+Electronics"; VariantName = "[No Variations]"
Change component parameters (AddParameter): Name = "ComponentLink11URL"; Value = "https://datasheet.octopart.com:443/RMCF0805FT10K0-Stackpole-Electronics-datasheet-8359789.pdf?src-supplier=Future+Electronics"; VariantName = "[No Variations]"
Change component parameters (AddParameter): Name = "ComponentLink12Description"; Value = "https://datasheet.octopart.com:443/RMCF0805FT10K0-Stackpole-Electronics-datasheet-8324226.pdf?src-supplier=Future+Electronics"; VariantName = "[No Variations]"
Change component parameters (AddParameter): Name = "ComponentLink12URL"; Value = "https://datasheet.octopart.com:443/RMCF0805FT10K0-Stackpole-Electronics-datasheet-8324226.pdf?src-supplier=Future+Electronics"; VariantName = "[No Variations]"
Change component parameters (AddParameter): Name = "ComponentLink13Description"; Value = "https://datasheet.octopart.com:443/RMCF0805FT10K0-Stackpole-Electronics-datasheet-8088878.pdf?src-supplier=Future+Electronics"; VariantName = "[No Variations]"
Change component parameters (AddParameter): Name = "ComponentLink13URL"; Value = "https://datasheet.octopart.com:443/RMCF0805FT10K0-Stackpole-Electronics-datasheet-8088878.pdf?src-supplier=Future+Electronics"; VariantName = "[No Variations]"
Change component parameters (AddParameter): Name = "ComponentLink14Description"; Value = "https://datasheet.octopart.com:443/RMCF0805FT10K0-Stackpole-Electronics-datasheet-5313682.pdf?src-supplier=Future+Electronics"; VariantName = "[No Variations]"
Change component parameters (AddParameter): Name = "ComponentLink14URL"; Value = "https://datasheet.octopart.com:443/RMCF0805FT10K0-Stackpole-Electronics-datasheet-5313682.pdf?src-supplier=Future+Electronics"; VariantName = "[No Variations]"
Change component parameters (AddParameter): Name = "ComponentLink15Description"; Value = "http://sigma.octopart.com:80/15940719/materials_sheet/Stackpole-Electronics-RMCF0805FT10K0.pdf?src-supplier=Compliance+Statements"; VariantName = "[No Variations]"
Change component parameters (AddParameter): Name = "ComponentLink15URL"; Value = "http://sigma.octopart.com:80/15940719/materials_sheet/Stackpole-Electronics-RMCF0805FT10K0.pdf?src-supplier=Compliance+Statements"; VariantName = "[No Variations]"
Change component parameters (AddParameter): Name = "ComponentLink16Description"; Value = "http://sigma.octopart.com:80/141158211/reach_statement/Stackpole-Electronics-RMCF0805FT10K0.pdf?src-supplier=Compliance+Statements"; VariantName = "[No Variations]"
Change component parameters (AddParameter): Name = "ComponentLink16URL"; Value = "http://sigma.octopart.com:80/141158211/reach_statement/Stackpole-Electronics-RMCF0805FT10K0.pdf?src-supplier=Compliance+Statements"; VariantName = "[No Variations]"
Change component parameters (AddParameter): Name = "ComponentLink17Description"; Value = "http://sigma.octopart.com:80/141158212/rohs_statement/Stackpole-Electronics-RMCF0805FT10K0.pdf?src-supplier=Compliance+Statements"; VariantName = "[No Variations]"
Change component parameters (AddParameter): Name = "ComponentLink17URL"; Value = "http://sigma.octopart.com:80/141158212/rohs_statement/Stackpole-Electronics-RMCF0805FT10K0.pdf?src-supplier=Compliance+Statements"; VariantName = "[No Variations]"
Change component parameters (AddParameter): Name = "Composition"; Value = "Thick Film"; VariantName = "[No Variations]"
Change component parameters (AddParameter): Name = "Contact Plating"; Value = "Tin"; VariantName = "[No Variations]"
Change component parameters (AddParameter): Name = "Depth"; Value = "1.25mm"; VariantName = "[No Variations]"
Change component parameters (AddParameter): Name = "Features"; Value = "Automotive AEC-Q200"; VariantName = "[No Variations]"
Change component parameters (AddParameter): Name = "Height"; Value = "500µm"; VariantName = "[No Variations]"
Change component parameters (AddParameter): Name = "Lead Free"; Value = "Lead Free"; VariantName = "[No Variations]"
Change component parameters (AddParameter): Name = "Length"; Value = "2mm"; VariantName = "[No Variations]"
Change component parameters (AddParameter): Name = "Lifecycle Status"; Value = "Production"; VariantName = "[No Variations]"
Change component parameters (AddParameter): Name = "Manufacturer"; Value = "Stackpole Electronics"; VariantName = "[No Variations]"
Change component parameters (AddParameter): Name = "Manufacturer Package Identifier"; Value = "0805 (2012 metric)"; VariantName = "[No Variations]"
Change component parameters (AddParameter): Name = "Manufacturer Part Number"; Value = "RMCF0805FT10K0"; VariantName = "[No Variations]"
Change component parameters (AddParameter): Name = "Max Operating Temperature"; Value = "155°C"; VariantName = "[No Variations]"
Change component parameters (AddParameter): Name = "Max Power Dissipation"; Value = "125mW"; VariantName = "[No Variations]"
Change component parameters (AddParameter): Name = "Military Standard"; Value = "Not"; VariantName = "[No Variations]"
Change component parameters (AddParameter): Name = "Min Operating Temperature"; Value = "-55°C"; VariantName = "[No Variations]"
Change component parameters (AddParameter): Name = "Mounting Technology"; Value = "Surface Mount"; VariantName = "[No Variations]"
Change component parameters (AddParameter): Name = "Number of Terminals"; Value = "2"; VariantName = "[No Variations]"
Change component parameters (AddParameter): Name = "Number of Terminations"; Value = "2"; VariantName = "[No Variations]"
Change component parameters (AddParameter): Name = "Packaging"; Value = "Cut Tape (CT)"; VariantName = "[No Variations]"
Change component parameters (AddParameter): Name = "Power Rating"; Value = "125mW"; VariantName = "[No Variations]"
Change component parameters (AddParameter): Name = "Pricing"; Value = "10000=0,0027, 25000=0,0027, 100000=0,0026, 150000=0,0025, 375000=0,0024 (USD)"; VariantName = "[No Variations]"
Change component parameters (AddParameter): Name = "Radiation Hardening"; Value = "No"; VariantName = "[No Variations]"
Change component parameters (AddParameter): Name = "Ratings"; Value = "AEC-Q200"; VariantName = "[No Variations]"
Change component parameters (AddParameter): Name = "REACH SVHC"; Value = "Yes"; VariantName = "[No Variations]"
Change component parameters (AddParameter): Name = "RoHS"; Value = "Compliant"; VariantName = "[No Variations]"
Change component parameters (AddParameter): Name = "Schedule B"; Value = "8533210045, 8533210045|8533210045, 8533210045|8533210045|8533210045, 8533210045|8533210045|8533210045|8533210045"; VariantName = "[No Variations]"
Change component parameters (AddParameter): Name = "Stock"; Value = "3170000"; VariantName = "[No Variations]"
Change component parameters (AddParameter): Name = "Supplier"; Value = "Future Electronics"; VariantName = "[No Variations]"
Change component parameters (AddParameter): Name = "Supplier Part Number"; Value = "RMCF0805FT10K0"; VariantName = "[No Variations]"
Change component parameters (AddParameter): Name = "Temperature Coefficient"; Value = "100ppm/°C"; VariantName = "[No Variations]"
Change component parameters (AddParameter): Name = "Tolerance"; Value = "1%"; VariantName = "[No Variations]"
Change component parameters (AddParameter): Name = "Value"; Value = "10kO"; VariantName = "[No Variations]"
Change component parameters (AddParameter): Name = "Voltage Rating"; Value = "150V"; VariantName = "[No Variations]"
Change component parameters (AddParameter): Name = "Width"; Value = "1.25mm"; VariantName = "[No Variations]"
Change component parameters (AddParameter): Name = "Working Voltage"; Value = "150V"; VariantName = "[No Variations]"
Change component parameters: Designator = "R2" ("R2"); Footprint = "R0402 - IRONSOLDER"; UniqueID = "\MYSCWOKR" ("\MYSCWOKR")
Change component parameters (AddParameter): Name = ".Mounting"; Value = "SMD"; VariantName = "[No Variations]"
Change component parameters (AddParameter): Name = ".PCBChecked"; Value = ""; VariantName = "[No Variations]"
Change component parameters (AddParameter): Name = ".SCHChecked"; Value = ""; VariantName = "[No Variations]"
Change component parameters (AddParameter): Name = "Case Code (Imperial)"; Value = "0805"; VariantName = "[No Variations]"
Change component parameters (AddParameter): Name = "Case Code (Metric)"; Value = "2012"; VariantName = "[No Variations]"
Change component parameters (AddParameter): Name = "Case/Package"; Value = "0805"; VariantName = "[No Variations]"
Change component parameters (AddParameter): Name = "Category"; Value = "Chip SMD Resistors"; VariantName = "[No Variations]"
Change component parameters (AddParameter): Name = "China RoHS"; Value = "Non-Compliant"; VariantName = "[No Variations]"
Change component parameters (AddParameter): Name = "ComponentLink1Description"; Value = "https://datasheet.octopart.com:443/RMCF0805FT10K0-Stackpole-Electronics-datasheet-182148065.pdf?src-supplier=IHS"; VariantName = "[No Variations]"
Change component parameters (AddParameter): Name = "ComponentLink1URL"; Value = "https://datasheet.octopart.com:443/RMCF0805FT10K0-Stackpole-Electronics-datasheet-182148065.pdf?src-supplier=IHS"; VariantName = "[No Variations]"
Change component parameters (AddParameter): Name = "ComponentLink2Description"; Value = "https://datasheet.octopart.com:443/RMCF0805FT10K0-Stackpole-Electronics-datasheet-12534581.pdf?src-supplier=Upverter"; VariantName = "[No Variations]"
Change component parameters (AddParameter): Name = "ComponentLink2URL"; Value = "https://datasheet.octopart.com:443/RMCF0805FT10K0-Stackpole-Electronics-datasheet-12534581.pdf?src-supplier=Upverter"; VariantName = "[No Variations]"
Change component parameters (AddParameter): Name = "ComponentLink3Description"; Value = "https://datasheet.octopart.com:443/RMCF0805FT10K0-Stackpole-Electronics-datasheet-12510902.pdf?src-supplier=Upverter"; VariantName = "[No Variations]"
Change component parameters (AddParameter): Name = "ComponentLink3URL"; Value = "https://datasheet.octopart.com:443/RMCF0805FT10K0-Stackpole-Electronics-datasheet-12510902.pdf?src-supplier=Upverter"; VariantName = "[No Variations]"
Change component parameters (AddParameter): Name = "ComponentLink4Description"; Value = "https://datasheet.octopart.com:443/RMCF0805FT10K0-Stackpole-Electronics-datasheet-28504820.pdf?src-supplier=Master+Electronics"; VariantName = "[No Variations]"
Change component parameters (AddParameter): Name = "ComponentLink4URL"; Value = "https://datasheet.octopart.com:443/RMCF0805FT10K0-Stackpole-Electronics-datasheet-28504820.pdf?src-supplier=Master+Electronics"; VariantName = "[No Variations]"
Change component parameters (AddParameter): Name = "ComponentLink5Description"; Value = "https://datasheet.octopart.com:443/RMCF0805FT10K0-Stackpole-Electronics-datasheet-141193804.pdf?src-supplier=Stackpole+Electronics"; VariantName = "[No Variations]"
Change component parameters (AddParameter): Name = "ComponentLink5URL"; Value = "https://datasheet.octopart.com:443/RMCF0805FT10K0-Stackpole-Electronics-datasheet-141193804.pdf?src-supplier=Stackpole+Electronics"; VariantName = "[No Variations]"
Change component parameters (AddParameter): Name = "ComponentLink6Description"; Value = "https://datasheet.octopart.com:443/RMCF0805FT10K0-Stackpole-Electronics-datasheet-62091608.pdf?src-supplier=Stackpole+Electronics"; VariantName = "[No Variations]"
Change component parameters (AddParameter): Name = "ComponentLink6URL"; Value = "https://datasheet.octopart.com:443/RMCF0805FT10K0-Stackpole-Electronics-datasheet-62091608.pdf?src-supplier=Stackpole+Electronics"; VariantName = "[No Variations]"
Change component parameters (AddParameter): Name = "ComponentLink7Description"; Value = "https://datasheet.octopart.com:443/RMCF0805FT10K0-Stackpole-Electronics-datasheet-10788263.pdf?src-supplier=Stackpole+Electronics"; VariantName = "[No Variations]"
Change component parameters (AddParameter): Name = "ComponentLink7URL"; Value = "https://datasheet.octopart.com:443/RMCF0805FT10K0-Stackpole-Electronics-datasheet-10788263.pdf?src-supplier=Stackpole+Electronics"; VariantName = "[No Variations]"
Change component parameters (AddParameter): Name = "ComponentLink8Description"; Value = "https://datasheet.octopart.com:443/RMCF0805FT10K0-Stackpole-Electronics-datasheet-154799224.pdf?src-supplier=JRH+Electronics"; VariantName = "[No Variations]"
Change component parameters (AddParameter): Name = "ComponentLink8URL"; Value = "https://datasheet.octopart.com:443/RMCF0805FT10K0-Stackpole-Electronics-datasheet-154799224.pdf?src-supplier=JRH+Electronics"; VariantName = "[No Variations]"
Change component parameters (AddParameter): Name = "ComponentLink9Description"; Value = "https://datasheet.octopart.com:443/RMCF0805FT10K0-Stackpole-Electronics-datasheet-11546843.pdf?src-supplier=Arrow+Electronics"; VariantName = "[No Variations]"
Change component parameters (AddParameter): Name = "ComponentLink9URL"; Value = "https://datasheet.octopart.com:443/RMCF0805FT10K0-Stackpole-Electronics-datasheet-11546843.pdf?src-supplier=Arrow+Electronics"; VariantName = "[No Variations]"
Change component parameters (AddParameter): Name = "ComponentLink10Description"; Value = "https://datasheet.octopart.com:443/RMCF0805FT10K0-Stackpole-Electronics-datasheet-11547379.pdf?src-supplier=Future+Electronics"; VariantName = "[No Variations]"
Change component parameters (AddParameter): Name = "ComponentLink10URL"; Value = "https://datasheet.octopart.com:443/RMCF0805FT10K0-Stackpole-Electronics-datasheet-11547379.pdf?src-supplier=Future+Electronics"; VariantName = "[No Variations]"
Change component parameters (AddParameter): Name = "ComponentLink11Description"; Value = "https://datasheet.octopart.com:443/RMCF0805FT10K0-Stackpole-Electronics-datasheet-8359789.pdf?src-supplier=Future+Electronics"; VariantName = "[No Variations]"
Change component parameters (AddParameter): Name = "ComponentLink11URL"; Value = "https://datasheet.octopart.com:443/RMCF0805FT10K0-Stackpole-Electronics-datasheet-8359789.pdf?src-supplier=Future+Electronics"; VariantName = "[No Variations]"
Change component parameters (AddParameter): Name = "ComponentLink12Description"; Value = "https://datasheet.octopart.com:443/RMCF0805FT10K0-Stackpole-Electronics-datasheet-8324226.pdf?src-supplier=Future+Electronics"; VariantName = "[No Variations]"
Change component parameters (AddParameter): Name = "ComponentLink12URL"; Value = "https://datasheet.octopart.com:443/RMCF0805FT10K0-Stackpole-Electronics-datasheet-8324226.pdf?src-supplier=Future+Electronics"; VariantName = "[No Variations]"
Change component parameters (AddParameter): Name = "ComponentLink13Description"; Value = "https://datasheet.octopart.com:443/RMCF0805FT10K0-Stackpole-Electronics-datasheet-8088878.pdf?src-supplier=Future+Electronics"; VariantName = "[No Variations]"
Change component parameters (AddParameter): Name = "ComponentLink13URL"; Value = "https://datasheet.octopart.com:443/RMCF0805FT10K0-Stackpole-Electronics-datasheet-8088878.pdf?src-supplier=Future+Electronics"; VariantName = "[No Variations]"
Change component parameters (AddParameter): Name = "ComponentLink14Description"; Value = "https://datasheet.octopart.com:443/RMCF0805FT10K0-Stackpole-Electronics-datasheet-5313682.pdf?src-supplier=Future+Electronics"; VariantName = "[No Variations]"
Change component parameters (AddParameter): Name = "ComponentLink14URL"; Value = "https://datasheet.octopart.com:443/RMCF0805FT10K0-Stackpole-Electronics-datasheet-5313682.pdf?src-supplier=Future+Electronics"; VariantName = "[No Variations]"
Change component parameters (AddParameter): Name = "ComponentLink15Description"; Value = "http://sigma.octopart.com:80/15940719/materials_sheet/Stackpole-Electronics-RMCF0805FT10K0.pdf?src-supplier=Compliance+Statements"; VariantName = "[No Variations]"
Change component parameters (AddParameter): Name = "ComponentLink15URL"; Value = "http://sigma.octopart.com:80/15940719/materials_sheet/Stackpole-Electronics-RMCF0805FT10K0.pdf?src-supplier=Compliance+Statements"; VariantName = "[No Variations]"
Change component parameters (AddParameter): Name = "ComponentLink16Description"; Value = "http://sigma.octopart.com:80/141158211/reach_statement/Stackpole-Electronics-RMCF0805FT10K0.pdf?src-supplier=Compliance+Statements"; VariantName = "[No Variations]"
Change component parameters (AddParameter): Name = "ComponentLink16URL"; Value = "http://sigma.octopart.com:80/141158211/reach_statement/Stackpole-Electronics-RMCF0805FT10K0.pdf?src-supplier=Compliance+Statements"; VariantName = "[No Variations]"
Change component parameters (AddParameter): Name = "ComponentLink17Description"; Value = "http://sigma.octopart.com:80/141158212/rohs_statement/Stackpole-Electronics-RMCF0805FT10K0.pdf?src-supplier=Compliance+Statements"; VariantName = "[No Variations]"
Change component parameters (AddParameter): Name = "ComponentLink17URL"; Value = "http://sigma.octopart.com:80/141158212/rohs_statement/Stackpole-Electronics-RMCF0805FT10K0.pdf?src-supplier=Compliance+Statements"; VariantName = "[No Variations]"
Change component parameters (AddParameter): Name = "Composition"; Value = "Thick Film"; VariantName = "[No Variations]"
Change component parameters (AddParameter): Name = "Contact Plating"; Value = "Tin"; VariantName = "[No Variations]"
Change component parameters (AddParameter): Name = "Depth"; Value = "1.25mm"; VariantName = "[No Variations]"
Change component parameters (AddParameter): Name = "Features"; Value = "Automotive AEC-Q200"; VariantName = "[No Variations]"
Change component parameters (AddParameter): Name = "Height"; Value = "500µm"; VariantName = "[No Variations]"
Change component parameters (AddParameter): Name = "Lead Free"; Value = "Lead Free"; VariantName = "[No Variations]"
Change component parameters (AddParameter): Name = "Length"; Value = "2mm"; VariantName = "[No Variations]"
Change component parameters (AddParameter): Name = "Lifecycle Status"; Value = "Production"; VariantName = "[No Variations]"
Change component parameters (AddParameter): Name = "Manufacturer"; Value = "Stackpole Electronics"; VariantName = "[No Variations]"
Change component parameters (AddParameter): Name = "Manufacturer Package Identifier"; Value = "0805 (2012 metric)"; VariantName = "[No Variations]"
Change component parameters (AddParameter): Name = "Manufacturer Part Number"; Value = "RMCF0805FT10K0"; VariantName = "[No Variations]"
Change component parameters (AddParameter): Name = "Max Operating Temperature"; Value = "155°C"; VariantName = "[No Variations]"
Change component parameters (AddParameter): Name = "Max Power Dissipation"; Value = "125mW"; VariantName = "[No Variations]"
Change component parameters (AddParameter): Name = "Military Standard"; Value = "Not"; VariantName = "[No Variations]"
Change component parameters (AddParameter): Name = "Min Operating Temperature"; Value = "-55°C"; VariantName = "[No Variations]"
Change component parameters (AddParameter): Name = "Mounting Technology"; Value = "Surface Mount"; VariantName = "[No Variations]"
Change component parameters (AddParameter): Name = "Number of Terminals"; Value = "2"; VariantName = "[No Variations]"
Change component parameters (AddParameter): Name = "Number of Terminations"; Value = "2"; VariantName = "[No Variations]"
Change component parameters (AddParameter): Name = "Packaging"; Value = "Cut Tape (CT)"; VariantName = "[No Variations]"
Change component parameters (AddParameter): Name = "Power Rating"; Value = "125mW"; VariantName = "[No Variations]"
Change component parameters (AddParameter): Name = "Pricing"; Value = "10000=0,0027, 25000=0,0027, 100000=0,0026, 150000=0,0025, 375000=0,0024 (USD)"; VariantName = "[No Variations]"
Change component parameters (AddParameter): Name = "Radiation Hardening"; Value = "No"; VariantName = "[No Variations]"
Change component parameters (AddParameter): Name = "Ratings"; Value = "AEC-Q200"; VariantName = "[No Variations]"
Change component parameters (AddParameter): Name = "REACH SVHC"; Value = "Yes"; VariantName = "[No Variations]"
Change component parameters (AddParameter): Name = "RoHS"; Value = "Compliant"; VariantName = "[No Variations]"
Change component parameters (AddParameter): Name = "Schedule B"; Value = "8533210045, 8533210045|8533210045, 8533210045|8533210045|8533210045, 8533210045|8533210045|8533210045|8533210045"; VariantName = "[No Variations]"
Change component parameters (AddParameter): Name = "Stock"; Value = "3170000"; VariantName = "[No Variations]"
Change component parameters (AddParameter): Name = "Supplier"; Value = "Future Electronics"; VariantName = "[No Variations]"
Change component parameters (AddParameter): Name = "Supplier Part Number"; Value = "RMCF0805FT10K0"; VariantName = "[No Variations]"
Change component parameters (AddParameter): Name = "Temperature Coefficient"; Value = "100ppm/°C"; VariantName = "[No Variations]"
Change component parameters (AddParameter): Name = "Tolerance"; Value = "1%"; VariantName = "[No Variations]"
Change component parameters (AddParameter): Name = "Value"; Value = "10kO"; VariantName = "[No Variations]"
Change component parameters (AddParameter): Name = "Voltage Rating"; Value = "150V"; VariantName = "[No Variations]"
Change component parameters (AddParameter): Name = "Width"; Value = "1.25mm"; VariantName = "[No Variations]"
Change component parameters (AddParameter): Name = "Working Voltage"; Value = "150V"; VariantName = "[No Variations]"
Change component parameters: Designator = "R3" ("R3"); Footprint = "R0402 - IRONSOLDER"; UniqueID = "\DQLACFKL" ("\DQLACFKL")
Change component parameters (AddParameter): Name = ".Mounting"; Value = "SMD"; VariantName = "[No Variations]"
Change component parameters (AddParameter): Name = ".PCBChecked"; Value = ""; VariantName = "[No Variations]"
Change component parameters (AddParameter): Name = ".SCHChecked"; Value = ""; VariantName = "[No Variations]"
Change component parameters (AddParameter): Name = "Case Code (Imperial)"; Value = "0805"; VariantName = "[No Variations]"
Change component parameters (AddParameter): Name = "Case Code (Metric)"; Value = "2012"; VariantName = "[No Variations]"
Change component parameters (AddParameter): Name = "Case/Package"; Value = "0805"; VariantName = "[No Variations]"
Change component parameters (AddParameter): Name = "Category"; Value = "Chip SMD Resistors"; VariantName = "[No Variations]"
Change component parameters (AddParameter): Name = "China RoHS"; Value = "Non-Compliant"; VariantName = "[No Variations]"
Change component parameters (AddParameter): Name = "ComponentLink1Description"; Value = "https://datasheet.octopart.com:443/RMCF0805FT10K0-Stackpole-Electronics-datasheet-182148065.pdf?src-supplier=IHS"; VariantName = "[No Variations]"
Change component parameters (AddParameter): Name = "ComponentLink1URL"; Value = "https://datasheet.octopart.com:443/RMCF0805FT10K0-Stackpole-Electronics-datasheet-182148065.pdf?src-supplier=IHS"; VariantName = "[No Variations]"
Change component parameters (AddParameter): Name = "ComponentLink2Description"; Value = "https://datasheet.octopart.com:443/RMCF0805FT10K0-Stackpole-Electronics-datasheet-12534581.pdf?src-supplier=Upverter"; VariantName = "[No Variations]"
Change component parameters (AddParameter): Name = "ComponentLink2URL"; Value = "https://datasheet.octopart.com:443/RMCF0805FT10K0-Stackpole-Electronics-datasheet-12534581.pdf?src-supplier=Upverter"; VariantName = "[No Variations]"
Change component parameters (AddParameter): Name = "ComponentLink3Description"; Value = "https://datasheet.octopart.com:443/RMCF0805FT10K0-Stackpole-Electronics-datasheet-12510902.pdf?src-supplier=Upverter"; VariantName = "[No Variations]"
Change component parameters (AddParameter): Name = "ComponentLink3URL"; Value = "https://datasheet.octopart.com:443/RMCF0805FT10K0-Stackpole-Electronics-datasheet-12510902.pdf?src-supplier=Upverter"; VariantName = "[No Variations]"
Change component parameters (AddParameter): Name = "ComponentLink4Description"; Value = "https://datasheet.octopart.com:443/RMCF0805FT10K0-Stackpole-Electronics-datasheet-28504820.pdf?src-supplier=Master+Electronics"; VariantName = "[No Variations]"
Change component parameters (AddParameter): Name = "ComponentLink4URL"; Value = "https://datasheet.octopart.com:443/RMCF0805FT10K0-Stackpole-Electronics-datasheet-28504820.pdf?src-supplier=Master+Electronics"; VariantName = "[No Variations]"
Change component parameters (AddParameter): Name = "ComponentLink5Description"; Value = "https://datasheet.octopart.com:443/RMCF0805FT10K0-Stackpole-Electronics-datasheet-141193804.pdf?src-supplier=Stackpole+Electronics"; VariantName = "[No Variations]"
Change component parameters (AddParameter): Name = "ComponentLink5URL"; Value = "https://datasheet.octopart.com:443/RMCF0805FT10K0-Stackpole-Electronics-datasheet-141193804.pdf?src-supplier=Stackpole+Electronics"; VariantName = "[No Variations]"
Change component parameters (AddParameter): Name = "ComponentLink6Description"; Value = "https://datasheet.octopart.com:443/RMCF0805FT10K0-Stackpole-Electronics-datasheet-62091608.pdf?src-supplier=Stackpole+Electronics"; VariantName = "[No Variations]"
Change component parameters (AddParameter): Name = "ComponentLink6URL"; Value = "https://datasheet.octopart.com:443/RMCF0805FT10K0-Stackpole-Electronics-datasheet-62091608.pdf?src-supplier=Stackpole+Electronics"; VariantName = "[No Variations]"
Change component parameters (AddParameter): Name = "ComponentLink7Description"; Value = "https://datasheet.octopart.com:443/RMCF0805FT10K0-Stackpole-Electronics-datasheet-10788263.pdf?src-supplier=Stackpole+Electronics"; VariantName = "[No Variations]"
Change component parameters (AddParameter): Name = "ComponentLink7URL"; Value = "https://datasheet.octopart.com:443/RMCF0805FT10K0-Stackpole-Electronics-datasheet-10788263.pdf?src-supplier=Stackpole+Electronics"; VariantName = "[No Variations]"
Change component parameters (AddParameter): Name = "ComponentLink8Description"; Value = "https://datasheet.octopart.com:443/RMCF0805FT10K0-Stackpole-Electronics-datasheet-154799224.pdf?src-supplier=JRH+Electronics"; VariantName = "[No Variations]"
Change component parameters (AddParameter): Name = "ComponentLink8URL"; Value = "https://datasheet.octopart.com:443/RMCF0805FT10K0-Stackpole-Electronics-datasheet-154799224.pdf?src-supplier=JRH+Electronics"; VariantName = "[No Variations]"
Change component parameters (AddParameter): Name = "ComponentLink9Description"; Value = "https://datasheet.octopart.com:443/RMCF0805FT10K0-Stackpole-Electronics-datasheet-11546843.pdf?src-supplier=Arrow+Electronics"; VariantName = "[No Variations]"
Change component parameters (AddParameter): Name = "ComponentLink9URL"; Value = "https://datasheet.octopart.com:443/RMCF0805FT10K0-Stackpole-Electronics-datasheet-11546843.pdf?src-supplier=Arrow+Electronics"; VariantName = "[No Variations]"
Change component parameters (AddParameter): Name = "ComponentLink10Description"; Value = "https://datasheet.octopart.com:443/RMCF0805FT10K0-Stackpole-Electronics-datasheet-11547379.pdf?src-supplier=Future+Electronics"; VariantName = "[No Variations]"
Change component parameters (AddParameter): Name = "ComponentLink10URL"; Value = "https://datasheet.octopart.com:443/RMCF0805FT10K0-Stackpole-Electronics-datasheet-11547379.pdf?src-supplier=Future+Electronics"; VariantName = "[No Variations]"
Change component parameters (AddParameter): Name = "ComponentLink11Description"; Value = "https://datasheet.octopart.com:443/RMCF0805FT10K0-Stackpole-Electronics-datasheet-8359789.pdf?src-supplier=Future+Electronics"; VariantName = "[No Variations]"
Change component parameters (AddParameter): Name = "ComponentLink11URL"; Value = "https://datasheet.octopart.com:443/RMCF0805FT10K0-Stackpole-Electronics-datasheet-8359789.pdf?src-supplier=Future+Electronics"; VariantName = "[No Variations]"
Change component parameters (AddParameter): Name = "ComponentLink12Description"; Value = "https://datasheet.octopart.com:443/RMCF0805FT10K0-Stackpole-Electronics-datasheet-8324226.pdf?src-supplier=Future+Electronics"; VariantName = "[No Variations]"
Change component parameters (AddParameter): Name = "ComponentLink12URL"; Value = "https://datasheet.octopart.com:443/RMCF0805FT10K0-Stackpole-Electronics-datasheet-8324226.pdf?src-supplier=Future+Electronics"; VariantName = "[No Variations]"
Change component parameters (AddParameter): Name = "ComponentLink13Description"; Value = "https://datasheet.octopart.com:443/RMCF0805FT10K0-Stackpole-Electronics-datasheet-8088878.pdf?src-supplier=Future+Electronics"; VariantName = "[No Variations]"
Change component parameters (AddParameter): Name = "ComponentLink13URL"; Value = "https://datasheet.octopart.com:443/RMCF0805FT10K0-Stackpole-Electronics-datasheet-8088878.pdf?src-supplier=Future+Electronics"; VariantName = "[No Variations]"
Change component parameters (AddParameter): Name = "ComponentLink14Description"; Value = "https://datasheet.octopart.com:443/RMCF0805FT10K0-Stackpole-Electronics-datasheet-5313682.pdf?src-supplier=Future+Electronics"; VariantName = "[No Variations]"
Change component parameters (AddParameter): Name = "ComponentLink14URL"; Value = "https://datasheet.octopart.com:443/RMCF0805FT10K0-Stackpole-Electronics-datasheet-5313682.pdf?src-supplier=Future+Electronics"; VariantName = "[No Variations]"
Change component parameters (AddParameter): Name = "ComponentLink15Description"; Value = "http://sigma.octopart.com:80/15940719/materials_sheet/Stackpole-Electronics-RMCF0805FT10K0.pdf?src-supplier=Compliance+Statements"; VariantName = "[No Variations]"
Change component parameters (AddParameter): Name = "ComponentLink15URL"; Value = "http://sigma.octopart.com:80/15940719/materials_sheet/Stackpole-Electronics-RMCF0805FT10K0.pdf?src-supplier=Compliance+Statements"; VariantName = "[No Variations]"
Change component parameters (AddParameter): Name = "ComponentLink16Description"; Value = "http://sigma.octopart.com:80/141158211/reach_statement/Stackpole-Electronics-RMCF0805FT10K0.pdf?src-supplier=Compliance+Statements"; VariantName = "[No Variations]"
Change component parameters (AddParameter): Name = "ComponentLink16URL"; Value = "http://sigma.octopart.com:80/141158211/reach_statement/Stackpole-Electronics-RMCF0805FT10K0.pdf?src-supplier=Compliance+Statements"; VariantName = "[No Variations]"
Change component parameters (AddParameter): Name = "ComponentLink17Description"; Value = "http://sigma.octopart.com:80/141158212/rohs_statement/Stackpole-Electronics-RMCF0805FT10K0.pdf?src-supplier=Compliance+Statements"; VariantName = "[No Variations]"
Change component parameters (AddParameter): Name = "ComponentLink17URL"; Value = "http://sigma.octopart.com:80/141158212/rohs_statement/Stackpole-Electronics-RMCF0805FT10K0.pdf?src-supplier=Compliance+Statements"; VariantName = "[No Variations]"
Change component parameters (AddParameter): Name = "Composition"; Value = "Thick Film"; VariantName = "[No Variations]"
Change component parameters (AddParameter): Name = "Contact Plating"; Value = "Tin"; VariantName = "[No Variations]"
Change component parameters (AddParameter): Name = "Depth"; Value = "1.25mm"; VariantName = "[No Variations]"
Change component parameters (AddParameter): Name = "Features"; Value = "Automotive AEC-Q200"; VariantName = "[No Variations]"
Change component parameters (AddParameter): Name = "Height"; Value = "500µm"; VariantName = "[No Variations]"
Change component parameters (AddParameter): Name = "Lead Free"; Value = "Lead Free"; VariantName = "[No Variations]"
Change component parameters (AddParameter): Name = "Length"; Value = "2mm"; VariantName = "[No Variations]"
Change component parameters (AddParameter): Name = "Lifecycle Status"; Value = "Production"; VariantName = "[No Variations]"
Change component parameters (AddParameter): Name = "Manufacturer"; Value = "Stackpole Electronics"; VariantName = "[No Variations]"
Change component parameters (AddParameter): Name = "Manufacturer Package Identifier"; Value = "0805 (2012 metric)"; VariantName = "[No Variations]"
Change component parameters (AddParameter): Name = "Manufacturer Part Number"; Value = "RMCF0805FT10K0"; VariantName = "[No Variations]"
Change component parameters (AddParameter): Name = "Max Operating Temperature"; Value = "155°C"; VariantName = "[No Variations]"
Change component parameters (AddParameter): Name = "Max Power Dissipation"; Value = "125mW"; VariantName = "[No Variations]"
Change component parameters (AddParameter): Name = "Military Standard"; Value = "Not"; VariantName = "[No Variations]"
Change component parameters (AddParameter): Name = "Min Operating Temperature"; Value = "-55°C"; VariantName = "[No Variations]"
Change component parameters (AddParameter): Name = "Mounting Technology"; Value = "Surface Mount"; VariantName = "[No Variations]"
Change component parameters (AddParameter): Name = "Number of Terminals"; Value = "2"; VariantName = "[No Variations]"
Change component parameters (AddParameter): Name = "Number of Terminations"; Value = "2"; VariantName = "[No Variations]"
Change component parameters (AddParameter): Name = "Packaging"; Value = "Cut Tape (CT)"; VariantName = "[No Variations]"
Change component parameters (AddParameter): Name = "Power Rating"; Value = "125mW"; VariantName = "[No Variations]"
Change component parameters (AddParameter): Name = "Pricing"; Value = "10000=0,0027, 25000=0,0027, 100000=0,0026, 150000=0,0025, 375000=0,0024 (USD)"; VariantName = "[No Variations]"
Change component parameters (AddParameter): Name = "Radiation Hardening"; Value = "No"; VariantName = "[No Variations]"
Change component parameters (AddParameter): Name = "Ratings"; Value = "AEC-Q200"; VariantName = "[No Variations]"
Change component parameters (AddParameter): Name = "REACH SVHC"; Value = "Yes"; VariantName = "[No Variations]"
Change component parameters (AddParameter): Name = "RoHS"; Value = "Compliant"; VariantName = "[No Variations]"
Change component parameters (AddParameter): Name = "Schedule B"; Value = "8533210045, 8533210045|8533210045, 8533210045|8533210045|8533210045, 8533210045|8533210045|8533210045|8533210045"; VariantName = "[No Variations]"
Change component parameters (AddParameter): Name = "Stock"; Value = "3170000"; VariantName = "[No Variations]"
Change component parameters (AddParameter): Name = "Supplier"; Value = "Future Electronics"; VariantName = "[No Variations]"
Change component parameters (AddParameter): Name = "Supplier Part Number"; Value = "RMCF0805FT10K0"; VariantName = "[No Variations]"
Change component parameters (AddParameter): Name = "Temperature Coefficient"; Value = "100ppm/°C"; VariantName = "[No Variations]"
Change component parameters (AddParameter): Name = "Tolerance"; Value = "1%"; VariantName = "[No Variations]"
Change component parameters (AddParameter): Name = "Value"; Value = "10kO"; VariantName = "[No Variations]"
Change component parameters (AddParameter): Name = "Voltage Rating"; Value = "150V"; VariantName = "[No Variations]"
Change component parameters (AddParameter): Name = "Width"; Value = "1.25mm"; VariantName = "[No Variations]"
Change component parameters (AddParameter): Name = "Working Voltage"; Value = "150V"; VariantName = "[No Variations]"
Change component parameters: Designator = "R4" ("R4"); Footprint = "R0402 - IRONSOLDER"; UniqueID = "\FWPHRSGK" ("\FWPHRSGK")
Change component parameters (AddParameter): Name = ".Mounting"; Value = "SMD"; VariantName = "[No Variations]"
Change component parameters (AddParameter): Name = ".PCBChecked"; Value = ""; VariantName = "[No Variations]"
Change component parameters (AddParameter): Name = ".SCHChecked"; Value = ""; VariantName = "[No Variations]"
Change component parameters (AddParameter): Name = "Case Code (Imperial)"; Value = "0805"; VariantName = "[No Variations]"
Change component parameters (AddParameter): Name = "Case Code (Metric)"; Value = "2012"; VariantName = "[No Variations]"
Change component parameters (AddParameter): Name = "Case/Package"; Value = "0805"; VariantName = "[No Variations]"
Change component parameters (AddParameter): Name = "Category"; Value = "Chip SMD Resistors"; VariantName = "[No Variations]"
Change component parameters (AddParameter): Name = "China RoHS"; Value = "Non-Compliant"; VariantName = "[No Variations]"
Change component parameters (AddParameter): Name = "ComponentLink1Description"; Value = "https://datasheet.octopart.com:443/RMCF0805FT10K0-Stackpole-Electronics-datasheet-182148065.pdf?src-supplier=IHS"; VariantName = "[No Variations]"
Change component parameters (AddParameter): Name = "ComponentLink1URL"; Value = "https://datasheet.octopart.com:443/RMCF0805FT10K0-Stackpole-Electronics-datasheet-182148065.pdf?src-supplier=IHS"; VariantName = "[No Variations]"
Change component parameters (AddParameter): Name = "ComponentLink2Description"; Value = "https://datasheet.octopart.com:443/RMCF0805FT10K0-Stackpole-Electronics-datasheet-12534581.pdf?src-supplier=Upverter"; VariantName = "[No Variations]"
Change component parameters (AddParameter): Name = "ComponentLink2URL"; Value = "https://datasheet.octopart.com:443/RMCF0805FT10K0-Stackpole-Electronics-datasheet-12534581.pdf?src-supplier=Upverter"; VariantName = "[No Variations]"
Change component parameters (AddParameter): Name = "ComponentLink3Description"; Value = "https://datasheet.octopart.com:443/RMCF0805FT10K0-Stackpole-Electronics-datasheet-12510902.pdf?src-supplier=Upverter"; VariantName = "[No Variations]"
Change component parameters (AddParameter): Name = "ComponentLink3URL"; Value = "https://datasheet.octopart.com:443/RMCF0805FT10K0-Stackpole-Electronics-datasheet-12510902.pdf?src-supplier=Upverter"; VariantName = "[No Variations]"
Change component parameters (AddParameter): Name = "ComponentLink4Description"; Value = "https://datasheet.octopart.com:443/RMCF0805FT10K0-Stackpole-Electronics-datasheet-28504820.pdf?src-supplier=Master+Electronics"; VariantName = "[No Variations]"
Change component parameters (AddParameter): Name = "ComponentLink4URL"; Value = "https://datasheet.octopart.com:443/RMCF0805FT10K0-Stackpole-Electronics-datasheet-28504820.pdf?src-supplier=Master+Electronics"; VariantName = "[No Variations]"
Change component parameters (AddParameter): Name = "ComponentLink5Description"; Value = "https://datasheet.octopart.com:443/RMCF0805FT10K0-Stackpole-Electronics-datasheet-141193804.pdf?src-supplier=Stackpole+Electronics"; VariantName = "[No Variations]"
Change component parameters (AddParameter): Name = "ComponentLink5URL"; Value = "https://datasheet.octopart.com:443/RMCF0805FT10K0-Stackpole-Electronics-datasheet-141193804.pdf?src-supplier=Stackpole+Electronics"; VariantName = "[No Variations]"
Change component parameters (AddParameter): Name = "ComponentLink6Description"; Value = "https://datasheet.octopart.com:443/RMCF0805FT10K0-Stackpole-Electronics-datasheet-62091608.pdf?src-supplier=Stackpole+Electronics"; VariantName = "[No Variations]"
Change component parameters (AddParameter): Name = "ComponentLink6URL"; Value = "https://datasheet.octopart.com:443/RMCF0805FT10K0-Stackpole-Electronics-datasheet-62091608.pdf?src-supplier=Stackpole+Electronics"; VariantName = "[No Variations]"
Change component parameters (AddParameter): Name = "ComponentLink7Description"; Value = "https://datasheet.octopart.com:443/RMCF0805FT10K0-Stackpole-Electronics-datasheet-10788263.pdf?src-supplier=Stackpole+Electronics"; VariantName = "[No Variations]"
Change component parameters (AddParameter): Name = "ComponentLink7URL"; Value = "https://datasheet.octopart.com:443/RMCF0805FT10K0-Stackpole-Electronics-datasheet-10788263.pdf?src-supplier=Stackpole+Electronics"; VariantName = "[No Variations]"
Change component parameters (AddParameter): Name = "ComponentLink8Description"; Value = "https://datasheet.octopart.com:443/RMCF0805FT10K0-Stackpole-Electronics-datasheet-154799224.pdf?src-supplier=JRH+Electronics"; VariantName = "[No Variations]"
Change component parameters (AddParameter): Name = "ComponentLink8URL"; Value = "https://datasheet.octopart.com:443/RMCF0805FT10K0-Stackpole-Electronics-datasheet-154799224.pdf?src-supplier=JRH+Electronics"; VariantName = "[No Variations]"
Change component parameters (AddParameter): Name = "ComponentLink9Description"; Value = "https://datasheet.octopart.com:443/RMCF0805FT10K0-Stackpole-Electronics-datasheet-11546843.pdf?src-supplier=Arrow+Electronics"; VariantName = "[No Variations]"
Change component parameters (AddParameter): Name = "ComponentLink9URL"; Value = "https://datasheet.octopart.com:443/RMCF0805FT10K0-Stackpole-Electronics-datasheet-11546843.pdf?src-supplier=Arrow+Electronics"; VariantName = "[No Variations]"
Change component parameters (AddParameter): Name = "ComponentLink10Description"; Value = "https://datasheet.octopart.com:443/RMCF0805FT10K0-Stackpole-Electronics-datasheet-11547379.pdf?src-supplier=Future+Electronics"; VariantName = "[No Variations]"
Change component parameters (AddParameter): Name = "ComponentLink10URL"; Value = "https://datasheet.octopart.com:443/RMCF0805FT10K0-Stackpole-Electronics-datasheet-11547379.pdf?src-supplier=Future+Electronics"; VariantName = "[No Variations]"
Change component parameters (AddParameter): Name = "ComponentLink11Description"; Value = "https://datasheet.octopart.com:443/RMCF0805FT10K0-Stackpole-Electronics-datasheet-8359789.pdf?src-supplier=Future+Electronics"; VariantName = "[No Variations]"
Change component parameters (AddParameter): Name = "ComponentLink11URL"; Value = "https://datasheet.octopart.com:443/RMCF0805FT10K0-Stackpole-Electronics-datasheet-8359789.pdf?src-supplier=Future+Electronics"; VariantName = "[No Variations]"
Change component parameters (AddParameter): Name = "ComponentLink12Description"; Value = "https://datasheet.octopart.com:443/RMCF0805FT10K0-Stackpole-Electronics-datasheet-8324226.pdf?src-supplier=Future+Electronics"; VariantName = "[No Variations]"
Change component parameters (AddParameter): Name = "ComponentLink12URL"; Value = "https://datasheet.octopart.com:443/RMCF0805FT10K0-Stackpole-Electronics-datasheet-8324226.pdf?src-supplier=Future+Electronics"; VariantName = "[No Variations]"
Change component parameters (AddParameter): Name = "ComponentLink13Description"; Value = "https://datasheet.octopart.com:443/RMCF0805FT10K0-Stackpole-Electronics-datasheet-8088878.pdf?src-supplier=Future+Electronics"; VariantName = "[No Variations]"
Change component parameters (AddParameter): Name = "ComponentLink13URL"; Value = "https://datasheet.octopart.com:443/RMCF0805FT10K0-Stackpole-Electronics-datasheet-8088878.pdf?src-supplier=Future+Electronics"; VariantName = "[No Variations]"
Change component parameters (AddParameter): Name = "ComponentLink14Description"; Value = "https://datasheet.octopart.com:443/RMCF0805FT10K0-Stackpole-Electronics-datasheet-5313682.pdf?src-supplier=Future+Electronics"; VariantName = "[No Variations]"
Change component parameters (AddParameter): Name = "ComponentLink14URL"; Value = "https://datasheet.octopart.com:443/RMCF0805FT10K0-Stackpole-Electronics-datasheet-5313682.pdf?src-supplier=Future+Electronics"; VariantName = "[No Variations]"
Change component parameters (AddParameter): Name = "ComponentLink15Description"; Value = "http://sigma.octopart.com:80/15940719/materials_sheet/Stackpole-Electronics-RMCF0805FT10K0.pdf?src-supplier=Compliance+Statements"; VariantName = "[No Variations]"
Change component parameters (AddParameter): Name = "ComponentLink15URL"; Value = "http://sigma.octopart.com:80/15940719/materials_sheet/Stackpole-Electronics-RMCF0805FT10K0.pdf?src-supplier=Compliance+Statements"; VariantName = "[No Variations]"
Change component parameters (AddParameter): Name = "ComponentLink16Description"; Value = "http://sigma.octopart.com:80/141158211/reach_statement/Stackpole-Electronics-RMCF0805FT10K0.pdf?src-supplier=Compliance+Statements"; VariantName = "[No Variations]"
Change component parameters (AddParameter): Name = "ComponentLink16URL"; Value = "http://sigma.octopart.com:80/141158211/reach_statement/Stackpole-Electronics-RMCF0805FT10K0.pdf?src-supplier=Compliance+Statements"; VariantName = "[No Variations]"
Change component parameters (AddParameter): Name = "ComponentLink17Description"; Value = "http://sigma.octopart.com:80/141158212/rohs_statement/Stackpole-Electronics-RMCF0805FT10K0.pdf?src-supplier=Compliance+Statements"; VariantName = "[No Variations]"
Change component parameters (AddParameter): Name = "ComponentLink17URL"; Value = "http://sigma.octopart.com:80/141158212/rohs_statement/Stackpole-Electronics-RMCF0805FT10K0.pdf?src-supplier=Compliance+Statements"; VariantName = "[No Variations]"
Change component parameters (AddParameter): Name = "Composition"; Value = "Thick Film"; VariantName = "[No Variations]"
Change component parameters (AddParameter): Name = "Contact Plating"; Value = "Tin"; VariantName = "[No Variations]"
Change component parameters (AddParameter): Name = "Depth"; Value = "1.25mm"; VariantName = "[No Variations]"
Change component parameters (AddParameter): Name = "Features"; Value = "Automotive AEC-Q200"; VariantName = "[No Variations]"
Change component parameters (AddParameter): Name = "Height"; Value = "500µm"; VariantName = "[No Variations]"
Change component parameters (AddParameter): Name = "Lead Free"; Value = "Lead Free"; VariantName = "[No Variations]"
Change component parameters (AddParameter): Name = "Length"; Value = "2mm"; VariantName = "[No Variations]"
Change component parameters (AddParameter): Name = "Lifecycle Status"; Value = "Production"; VariantName = "[No Variations]"
Change component parameters (AddParameter): Name = "Manufacturer"; Value = "Stackpole Electronics"; VariantName = "[No Variations]"
Change component parameters (AddParameter): Name = "Manufacturer Package Identifier"; Value = "0805 (2012 metric)"; VariantName = "[No Variations]"
Change component parameters (AddParameter): Name = "Manufacturer Part Number"; Value = "RMCF0805FT10K0"; VariantName = "[No Variations]"
Change component parameters (AddParameter): Name = "Max Operating Temperature"; Value = "155°C"; VariantName = "[No Variations]"
Change component parameters (AddParameter): Name = "Max Power Dissipation"; Value = "125mW"; VariantName = "[No Variations]"
Change component parameters (AddParameter): Name = "Military Standard"; Value = "Not"; VariantName = "[No Variations]"
Change component parameters (AddParameter): Name = "Min Operating Temperature"; Value = "-55°C"; VariantName = "[No Variations]"
Change component parameters (AddParameter): Name = "Mounting Technology"; Value = "Surface Mount"; VariantName = "[No Variations]"
Change component parameters (AddParameter): Name = "Number of Terminals"; Value = "2"; VariantName = "[No Variations]"
Change component parameters (AddParameter): Name = "Number of Terminations"; Value = "2"; VariantName = "[No Variations]"
Change component parameters (AddParameter): Name = "Packaging"; Value = "Cut Tape (CT)"; VariantName = "[No Variations]"
Change component parameters (AddParameter): Name = "Power Rating"; Value = "125mW"; VariantName = "[No Variations]"
Change component parameters (AddParameter): Name = "Pricing"; Value = "10000=0,0027, 25000=0,0027, 100000=0,0026, 150000=0,0025, 375000=0,0024 (USD)"; VariantName = "[No Variations]"
Change component parameters (AddParameter): Name = "Radiation Hardening"; Value = "No"; VariantName = "[No Variations]"
Change component parameters (AddParameter): Name = "Ratings"; Value = "AEC-Q200"; VariantName = "[No Variations]"
Change component parameters (AddParameter): Name = "REACH SVHC"; Value = "Yes"; VariantName = "[No Variations]"
Change component parameters (AddParameter): Name = "RoHS"; Value = "Compliant"; VariantName = "[No Variations]"
Change component parameters (AddParameter): Name = "Schedule B"; Value = "8533210045, 8533210045|8533210045, 8533210045|8533210045|8533210045, 8533210045|8533210045|8533210045|8533210045"; VariantName = "[No Variations]"
Change component parameters (AddParameter): Name = "Stock"; Value = "3170000"; VariantName = "[No Variations]"
Change component parameters (AddParameter): Name = "Supplier"; Value = "Future Electronics"; VariantName = "[No Variations]"
Change component parameters (AddParameter): Name = "Supplier Part Number"; Value = "RMCF0805FT10K0"; VariantName = "[No Variations]"
Change component parameters (AddParameter): Name = "Temperature Coefficient"; Value = "100ppm/°C"; VariantName = "[No Variations]"
Change component parameters (AddParameter): Name = "Tolerance"; Value = "1%"; VariantName = "[No Variations]"
Change component parameters (AddParameter): Name = "Value"; Value = "10kO"; VariantName = "[No Variations]"
Change component parameters (AddParameter): Name = "Voltage Rating"; Value = "150V"; VariantName = "[No Variations]"
Change component parameters (AddParameter): Name = "Width"; Value = "1.25mm"; VariantName = "[No Variations]"
Change component parameters (AddParameter): Name = "Working Voltage"; Value = "150V"; VariantName = "[No Variations]"
Change component parameters: Designator = "R5" ("R5"); Footprint = "R0402 - IRONSOLDER"; UniqueID = "\ZVNQGOYV" ("\ZVNQGOYV")
Change component parameters (AddParameter): Name = ".Mounting"; Value = "SMD"; VariantName = "[No Variations]"
Change component parameters (AddParameter): Name = ".PCBChecked"; Value = ""; VariantName = "[No Variations]"
Change component parameters (AddParameter): Name = ".SCHChecked"; Value = ""; VariantName = "[No Variations]"
Change component parameters (AddParameter): Name = "Case Code (Imperial)"; Value = "0805"; VariantName = "[No Variations]"
Change component parameters (AddParameter): Name = "Case Code (Metric)"; Value = "2012"; VariantName = "[No Variations]"
Change component parameters (AddParameter): Name = "Case/Package"; Value = "0805"; VariantName = "[No Variations]"
Change component parameters (AddParameter): Name = "Category"; Value = "Chip SMD Resistors"; VariantName = "[No Variations]"
Change component parameters (AddParameter): Name = "China RoHS"; Value = "Non-Compliant"; VariantName = "[No Variations]"
Change component parameters (AddParameter): Name = "ComponentLink1Description"; Value = "https://datasheet.octopart.com:443/RMCF0805FT10K0-Stackpole-Electronics-datasheet-182148065.pdf?src-supplier=IHS"; VariantName = "[No Variations]"
Change component parameters (AddParameter): Name = "ComponentLink1URL"; Value = "https://datasheet.octopart.com:443/RMCF0805FT10K0-Stackpole-Electronics-datasheet-182148065.pdf?src-supplier=IHS"; VariantName = "[No Variations]"
Change component parameters (AddParameter): Name = "ComponentLink2Description"; Value = "https://datasheet.octopart.com:443/RMCF0805FT10K0-Stackpole-Electronics-datasheet-12534581.pdf?src-supplier=Upverter"; VariantName = "[No Variations]"
Change component parameters (AddParameter): Name = "ComponentLink2URL"; Value = "https://datasheet.octopart.com:443/RMCF0805FT10K0-Stackpole-Electronics-datasheet-12534581.pdf?src-supplier=Upverter"; VariantName = "[No Variations]"
Change component parameters (AddParameter): Name = "ComponentLink3Description"; Value = "https://datasheet.octopart.com:443/RMCF0805FT10K0-Stackpole-Electronics-datasheet-12510902.pdf?src-supplier=Upverter"; VariantName = "[No Variations]"
Change component parameters (AddParameter): Name = "ComponentLink3URL"; Value = "https://datasheet.octopart.com:443/RMCF0805FT10K0-Stackpole-Electronics-datasheet-12510902.pdf?src-supplier=Upverter"; VariantName = "[No Variations]"
Change component parameters (AddParameter): Name = "ComponentLink4Description"; Value = "https://datasheet.octopart.com:443/RMCF0805FT10K0-Stackpole-Electronics-datasheet-28504820.pdf?src-supplier=Master+Electronics"; VariantName = "[No Variations]"
Change component parameters (AddParameter): Name = "ComponentLink4URL"; Value = "https://datasheet.octopart.com:443/RMCF0805FT10K0-Stackpole-Electronics-datasheet-28504820.pdf?src-supplier=Master+Electronics"; VariantName = "[No Variations]"
Change component parameters (AddParameter): Name = "ComponentLink5Description"; Value = "https://datasheet.octopart.com:443/RMCF0805FT10K0-Stackpole-Electronics-datasheet-141193804.pdf?src-supplier=Stackpole+Electronics"; VariantName = "[No Variations]"
Change component parameters (AddParameter): Name = "ComponentLink5URL"; Value = "https://datasheet.octopart.com:443/RMCF0805FT10K0-Stackpole-Electronics-datasheet-141193804.pdf?src-supplier=Stackpole+Electronics"; VariantName = "[No Variations]"
Change component parameters (AddParameter): Name = "ComponentLink6Description"; Value = "https://datasheet.octopart.com:443/RMCF0805FT10K0-Stackpole-Electronics-datasheet-62091608.pdf?src-supplier=Stackpole+Electronics"; VariantName = "[No Variations]"
Change component parameters (AddParameter): Name = "ComponentLink6URL"; Value = "https://datasheet.octopart.com:443/RMCF0805FT10K0-Stackpole-Electronics-datasheet-62091608.pdf?src-supplier=Stackpole+Electronics"; VariantName = "[No Variations]"
Change component parameters (AddParameter): Name = "ComponentLink7Description"; Value = "https://datasheet.octopart.com:443/RMCF0805FT10K0-Stackpole-Electronics-datasheet-10788263.pdf?src-supplier=Stackpole+Electronics"; VariantName = "[No Variations]"
Change component parameters (AddParameter): Name = "ComponentLink7URL"; Value = "https://datasheet.octopart.com:443/RMCF0805FT10K0-Stackpole-Electronics-datasheet-10788263.pdf?src-supplier=Stackpole+Electronics"; VariantName = "[No Variations]"
Change component parameters (AddParameter): Name = "ComponentLink8Description"; Value = "https://datasheet.octopart.com:443/RMCF0805FT10K0-Stackpole-Electronics-datasheet-154799224.pdf?src-supplier=JRH+Electronics"; VariantName = "[No Variations]"
Change component parameters (AddParameter): Name = "ComponentLink8URL"; Value = "https://datasheet.octopart.com:443/RMCF0805FT10K0-Stackpole-Electronics-datasheet-154799224.pdf?src-supplier=JRH+Electronics"; VariantName = "[No Variations]"
Change component parameters (AddParameter): Name = "ComponentLink9Description"; Value = "https://datasheet.octopart.com:443/RMCF0805FT10K0-Stackpole-Electronics-datasheet-11546843.pdf?src-supplier=Arrow+Electronics"; VariantName = "[No Variations]"
Change component parameters (AddParameter): Name = "ComponentLink9URL"; Value = "https://datasheet.octopart.com:443/RMCF0805FT10K0-Stackpole-Electronics-datasheet-11546843.pdf?src-supplier=Arrow+Electronics"; VariantName = "[No Variations]"
Change component parameters (AddParameter): Name = "ComponentLink10Description"; Value = "https://datasheet.octopart.com:443/RMCF0805FT10K0-Stackpole-Electronics-datasheet-11547379.pdf?src-supplier=Future+Electronics"; VariantName = "[No Variations]"
Change component parameters (AddParameter): Name = "ComponentLink10URL"; Value = "https://datasheet.octopart.com:443/RMCF0805FT10K0-Stackpole-Electronics-datasheet-11547379.pdf?src-supplier=Future+Electronics"; VariantName = "[No Variations]"
Change component parameters (AddParameter): Name = "ComponentLink11Description"; Value = "https://datasheet.octopart.com:443/RMCF0805FT10K0-Stackpole-Electronics-datasheet-8359789.pdf?src-supplier=Future+Electronics"; VariantName = "[No Variations]"
Change component parameters (AddParameter): Name = "ComponentLink11URL"; Value = "https://datasheet.octopart.com:443/RMCF0805FT10K0-Stackpole-Electronics-datasheet-8359789.pdf?src-supplier=Future+Electronics"; VariantName = "[No Variations]"
Change component parameters (AddParameter): Name = "ComponentLink12Description"; Value = "https://datasheet.octopart.com:443/RMCF0805FT10K0-Stackpole-Electronics-datasheet-8324226.pdf?src-supplier=Future+Electronics"; VariantName = "[No Variations]"
Change component parameters (AddParameter): Name = "ComponentLink12URL"; Value = "https://datasheet.octopart.com:443/RMCF0805FT10K0-Stackpole-Electronics-datasheet-8324226.pdf?src-supplier=Future+Electronics"; VariantName = "[No Variations]"
Change component parameters (AddParameter): Name = "ComponentLink13Description"; Value = "https://datasheet.octopart.com:443/RMCF0805FT10K0-Stackpole-Electronics-datasheet-8088878.pdf?src-supplier=Future+Electronics"; VariantName = "[No Variations]"
Change component parameters (AddParameter): Name = "ComponentLink13URL"; Value = "https://datasheet.octopart.com:443/RMCF0805FT10K0-Stackpole-Electronics-datasheet-8088878.pdf?src-supplier=Future+Electronics"; VariantName = "[No Variations]"
Change component parameters (AddParameter): Name = "ComponentLink14Description"; Value = "https://datasheet.octopart.com:443/RMCF0805FT10K0-Stackpole-Electronics-datasheet-5313682.pdf?src-supplier=Future+Electronics"; VariantName = "[No Variations]"
Change component parameters (AddParameter): Name = "ComponentLink14URL"; Value = "https://datasheet.octopart.com:443/RMCF0805FT10K0-Stackpole-Electronics-datasheet-5313682.pdf?src-supplier=Future+Electronics"; VariantName = "[No Variations]"
Change component parameters (AddParameter): Name = "ComponentLink15Description"; Value = "http://sigma.octopart.com:80/15940719/materials_sheet/Stackpole-Electronics-RMCF0805FT10K0.pdf?src-supplier=Compliance+Statements"; VariantName = "[No Variations]"
Change component parameters (AddParameter): Name = "ComponentLink15URL"; Value = "http://sigma.octopart.com:80/15940719/materials_sheet/Stackpole-Electronics-RMCF0805FT10K0.pdf?src-supplier=Compliance+Statements"; VariantName = "[No Variations]"
Change component parameters (AddParameter): Name = "ComponentLink16Description"; Value = "http://sigma.octopart.com:80/141158211/reach_statement/Stackpole-Electronics-RMCF0805FT10K0.pdf?src-supplier=Compliance+Statements"; VariantName = "[No Variations]"
Change component parameters (AddParameter): Name = "ComponentLink16URL"; Value = "http://sigma.octopart.com:80/141158211/reach_statement/Stackpole-Electronics-RMCF0805FT10K0.pdf?src-supplier=Compliance+Statements"; VariantName = "[No Variations]"
Change component parameters (AddParameter): Name = "ComponentLink17Description"; Value = "http://sigma.octopart.com:80/141158212/rohs_statement/Stackpole-Electronics-RMCF0805FT10K0.pdf?src-supplier=Compliance+Statements"; VariantName = "[No Variations]"
Change component parameters (AddParameter): Name = "ComponentLink17URL"; Value = "http://sigma.octopart.com:80/141158212/rohs_statement/Stackpole-Electronics-RMCF0805FT10K0.pdf?src-supplier=Compliance+Statements"; VariantName = "[No Variations]"
Change component parameters (AddParameter): Name = "Composition"; Value = "Thick Film"; VariantName = "[No Variations]"
Change component parameters (AddParameter): Name = "Contact Plating"; Value = "Tin"; VariantName = "[No Variations]"
Change component parameters (AddParameter): Name = "Depth"; Value = "1.25mm"; VariantName = "[No Variations]"
Change component parameters (AddParameter): Name = "Features"; Value = "Automotive AEC-Q200"; VariantName = "[No Variations]"
Change component parameters (AddParameter): Name = "Height"; Value = "500µm"; VariantName = "[No Variations]"
Change component parameters (AddParameter): Name = "Lead Free"; Value = "Lead Free"; VariantName = "[No Variations]"
Change component parameters (AddParameter): Name = "Length"; Value = "2mm"; VariantName = "[No Variations]"
Change component parameters (AddParameter): Name = "Lifecycle Status"; Value = "Production"; VariantName = "[No Variations]"
Change component parameters (AddParameter): Name = "Manufacturer"; Value = "Stackpole Electronics"; VariantName = "[No Variations]"
Change component parameters (AddParameter): Name = "Manufacturer Package Identifier"; Value = "0805 (2012 metric)"; VariantName = "[No Variations]"
Change component parameters (AddParameter): Name = "Manufacturer Part Number"; Value = "RMCF0805FT10K0"; VariantName = "[No Variations]"
Change component parameters (AddParameter): Name = "Max Operating Temperature"; Value = "155°C"; VariantName = "[No Variations]"
Change component parameters (AddParameter): Name = "Max Power Dissipation"; Value = "125mW"; VariantName = "[No Variations]"
Change component parameters (AddParameter): Name = "Military Standard"; Value = "Not"; VariantName = "[No Variations]"
Change component parameters (AddParameter): Name = "Min Operating Temperature"; Value = "-55°C"; VariantName = "[No Variations]"
Change component parameters (AddParameter): Name = "Mounting Technology"; Value = "Surface Mount"; VariantName = "[No Variations]"
Change component parameters (AddParameter): Name = "Number of Terminals"; Value = "2"; VariantName = "[No Variations]"
Change component parameters (AddParameter): Name = "Number of Terminations"; Value = "2"; VariantName = "[No Variations]"
Change component parameters (AddParameter): Name = "Packaging"; Value = "Cut Tape (CT)"; VariantName = "[No Variations]"
Change component parameters (AddParameter): Name = "Power Rating"; Value = "125mW"; VariantName = "[No Variations]"
Change component parameters (AddParameter): Name = "Pricing"; Value = "10000=0,0027, 25000=0,0027, 100000=0,0026, 150000=0,0025, 375000=0,0024 (USD)"; VariantName = "[No Variations]"
Change component parameters (AddParameter): Name = "Radiation Hardening"; Value = "No"; VariantName = "[No Variations]"
Change component parameters (AddParameter): Name = "Ratings"; Value = "AEC-Q200"; VariantName = "[No Variations]"
Change component parameters (AddParameter): Name = "REACH SVHC"; Value = "Yes"; VariantName = "[No Variations]"
Change component parameters (AddParameter): Name = "RoHS"; Value = "Compliant"; VariantName = "[No Variations]"
Change component parameters (AddParameter): Name = "Schedule B"; Value = "8533210045, 8533210045|8533210045, 8533210045|8533210045|8533210045, 8533210045|8533210045|8533210045|8533210045"; VariantName = "[No Variations]"
Change component parameters (AddParameter): Name = "Stock"; Value = "3170000"; VariantName = "[No Variations]"
Change component parameters (AddParameter): Name = "Supplier"; Value = "Future Electronics"; VariantName = "[No Variations]"
Change component parameters (AddParameter): Name = "Supplier Part Number"; Value = "RMCF0805FT10K0"; VariantName = "[No Variations]"
Change component parameters (AddParameter): Name = "Temperature Coefficient"; Value = "100ppm/°C"; VariantName = "[No Variations]"
Change component parameters (AddParameter): Name = "Tolerance"; Value = "1%"; VariantName = "[No Variations]"
Change component parameters (AddParameter): Name = "Value"; Value = "10kO"; VariantName = "[No Variations]"
Change component parameters (AddParameter): Name = "Voltage Rating"; Value = "150V"; VariantName = "[No Variations]"
Change component parameters (AddParameter): Name = "Width"; Value = "1.25mm"; VariantName = "[No Variations]"
Change component parameters (AddParameter): Name = "Working Voltage"; Value = "150V"; VariantName = "[No Variations]"
Change component parameters: Designator = "R6" ("R6"); Footprint = "R0402 - IRONSOLDER"; UniqueID = "\XCMRFMJW" ("\XCMRFMJW")
Change component parameters (AddParameter): Name = ".Mounting"; Value = "SMD"; VariantName = "[No Variations]"
Change component parameters (AddParameter): Name = ".PCBChecked"; Value = ""; VariantName = "[No Variations]"
Change component parameters (AddParameter): Name = ".SCHChecked"; Value = ""; VariantName = "[No Variations]"
Change component parameters (AddParameter): Name = "Case Code (Imperial)"; Value = "0805"; VariantName = "[No Variations]"
Change component parameters (AddParameter): Name = "Case Code (Metric)"; Value = "2012"; VariantName = "[No Variations]"
Change component parameters (AddParameter): Name = "Case/Package"; Value = "0805"; VariantName = "[No Variations]"
Change component parameters (AddParameter): Name = "Category"; Value = "Chip SMD Resistors"; VariantName = "[No Variations]"
Change component parameters (AddParameter): Name = "China RoHS"; Value = "Non-Compliant"; VariantName = "[No Variations]"
Change component parameters (AddParameter): Name = "ComponentLink1Description"; Value = "https://datasheet.octopart.com:443/RMCF0805FT10K0-Stackpole-Electronics-datasheet-182148065.pdf?src-supplier=IHS"; VariantName = "[No Variations]"
Change component parameters (AddParameter): Name = "ComponentLink1URL"; Value = "https://datasheet.octopart.com:443/RMCF0805FT10K0-Stackpole-Electronics-datasheet-182148065.pdf?src-supplier=IHS"; VariantName = "[No Variations]"
Change component parameters (AddParameter): Name = "ComponentLink2Description"; Value = "https://datasheet.octopart.com:443/RMCF0805FT10K0-Stackpole-Electronics-datasheet-12534581.pdf?src-supplier=Upverter"; VariantName = "[No Variations]"
Change component parameters (AddParameter): Name = "ComponentLink2URL"; Value = "https://datasheet.octopart.com:443/RMCF0805FT10K0-Stackpole-Electronics-datasheet-12534581.pdf?src-supplier=Upverter"; VariantName = "[No Variations]"
Change component parameters (AddParameter): Name = "ComponentLink3Description"; Value = "https://datasheet.octopart.com:443/RMCF0805FT10K0-Stackpole-Electronics-datasheet-12510902.pdf?src-supplier=Upverter"; VariantName = "[No Variations]"
Change component parameters (AddParameter): Name = "ComponentLink3URL"; Value = "https://datasheet.octopart.com:443/RMCF0805FT10K0-Stackpole-Electronics-datasheet-12510902.pdf?src-supplier=Upverter"; VariantName = "[No Variations]"
Change component parameters (AddParameter): Name = "ComponentLink4Description"; Value = "https://datasheet.octopart.com:443/RMCF0805FT10K0-Stackpole-Electronics-datasheet-28504820.pdf?src-supplier=Master+Electronics"; VariantName = "[No Variations]"
Change component parameters (AddParameter): Name = "ComponentLink4URL"; Value = "https://datasheet.octopart.com:443/RMCF0805FT10K0-Stackpole-Electronics-datasheet-28504820.pdf?src-supplier=Master+Electronics"; VariantName = "[No Variations]"
Change component parameters (AddParameter): Name = "ComponentLink5Description"; Value = "https://datasheet.octopart.com:443/RMCF0805FT10K0-Stackpole-Electronics-datasheet-141193804.pdf?src-supplier=Stackpole+Electronics"; VariantName = "[No Variations]"
Change component parameters (AddParameter): Name = "ComponentLink5URL"; Value = "https://datasheet.octopart.com:443/RMCF0805FT10K0-Stackpole-Electronics-datasheet-141193804.pdf?src-supplier=Stackpole+Electronics"; VariantName = "[No Variations]"
Change component parameters (AddParameter): Name = "ComponentLink6Description"; Value = "https://datasheet.octopart.com:443/RMCF0805FT10K0-Stackpole-Electronics-datasheet-62091608.pdf?src-supplier=Stackpole+Electronics"; VariantName = "[No Variations]"
Change component parameters (AddParameter): Name = "ComponentLink6URL"; Value = "https://datasheet.octopart.com:443/RMCF0805FT10K0-Stackpole-Electronics-datasheet-62091608.pdf?src-supplier=Stackpole+Electronics"; VariantName = "[No Variations]"
Change component parameters (AddParameter): Name = "ComponentLink7Description"; Value = "https://datasheet.octopart.com:443/RMCF0805FT10K0-Stackpole-Electronics-datasheet-10788263.pdf?src-supplier=Stackpole+Electronics"; VariantName = "[No Variations]"
Change component parameters (AddParameter): Name = "ComponentLink7URL"; Value = "https://datasheet.octopart.com:443/RMCF0805FT10K0-Stackpole-Electronics-datasheet-10788263.pdf?src-supplier=Stackpole+Electronics"; VariantName = "[No Variations]"
Change component parameters (AddParameter): Name = "ComponentLink8Description"; Value = "https://datasheet.octopart.com:443/RMCF0805FT10K0-Stackpole-Electronics-datasheet-154799224.pdf?src-supplier=JRH+Electronics"; VariantName = "[No Variations]"
Change component parameters (AddParameter): Name = "ComponentLink8URL"; Value = "https://datasheet.octopart.com:443/RMCF0805FT10K0-Stackpole-Electronics-datasheet-154799224.pdf?src-supplier=JRH+Electronics"; VariantName = "[No Variations]"
Change component parameters (AddParameter): Name = "ComponentLink9Description"; Value = "https://datasheet.octopart.com:443/RMCF0805FT10K0-Stackpole-Electronics-datasheet-11546843.pdf?src-supplier=Arrow+Electronics"; VariantName = "[No Variations]"
Change component parameters (AddParameter): Name = "ComponentLink9URL"; Value = "https://datasheet.octopart.com:443/RMCF0805FT10K0-Stackpole-Electronics-datasheet-11546843.pdf?src-supplier=Arrow+Electronics"; VariantName = "[No Variations]"
Change component parameters (AddParameter): Name = "ComponentLink10Description"; Value = "https://datasheet.octopart.com:443/RMCF0805FT10K0-Stackpole-Electronics-datasheet-11547379.pdf?src-supplier=Future+Electronics"; VariantName = "[No Variations]"
Change component parameters (AddParameter): Name = "ComponentLink10URL"; Value = "https://datasheet.octopart.com:443/RMCF0805FT10K0-Stackpole-Electronics-datasheet-11547379.pdf?src-supplier=Future+Electronics"; VariantName = "[No Variations]"
Change component parameters (AddParameter): Name = "ComponentLink11Description"; Value = "https://datasheet.octopart.com:443/RMCF0805FT10K0-Stackpole-Electronics-datasheet-8359789.pdf?src-supplier=Future+Electronics"; VariantName = "[No Variations]"
Change component parameters (AddParameter): Name = "ComponentLink11URL"; Value = "https://datasheet.octopart.com:443/RMCF0805FT10K0-Stackpole-Electronics-datasheet-8359789.pdf?src-supplier=Future+Electronics"; VariantName = "[No Variations]"
Change component parameters (AddParameter): Name = "ComponentLink12Description"; Value = "https://datasheet.octopart.com:443/RMCF0805FT10K0-Stackpole-Electronics-datasheet-8324226.pdf?src-supplier=Future+Electronics"; VariantName = "[No Variations]"
Change component parameters (AddParameter): Name = "ComponentLink12URL"; Value = "https://datasheet.octopart.com:443/RMCF0805FT10K0-Stackpole-Electronics-datasheet-8324226.pdf?src-supplier=Future+Electronics"; VariantName = "[No Variations]"
Change component parameters (AddParameter): Name = "ComponentLink13Description"; Value = "https://datasheet.octopart.com:443/RMCF0805FT10K0-Stackpole-Electronics-datasheet-8088878.pdf?src-supplier=Future+Electronics"; VariantName = "[No Variations]"
Change component parameters (AddParameter): Name = "ComponentLink13URL"; Value = "https://datasheet.octopart.com:443/RMCF0805FT10K0-Stackpole-Electronics-datasheet-8088878.pdf?src-supplier=Future+Electronics"; VariantName = "[No Variations]"
Change component parameters (AddParameter): Name = "ComponentLink14Description"; Value = "https://datasheet.octopart.com:443/RMCF0805FT10K0-Stackpole-Electronics-datasheet-5313682.pdf?src-supplier=Future+Electronics"; VariantName = "[No Variations]"
Change component parameters (AddParameter): Name = "ComponentLink14URL"; Value = "https://datasheet.octopart.com:443/RMCF0805FT10K0-Stackpole-Electronics-datasheet-5313682.pdf?src-supplier=Future+Electronics"; VariantName = "[No Variations]"
Change component parameters (AddParameter): Name = "ComponentLink15Description"; Value = "http://sigma.octopart.com:80/15940719/materials_sheet/Stackpole-Electronics-RMCF0805FT10K0.pdf?src-supplier=Compliance+Statements"; VariantName = "[No Variations]"
Change component parameters (AddParameter): Name = "ComponentLink15URL"; Value = "http://sigma.octopart.com:80/15940719/materials_sheet/Stackpole-Electronics-RMCF0805FT10K0.pdf?src-supplier=Compliance+Statements"; VariantName = "[No Variations]"
Change component parameters (AddParameter): Name = "ComponentLink16Description"; Value = "http://sigma.octopart.com:80/141158211/reach_statement/Stackpole-Electronics-RMCF0805FT10K0.pdf?src-supplier=Compliance+Statements"; VariantName = "[No Variations]"
Change component parameters (AddParameter): Name = "ComponentLink16URL"; Value = "http://sigma.octopart.com:80/141158211/reach_statement/Stackpole-Electronics-RMCF0805FT10K0.pdf?src-supplier=Compliance+Statements"; VariantName = "[No Variations]"
Change component parameters (AddParameter): Name = "ComponentLink17Description"; Value = "http://sigma.octopart.com:80/141158212/rohs_statement/Stackpole-Electronics-RMCF0805FT10K0.pdf?src-supplier=Compliance+Statements"; VariantName = "[No Variations]"
Change component parameters (AddParameter): Name = "ComponentLink17URL"; Value = "http://sigma.octopart.com:80/141158212/rohs_statement/Stackpole-Electronics-RMCF0805FT10K0.pdf?src-supplier=Compliance+Statements"; VariantName = "[No Variations]"
Change component parameters (AddParameter): Name = "Composition"; Value = "Thick Film"; VariantName = "[No Variations]"
Change component parameters (AddParameter): Name = "Contact Plating"; Value = "Tin"; VariantName = "[No Variations]"
Change component parameters (AddParameter): Name = "Depth"; Value = "1.25mm"; VariantName = "[No Variations]"
Change component parameters (AddParameter): Name = "Features"; Value = "Automotive AEC-Q200"; VariantName = "[No Variations]"
Change component parameters (AddParameter): Name = "Height"; Value = "500µm"; VariantName = "[No Variations]"
Change component parameters (AddParameter): Name = "Lead Free"; Value = "Lead Free"; VariantName = "[No Variations]"
Change component parameters (AddParameter): Name = "Length"; Value = "2mm"; VariantName = "[No Variations]"
Change component parameters (AddParameter): Name = "Lifecycle Status"; Value = "Production"; VariantName = "[No Variations]"
Change component parameters (AddParameter): Name = "Manufacturer"; Value = "Stackpole Electronics"; VariantName = "[No Variations]"
Change component parameters (AddParameter): Name = "Manufacturer Package Identifier"; Value = "0805 (2012 metric)"; VariantName = "[No Variations]"
Change component parameters (AddParameter): Name = "Manufacturer Part Number"; Value = "RMCF0805FT10K0"; VariantName = "[No Variations]"
Change component parameters (AddParameter): Name = "Max Operating Temperature"; Value = "155°C"; VariantName = "[No Variations]"
Change component parameters (AddParameter): Name = "Max Power Dissipation"; Value = "125mW"; VariantName = "[No Variations]"
Change component parameters (AddParameter): Name = "Military Standard"; Value = "Not"; VariantName = "[No Variations]"
Change component parameters (AddParameter): Name = "Min Operating Temperature"; Value = "-55°C"; VariantName = "[No Variations]"
Change component parameters (AddParameter): Name = "Mounting Technology"; Value = "Surface Mount"; VariantName = "[No Variations]"
Change component parameters (AddParameter): Name = "Number of Terminals"; Value = "2"; VariantName = "[No Variations]"
Change component parameters (AddParameter): Name = "Number of Terminations"; Value = "2"; VariantName = "[No Variations]"
Change component parameters (AddParameter): Name = "Packaging"; Value = "Cut Tape (CT)"; VariantName = "[No Variations]"
Change component parameters (AddParameter): Name = "Power Rating"; Value = "125mW"; VariantName = "[No Variations]"
Change component parameters (AddParameter): Name = "Pricing"; Value = "10000=0,0027, 25000=0,0027, 100000=0,0026, 150000=0,0025, 375000=0,0024 (USD)"; VariantName = "[No Variations]"
Change component parameters (AddParameter): Name = "Radiation Hardening"; Value = "No"; VariantName = "[No Variations]"
Change component parameters (AddParameter): Name = "Ratings"; Value = "AEC-Q200"; VariantName = "[No Variations]"
Change component parameters (AddParameter): Name = "REACH SVHC"; Value = "Yes"; VariantName = "[No Variations]"
Change component parameters (AddParameter): Name = "RoHS"; Value = "Compliant"; VariantName = "[No Variations]"
Change component parameters (AddParameter): Name = "Schedule B"; Value = "8533210045, 8533210045|8533210045, 8533210045|8533210045|8533210045, 8533210045|8533210045|8533210045|8533210045"; VariantName = "[No Variations]"
Change component parameters (AddParameter): Name = "Stock"; Value = "3170000"; VariantName = "[No Variations]"
Change component parameters (AddParameter): Name = "Supplier"; Value = "Future Electronics"; VariantName = "[No Variations]"
Change component parameters (AddParameter): Name = "Supplier Part Number"; Value = "RMCF0805FT10K0"; VariantName = "[No Variations]"
Change component parameters (AddParameter): Name = "Temperature Coefficient"; Value = "100ppm/°C"; VariantName = "[No Variations]"
Change component parameters (AddParameter): Name = "Tolerance"; Value = "1%"; VariantName = "[No Variations]"
Change component parameters (AddParameter): Name = "Value"; Value = "10kO"; VariantName = "[No Variations]"
Change component parameters (AddParameter): Name = "Voltage Rating"; Value = "150V"; VariantName = "[No Variations]"
Change component parameters (AddParameter): Name = "Width"; Value = "1.25mm"; VariantName = "[No Variations]"
Change component parameters (AddParameter): Name = "Working Voltage"; Value = "150V"; VariantName = "[No Variations]"
Change component parameters: Designator = "R7" ("R7"); Footprint = "R0402 - IRONSOLDER"; UniqueID = "\NQEOXTUJ" ("\NQEOXTUJ")
Change component parameters (AddParameter): Name = ".Mounting"; Value = "SMD"; VariantName = "[No Variations]"
Change component parameters (AddParameter): Name = ".PCBChecked"; Value = ""; VariantName = "[No Variations]"
Change component parameters (AddParameter): Name = ".SCHChecked"; Value = ""; VariantName = "[No Variations]"
Change component parameters (AddParameter): Name = "Case Code (Imperial)"; Value = "0805"; VariantName = "[No Variations]"
Change component parameters (AddParameter): Name = "Case Code (Metric)"; Value = "2012"; VariantName = "[No Variations]"
Change component parameters (AddParameter): Name = "Case/Package"; Value = "0805"; VariantName = "[No Variations]"
Change component parameters (AddParameter): Name = "Category"; Value = "Chip SMD Resistors"; VariantName = "[No Variations]"
Change component parameters (AddParameter): Name = "China RoHS"; Value = "Non-Compliant"; VariantName = "[No Variations]"
Change component parameters (AddParameter): Name = "ComponentLink1Description"; Value = "https://datasheet.octopart.com:443/RMCF0805FT10K0-Stackpole-Electronics-datasheet-182148065.pdf?src-supplier=IHS"; VariantName = "[No Variations]"
Change component parameters (AddParameter): Name = "ComponentLink1URL"; Value = "https://datasheet.octopart.com:443/RMCF0805FT10K0-Stackpole-Electronics-datasheet-182148065.pdf?src-supplier=IHS"; VariantName = "[No Variations]"
Change component parameters (AddParameter): Name = "ComponentLink2Description"; Value = "https://datasheet.octopart.com:443/RMCF0805FT10K0-Stackpole-Electronics-datasheet-12534581.pdf?src-supplier=Upverter"; VariantName = "[No Variations]"
Change component parameters (AddParameter): Name = "ComponentLink2URL"; Value = "https://datasheet.octopart.com:443/RMCF0805FT10K0-Stackpole-Electronics-datasheet-12534581.pdf?src-supplier=Upverter"; VariantName = "[No Variations]"
Change component parameters (AddParameter): Name = "ComponentLink3Description"; Value = "https://datasheet.octopart.com:443/RMCF0805FT10K0-Stackpole-Electronics-datasheet-12510902.pdf?src-supplier=Upverter"; VariantName = "[No Variations]"
Change component parameters (AddParameter): Name = "ComponentLink3URL"; Value = "https://datasheet.octopart.com:443/RMCF0805FT10K0-Stackpole-Electronics-datasheet-12510902.pdf?src-supplier=Upverter"; VariantName = "[No Variations]"
Change component parameters (AddParameter): Name = "ComponentLink4Description"; Value = "https://datasheet.octopart.com:443/RMCF0805FT10K0-Stackpole-Electronics-datasheet-28504820.pdf?src-supplier=Master+Electronics"; VariantName = "[No Variations]"
Change component parameters (AddParameter): Name = "ComponentLink4URL"; Value = "https://datasheet.octopart.com:443/RMCF0805FT10K0-Stackpole-Electronics-datasheet-28504820.pdf?src-supplier=Master+Electronics"; VariantName = "[No Variations]"
Change component parameters (AddParameter): Name = "ComponentLink5Description"; Value = "https://datasheet.octopart.com:443/RMCF0805FT10K0-Stackpole-Electronics-datasheet-141193804.pdf?src-supplier=Stackpole+Electronics"; VariantName = "[No Variations]"
Change component parameters (AddParameter): Name = "ComponentLink5URL"; Value = "https://datasheet.octopart.com:443/RMCF0805FT10K0-Stackpole-Electronics-datasheet-141193804.pdf?src-supplier=Stackpole+Electronics"; VariantName = "[No Variations]"
Change component parameters (AddParameter): Name = "ComponentLink6Description"; Value = "https://datasheet.octopart.com:443/RMCF0805FT10K0-Stackpole-Electronics-datasheet-62091608.pdf?src-supplier=Stackpole+Electronics"; VariantName = "[No Variations]"
Change component parameters (AddParameter): Name = "ComponentLink6URL"; Value = "https://datasheet.octopart.com:443/RMCF0805FT10K0-Stackpole-Electronics-datasheet-62091608.pdf?src-supplier=Stackpole+Electronics"; VariantName = "[No Variations]"
Change component parameters (AddParameter): Name = "ComponentLink7Description"; Value = "https://datasheet.octopart.com:443/RMCF0805FT10K0-Stackpole-Electronics-datasheet-10788263.pdf?src-supplier=Stackpole+Electronics"; VariantName = "[No Variations]"
Change component parameters (AddParameter): Name = "ComponentLink7URL"; Value = "https://datasheet.octopart.com:443/RMCF0805FT10K0-Stackpole-Electronics-datasheet-10788263.pdf?src-supplier=Stackpole+Electronics"; VariantName = "[No Variations]"
Change component parameters (AddParameter): Name = "ComponentLink8Description"; Value = "https://datasheet.octopart.com:443/RMCF0805FT10K0-Stackpole-Electronics-datasheet-154799224.pdf?src-supplier=JRH+Electronics"; VariantName = "[No Variations]"
Change component parameters (AddParameter): Name = "ComponentLink8URL"; Value = "https://datasheet.octopart.com:443/RMCF0805FT10K0-Stackpole-Electronics-datasheet-154799224.pdf?src-supplier=JRH+Electronics"; VariantName = "[No Variations]"
Change component parameters (AddParameter): Name = "ComponentLink9Description"; Value = "https://datasheet.octopart.com:443/RMCF0805FT10K0-Stackpole-Electronics-datasheet-11546843.pdf?src-supplier=Arrow+Electronics"; VariantName = "[No Variations]"
Change component parameters (AddParameter): Name = "ComponentLink9URL"; Value = "https://datasheet.octopart.com:443/RMCF0805FT10K0-Stackpole-Electronics-datasheet-11546843.pdf?src-supplier=Arrow+Electronics"; VariantName = "[No Variations]"
Change component parameters (AddParameter): Name = "ComponentLink10Description"; Value = "https://datasheet.octopart.com:443/RMCF0805FT10K0-Stackpole-Electronics-datasheet-11547379.pdf?src-supplier=Future+Electronics"; VariantName = "[No Variations]"
Change component parameters (AddParameter): Name = "ComponentLink10URL"; Value = "https://datasheet.octopart.com:443/RMCF0805FT10K0-Stackpole-Electronics-datasheet-11547379.pdf?src-supplier=Future+Electronics"; VariantName = "[No Variations]"
Change component parameters (AddParameter): Name = "ComponentLink11Description"; Value = "https://datasheet.octopart.com:443/RMCF0805FT10K0-Stackpole-Electronics-datasheet-8359789.pdf?src-supplier=Future+Electronics"; VariantName = "[No Variations]"
Change component parameters (AddParameter): Name = "ComponentLink11URL"; Value = "https://datasheet.octopart.com:443/RMCF0805FT10K0-Stackpole-Electronics-datasheet-8359789.pdf?src-supplier=Future+Electronics"; VariantName = "[No Variations]"
Change component parameters (AddParameter): Name = "ComponentLink12Description"; Value = "https://datasheet.octopart.com:443/RMCF0805FT10K0-Stackpole-Electronics-datasheet-8324226.pdf?src-supplier=Future+Electronics"; VariantName = "[No Variations]"
Change component parameters (AddParameter): Name = "ComponentLink12URL"; Value = "https://datasheet.octopart.com:443/RMCF0805FT10K0-Stackpole-Electronics-datasheet-8324226.pdf?src-supplier=Future+Electronics"; VariantName = "[No Variations]"
Change component parameters (AddParameter): Name = "ComponentLink13Description"; Value = "https://datasheet.octopart.com:443/RMCF0805FT10K0-Stackpole-Electronics-datasheet-8088878.pdf?src-supplier=Future+Electronics"; VariantName = "[No Variations]"
Change component parameters (AddParameter): Name = "ComponentLink13URL"; Value = "https://datasheet.octopart.com:443/RMCF0805FT10K0-Stackpole-Electronics-datasheet-8088878.pdf?src-supplier=Future+Electronics"; VariantName = "[No Variations]"
Change component parameters (AddParameter): Name = "ComponentLink14Description"; Value = "https://datasheet.octopart.com:443/RMCF0805FT10K0-Stackpole-Electronics-datasheet-5313682.pdf?src-supplier=Future+Electronics"; VariantName = "[No Variations]"
Change component parameters (AddParameter): Name = "ComponentLink14URL"; Value = "https://datasheet.octopart.com:443/RMCF0805FT10K0-Stackpole-Electronics-datasheet-5313682.pdf?src-supplier=Future+Electronics"; VariantName = "[No Variations]"
Change component parameters (AddParameter): Name = "ComponentLink15Description"; Value = "http://sigma.octopart.com:80/15940719/materials_sheet/Stackpole-Electronics-RMCF0805FT10K0.pdf?src-supplier=Compliance+Statements"; VariantName = "[No Variations]"
Change component parameters (AddParameter): Name = "ComponentLink15URL"; Value = "http://sigma.octopart.com:80/15940719/materials_sheet/Stackpole-Electronics-RMCF0805FT10K0.pdf?src-supplier=Compliance+Statements"; VariantName = "[No Variations]"
Change component parameters (AddParameter): Name = "ComponentLink16Description"; Value = "http://sigma.octopart.com:80/141158211/reach_statement/Stackpole-Electronics-RMCF0805FT10K0.pdf?src-supplier=Compliance+Statements"; VariantName = "[No Variations]"
Change component parameters (AddParameter): Name = "ComponentLink16URL"; Value = "http://sigma.octopart.com:80/141158211/reach_statement/Stackpole-Electronics-RMCF0805FT10K0.pdf?src-supplier=Compliance+Statements"; VariantName = "[No Variations]"
Change component parameters (AddParameter): Name = "ComponentLink17Description"; Value = "http://sigma.octopart.com:80/141158212/rohs_statement/Stackpole-Electronics-RMCF0805FT10K0.pdf?src-supplier=Compliance+Statements"; VariantName = "[No Variations]"
Change component parameters (AddParameter): Name = "ComponentLink17URL"; Value = "http://sigma.octopart.com:80/141158212/rohs_statement/Stackpole-Electronics-RMCF0805FT10K0.pdf?src-supplier=Compliance+Statements"; VariantName = "[No Variations]"
Change component parameters (AddParameter): Name = "Composition"; Value = "Thick Film"; VariantName = "[No Variations]"
Change component parameters (AddParameter): Name = "Contact Plating"; Value = "Tin"; VariantName = "[No Variations]"
Change component parameters (AddParameter): Name = "Depth"; Value = "1.25mm"; VariantName = "[No Variations]"
Change component parameters (AddParameter): Name = "Features"; Value = "Automotive AEC-Q200"; VariantName = "[No Variations]"
Change component parameters (AddParameter): Name = "Height"; Value = "500µm"; VariantName = "[No Variations]"
Change component parameters (AddParameter): Name = "Lead Free"; Value = "Lead Free"; VariantName = "[No Variations]"
Change component parameters (AddParameter): Name = "Length"; Value = "2mm"; VariantName = "[No Variations]"
Change component parameters (AddParameter): Name = "Lifecycle Status"; Value = "Production"; VariantName = "[No Variations]"
Change component parameters (AddParameter): Name = "Manufacturer"; Value = "Stackpole Electronics"; VariantName = "[No Variations]"
Change component parameters (AddParameter): Name = "Manufacturer Package Identifier"; Value = "0805 (2012 metric)"; VariantName = "[No Variations]"
Change component parameters (AddParameter): Name = "Manufacturer Part Number"; Value = "RMCF0805FT10K0"; VariantName = "[No Variations]"
Change component parameters (AddParameter): Name = "Max Operating Temperature"; Value = "155°C"; VariantName = "[No Variations]"
Change component parameters (AddParameter): Name = "Max Power Dissipation"; Value = "125mW"; VariantName = "[No Variations]"
Change component parameters (AddParameter): Name = "Military Standard"; Value = "Not"; VariantName = "[No Variations]"
Change component parameters (AddParameter): Name = "Min Operating Temperature"; Value = "-55°C"; VariantName = "[No Variations]"
Change component parameters (AddParameter): Name = "Mounting Technology"; Value = "Surface Mount"; VariantName = "[No Variations]"
Change component parameters (AddParameter): Name = "Number of Terminals"; Value = "2"; VariantName = "[No Variations]"
Change component parameters (AddParameter): Name = "Number of Terminations"; Value = "2"; VariantName = "[No Variations]"
Change component parameters (AddParameter): Name = "Packaging"; Value = "Cut Tape (CT)"; VariantName = "[No Variations]"
Change component parameters (AddParameter): Name = "Power Rating"; Value = "125mW"; VariantName = "[No Variations]"
Change component parameters (AddParameter): Name = "Pricing"; Value = "10000=0,0027, 25000=0,0027, 100000=0,0026, 150000=0,0025, 375000=0,0024 (USD)"; VariantName = "[No Variations]"
Change component parameters (AddParameter): Name = "Radiation Hardening"; Value = "No"; VariantName = "[No Variations]"
Change component parameters (AddParameter): Name = "Ratings"; Value = "AEC-Q200"; VariantName = "[No Variations]"
Change component parameters (AddParameter): Name = "REACH SVHC"; Value = "Yes"; VariantName = "[No Variations]"
Change component parameters (AddParameter): Name = "RoHS"; Value = "Compliant"; VariantName = "[No Variations]"
Change component parameters (AddParameter): Name = "Schedule B"; Value = "8533210045, 8533210045|8533210045, 8533210045|8533210045|8533210045, 8533210045|8533210045|8533210045|8533210045"; VariantName = "[No Variations]"
Change component parameters (AddParameter): Name = "Stock"; Value = "3170000"; VariantName = "[No Variations]"
Change component parameters (AddParameter): Name = "Supplier"; Value = "Future Electronics"; VariantName = "[No Variations]"
Change component parameters (AddParameter): Name = "Supplier Part Number"; Value = "RMCF0805FT10K0"; VariantName = "[No Variations]"
Change component parameters (AddParameter): Name = "Temperature Coefficient"; Value = "100ppm/°C"; VariantName = "[No Variations]"
Change component parameters (AddParameter): Name = "Tolerance"; Value = "1%"; VariantName = "[No Variations]"
Change component parameters (AddParameter): Name = "Value"; Value = "10kO"; VariantName = "[No Variations]"
Change component parameters (AddParameter): Name = "Voltage Rating"; Value = "150V"; VariantName = "[No Variations]"
Change component parameters (AddParameter): Name = "Width"; Value = "1.25mm"; VariantName = "[No Variations]"
Change component parameters (AddParameter): Name = "Working Voltage"; Value = "150V"; VariantName = "[No Variations]"
Change component parameters: Designator = "R8" ("R8"); Footprint = "R0402 - IRONSOLDER"; UniqueID = "\HEGZUKVP" ("\HEGZUKVP")
Change component parameters (AddParameter): Name = ".Mounting"; Value = "SMD"; VariantName = "[No Variations]"
Change component parameters (AddParameter): Name = ".PCBChecked"; Value = ""; VariantName = "[No Variations]"
Change component parameters (AddParameter): Name = ".SCHChecked"; Value = ""; VariantName = "[No Variations]"
Change component parameters (AddParameter): Name = "Case Code (Imperial)"; Value = "0805"; VariantName = "[No Variations]"
Change component parameters (AddParameter): Name = "Case Code (Metric)"; Value = "2012"; VariantName = "[No Variations]"
Change component parameters (AddParameter): Name = "Case/Package"; Value = "0805"; VariantName = "[No Variations]"
Change component parameters (AddParameter): Name = "Category"; Value = "Chip SMD Resistors"; VariantName = "[No Variations]"
Change component parameters (AddParameter): Name = "China RoHS"; Value = "Non-Compliant"; VariantName = "[No Variations]"
Change component parameters (AddParameter): Name = "ComponentLink1Description"; Value = "https://datasheet.octopart.com:443/RMCF0805FT10K0-Stackpole-Electronics-datasheet-182148065.pdf?src-supplier=IHS"; VariantName = "[No Variations]"
Change component parameters (AddParameter): Name = "ComponentLink1URL"; Value = "https://datasheet.octopart.com:443/RMCF0805FT10K0-Stackpole-Electronics-datasheet-182148065.pdf?src-supplier=IHS"; VariantName = "[No Variations]"
Change component parameters (AddParameter): Name = "ComponentLink2Description"; Value = "https://datasheet.octopart.com:443/RMCF0805FT10K0-Stackpole-Electronics-datasheet-12534581.pdf?src-supplier=Upverter"; VariantName = "[No Variations]"
Change component parameters (AddParameter): Name = "ComponentLink2URL"; Value = "https://datasheet.octopart.com:443/RMCF0805FT10K0-Stackpole-Electronics-datasheet-12534581.pdf?src-supplier=Upverter"; VariantName = "[No Variations]"
Change component parameters (AddParameter): Name = "ComponentLink3Description"; Value = "https://datasheet.octopart.com:443/RMCF0805FT10K0-Stackpole-Electronics-datasheet-12510902.pdf?src-supplier=Upverter"; VariantName = "[No Variations]"
Change component parameters (AddParameter): Name = "ComponentLink3URL"; Value = "https://datasheet.octopart.com:443/RMCF0805FT10K0-Stackpole-Electronics-datasheet-12510902.pdf?src-supplier=Upverter"; VariantName = "[No Variations]"
Change component parameters (AddParameter): Name = "ComponentLink4Description"; Value = "https://datasheet.octopart.com:443/RMCF0805FT10K0-Stackpole-Electronics-datasheet-28504820.pdf?src-supplier=Master+Electronics"; VariantName = "[No Variations]"
Change component parameters (AddParameter): Name = "ComponentLink4URL"; Value = "https://datasheet.octopart.com:443/RMCF0805FT10K0-Stackpole-Electronics-datasheet-28504820.pdf?src-supplier=Master+Electronics"; VariantName = "[No Variations]"
Change component parameters (AddParameter): Name = "ComponentLink5Description"; Value = "https://datasheet.octopart.com:443/RMCF0805FT10K0-Stackpole-Electronics-datasheet-141193804.pdf?src-supplier=Stackpole+Electronics"; VariantName = "[No Variations]"
Change component parameters (AddParameter): Name = "ComponentLink5URL"; Value = "https://datasheet.octopart.com:443/RMCF0805FT10K0-Stackpole-Electronics-datasheet-141193804.pdf?src-supplier=Stackpole+Electronics"; VariantName = "[No Variations]"
Change component parameters (AddParameter): Name = "ComponentLink6Description"; Value = "https://datasheet.octopart.com:443/RMCF0805FT10K0-Stackpole-Electronics-datasheet-62091608.pdf?src-supplier=Stackpole+Electronics"; VariantName = "[No Variations]"
Change component parameters (AddParameter): Name = "ComponentLink6URL"; Value = "https://datasheet.octopart.com:443/RMCF0805FT10K0-Stackpole-Electronics-datasheet-62091608.pdf?src-supplier=Stackpole+Electronics"; VariantName = "[No Variations]"
Change component parameters (AddParameter): Name = "ComponentLink7Description"; Value = "https://datasheet.octopart.com:443/RMCF0805FT10K0-Stackpole-Electronics-datasheet-10788263.pdf?src-supplier=Stackpole+Electronics"; VariantName = "[No Variations]"
Change component parameters (AddParameter): Name = "ComponentLink7URL"; Value = "https://datasheet.octopart.com:443/RMCF0805FT10K0-Stackpole-Electronics-datasheet-10788263.pdf?src-supplier=Stackpole+Electronics"; VariantName = "[No Variations]"
Change component parameters (AddParameter): Name = "ComponentLink8Description"; Value = "https://datasheet.octopart.com:443/RMCF0805FT10K0-Stackpole-Electronics-datasheet-154799224.pdf?src-supplier=JRH+Electronics"; VariantName = "[No Variations]"
Change component parameters (AddParameter): Name = "ComponentLink8URL"; Value = "https://datasheet.octopart.com:443/RMCF0805FT10K0-Stackpole-Electronics-datasheet-154799224.pdf?src-supplier=JRH+Electronics"; VariantName = "[No Variations]"
Change component parameters (AddParameter): Name = "ComponentLink9Description"; Value = "https://datasheet.octopart.com:443/RMCF0805FT10K0-Stackpole-Electronics-datasheet-11546843.pdf?src-supplier=Arrow+Electronics"; VariantName = "[No Variations]"
Change component parameters (AddParameter): Name = "ComponentLink9URL"; Value = "https://datasheet.octopart.com:443/RMCF0805FT10K0-Stackpole-Electronics-datasheet-11546843.pdf?src-supplier=Arrow+Electronics"; VariantName = "[No Variations]"
Change component parameters (AddParameter): Name = "ComponentLink10Description"; Value = "https://datasheet.octopart.com:443/RMCF0805FT10K0-Stackpole-Electronics-datasheet-11547379.pdf?src-supplier=Future+Electronics"; VariantName = "[No Variations]"
Change component parameters (AddParameter): Name = "ComponentLink10URL"; Value = "https://datasheet.octopart.com:443/RMCF0805FT10K0-Stackpole-Electronics-datasheet-11547379.pdf?src-supplier=Future+Electronics"; VariantName = "[No Variations]"
Change component parameters (AddParameter): Name = "ComponentLink11Description"; Value = "https://datasheet.octopart.com:443/RMCF0805FT10K0-Stackpole-Electronics-datasheet-8359789.pdf?src-supplier=Future+Electronics"; VariantName = "[No Variations]"
Change component parameters (AddParameter): Name = "ComponentLink11URL"; Value = "https://datasheet.octopart.com:443/RMCF0805FT10K0-Stackpole-Electronics-datasheet-8359789.pdf?src-supplier=Future+Electronics"; VariantName = "[No Variations]"
Change component parameters (AddParameter): Name = "ComponentLink12Description"; Value = "https://datasheet.octopart.com:443/RMCF0805FT10K0-Stackpole-Electronics-datasheet-8324226.pdf?src-supplier=Future+Electronics"; VariantName = "[No Variations]"
Change component parameters (AddParameter): Name = "ComponentLink12URL"; Value = "https://datasheet.octopart.com:443/RMCF0805FT10K0-Stackpole-Electronics-datasheet-8324226.pdf?src-supplier=Future+Electronics"; VariantName = "[No Variations]"
Change component parameters (AddParameter): Name = "ComponentLink13Description"; Value = "https://datasheet.octopart.com:443/RMCF0805FT10K0-Stackpole-Electronics-datasheet-8088878.pdf?src-supplier=Future+Electronics"; VariantName = "[No Variations]"
Change component parameters (AddParameter): Name = "ComponentLink13URL"; Value = "https://datasheet.octopart.com:443/RMCF0805FT10K0-Stackpole-Electronics-datasheet-8088878.pdf?src-supplier=Future+Electronics"; VariantName = "[No Variations]"
Change component parameters (AddParameter): Name = "ComponentLink14Description"; Value = "https://datasheet.octopart.com:443/RMCF0805FT10K0-Stackpole-Electronics-datasheet-5313682.pdf?src-supplier=Future+Electronics"; VariantName = "[No Variations]"
Change component parameters (AddParameter): Name = "ComponentLink14URL"; Value = "https://datasheet.octopart.com:443/RMCF0805FT10K0-Stackpole-Electronics-datasheet-5313682.pdf?src-supplier=Future+Electronics"; VariantName = "[No Variations]"
Change component parameters (AddParameter): Name = "ComponentLink15Description"; Value = "http://sigma.octopart.com:80/15940719/materials_sheet/Stackpole-Electronics-RMCF0805FT10K0.pdf?src-supplier=Compliance+Statements"; VariantName = "[No Variations]"
Change component parameters (AddParameter): Name = "ComponentLink15URL"; Value = "http://sigma.octopart.com:80/15940719/materials_sheet/Stackpole-Electronics-RMCF0805FT10K0.pdf?src-supplier=Compliance+Statements"; VariantName = "[No Variations]"
Change component parameters (AddParameter): Name = "ComponentLink16Description"; Value = "http://sigma.octopart.com:80/141158211/reach_statement/Stackpole-Electronics-RMCF0805FT10K0.pdf?src-supplier=Compliance+Statements"; VariantName = "[No Variations]"
Change component parameters (AddParameter): Name = "ComponentLink16URL"; Value = "http://sigma.octopart.com:80/141158211/reach_statement/Stackpole-Electronics-RMCF0805FT10K0.pdf?src-supplier=Compliance+Statements"; VariantName = "[No Variations]"
Change component parameters (AddParameter): Name = "ComponentLink17Description"; Value = "http://sigma.octopart.com:80/141158212/rohs_statement/Stackpole-Electronics-RMCF0805FT10K0.pdf?src-supplier=Compliance+Statements"; VariantName = "[No Variations]"
Change component parameters (AddParameter): Name = "ComponentLink17URL"; Value = "http://sigma.octopart.com:80/141158212/rohs_statement/Stackpole-Electronics-RMCF0805FT10K0.pdf?src-supplier=Compliance+Statements"; VariantName = "[No Variations]"
Change component parameters (AddParameter): Name = "Composition"; Value = "Thick Film"; VariantName = "[No Variations]"
Change component parameters (AddParameter): Name = "Contact Plating"; Value = "Tin"; VariantName = "[No Variations]"
Change component parameters (AddParameter): Name = "Depth"; Value = "1.25mm"; VariantName = "[No Variations]"
Change component parameters (AddParameter): Name = "Features"; Value = "Automotive AEC-Q200"; VariantName = "[No Variations]"
Change component parameters (AddParameter): Name = "Height"; Value = "500µm"; VariantName = "[No Variations]"
Change component parameters (AddParameter): Name = "Lead Free"; Value = "Lead Free"; VariantName = "[No Variations]"
Change component parameters (AddParameter): Name = "Length"; Value = "2mm"; VariantName = "[No Variations]"
Change component parameters (AddParameter): Name = "Lifecycle Status"; Value = "Production"; VariantName = "[No Variations]"
Change component parameters (AddParameter): Name = "Manufacturer"; Value = "Stackpole Electronics"; VariantName = "[No Variations]"
Change component parameters (AddParameter): Name = "Manufacturer Package Identifier"; Value = "0805 (2012 metric)"; VariantName = "[No Variations]"
Change component parameters (AddParameter): Name = "Manufacturer Part Number"; Value = "RMCF0805FT10K0"; VariantName = "[No Variations]"
Change component parameters (AddParameter): Name = "Max Operating Temperature"; Value = "155°C"; VariantName = "[No Variations]"
Change component parameters (AddParameter): Name = "Max Power Dissipation"; Value = "125mW"; VariantName = "[No Variations]"
Change component parameters (AddParameter): Name = "Military Standard"; Value = "Not"; VariantName = "[No Variations]"
Change component parameters (AddParameter): Name = "Min Operating Temperature"; Value = "-55°C"; VariantName = "[No Variations]"
Change component parameters (AddParameter): Name = "Mounting Technology"; Value = "Surface Mount"; VariantName = "[No Variations]"
Change component parameters (AddParameter): Name = "Number of Terminals"; Value = "2"; VariantName = "[No Variations]"
Change component parameters (AddParameter): Name = "Number of Terminations"; Value = "2"; VariantName = "[No Variations]"
Change component parameters (AddParameter): Name = "Packaging"; Value = "Cut Tape (CT)"; VariantName = "[No Variations]"
Change component parameters (AddParameter): Name = "Power Rating"; Value = "125mW"; VariantName = "[No Variations]"
Change component parameters (AddParameter): Name = "Pricing"; Value = "10000=0,0027, 25000=0,0027, 100000=0,0026, 150000=0,0025, 375000=0,0024 (USD)"; VariantName = "[No Variations]"
Change component parameters (AddParameter): Name = "Radiation Hardening"; Value = "No"; VariantName = "[No Variations]"
Change component parameters (AddParameter): Name = "Ratings"; Value = "AEC-Q200"; VariantName = "[No Variations]"
Change component parameters (AddParameter): Name = "REACH SVHC"; Value = "Yes"; VariantName = "[No Variations]"
Change component parameters (AddParameter): Name = "RoHS"; Value = "Compliant"; VariantName = "[No Variations]"
Change component parameters (AddParameter): Name = "Schedule B"; Value = "8533210045, 8533210045|8533210045, 8533210045|8533210045|8533210045, 8533210045|8533210045|8533210045|8533210045"; VariantName = "[No Variations]"
Change component parameters (AddParameter): Name = "Stock"; Value = "3170000"; VariantName = "[No Variations]"
Change component parameters (AddParameter): Name = "Supplier"; Value = "Future Electronics"; VariantName = "[No Variations]"
Change component parameters (AddParameter): Name = "Supplier Part Number"; Value = "RMCF0805FT10K0"; VariantName = "[No Variations]"
Change component parameters (AddParameter): Name = "Temperature Coefficient"; Value = "100ppm/°C"; VariantName = "[No Variations]"
Change component parameters (AddParameter): Name = "Tolerance"; Value = "1%"; VariantName = "[No Variations]"
Change component parameters (AddParameter): Name = "Value"; Value = "10kO"; VariantName = "[No Variations]"
Change component parameters (AddParameter): Name = "Voltage Rating"; Value = "150V"; VariantName = "[No Variations]"
Change component parameters (AddParameter): Name = "Width"; Value = "1.25mm"; VariantName = "[No Variations]"
Change component parameters (AddParameter): Name = "Working Voltage"; Value = "150V"; VariantName = "[No Variations]"
Change component parameters: Designator = "R9" ("R9"); Footprint = "R0402 - IRONSOLDER"; UniqueID = "\ISAMBOFL" ("\ISAMBOFL")
Change component parameters (AddParameter): Name = ".Mounting"; Value = "SMD"; VariantName = "[No Variations]"
Change component parameters (AddParameter): Name = ".PCBChecked"; Value = ""; VariantName = "[No Variations]"
Change component parameters (AddParameter): Name = ".SCHChecked"; Value = ""; VariantName = "[No Variations]"
Change component parameters (AddParameter): Name = "Case Code (Imperial)"; Value = "0805"; VariantName = "[No Variations]"
Change component parameters (AddParameter): Name = "Case Code (Metric)"; Value = "2012"; VariantName = "[No Variations]"
Change component parameters (AddParameter): Name = "Case/Package"; Value = "0805"; VariantName = "[No Variations]"
Change component parameters (AddParameter): Name = "Category"; Value = "Chip SMD Resistors"; VariantName = "[No Variations]"
Change component parameters (AddParameter): Name = "China RoHS"; Value = "Non-Compliant"; VariantName = "[No Variations]"
Change component parameters (AddParameter): Name = "ComponentLink1Description"; Value = "https://datasheet.octopart.com:443/RMCF0805FT10K0-Stackpole-Electronics-datasheet-182148065.pdf?src-supplier=IHS"; VariantName = "[No Variations]"
Change component parameters (AddParameter): Name = "ComponentLink1URL"; Value = "https://datasheet.octopart.com:443/RMCF0805FT10K0-Stackpole-Electronics-datasheet-182148065.pdf?src-supplier=IHS"; VariantName = "[No Variations]"
Change component parameters (AddParameter): Name = "ComponentLink2Description"; Value = "https://datasheet.octopart.com:443/RMCF0805FT10K0-Stackpole-Electronics-datasheet-12534581.pdf?src-supplier=Upverter"; VariantName = "[No Variations]"
Change component parameters (AddParameter): Name = "ComponentLink2URL"; Value = "https://datasheet.octopart.com:443/RMCF0805FT10K0-Stackpole-Electronics-datasheet-12534581.pdf?src-supplier=Upverter"; VariantName = "[No Variations]"
Change component parameters (AddParameter): Name = "ComponentLink3Description"; Value = "https://datasheet.octopart.com:443/RMCF0805FT10K0-Stackpole-Electronics-datasheet-12510902.pdf?src-supplier=Upverter"; VariantName = "[No Variations]"
Change component parameters (AddParameter): Name = "ComponentLink3URL"; Value = "https://datasheet.octopart.com:443/RMCF0805FT10K0-Stackpole-Electronics-datasheet-12510902.pdf?src-supplier=Upverter"; VariantName = "[No Variations]"
Change component parameters (AddParameter): Name = "ComponentLink4Description"; Value = "https://datasheet.octopart.com:443/RMCF0805FT10K0-Stackpole-Electronics-datasheet-28504820.pdf?src-supplier=Master+Electronics"; VariantName = "[No Variations]"
Change component parameters (AddParameter): Name = "ComponentLink4URL"; Value = "https://datasheet.octopart.com:443/RMCF0805FT10K0-Stackpole-Electronics-datasheet-28504820.pdf?src-supplier=Master+Electronics"; VariantName = "[No Variations]"
Change component parameters (AddParameter): Name = "ComponentLink5Description"; Value = "https://datasheet.octopart.com:443/RMCF0805FT10K0-Stackpole-Electronics-datasheet-141193804.pdf?src-supplier=Stackpole+Electronics"; VariantName = "[No Variations]"
Change component parameters (AddParameter): Name = "ComponentLink5URL"; Value = "https://datasheet.octopart.com:443/RMCF0805FT10K0-Stackpole-Electronics-datasheet-141193804.pdf?src-supplier=Stackpole+Electronics"; VariantName = "[No Variations]"
Change component parameters (AddParameter): Name = "ComponentLink6Description"; Value = "https://datasheet.octopart.com:443/RMCF0805FT10K0-Stackpole-Electronics-datasheet-62091608.pdf?src-supplier=Stackpole+Electronics"; VariantName = "[No Variations]"
Change component parameters (AddParameter): Name = "ComponentLink6URL"; Value = "https://datasheet.octopart.com:443/RMCF0805FT10K0-Stackpole-Electronics-datasheet-62091608.pdf?src-supplier=Stackpole+Electronics"; VariantName = "[No Variations]"
Change component parameters (AddParameter): Name = "ComponentLink7Description"; Value = "https://datasheet.octopart.com:443/RMCF0805FT10K0-Stackpole-Electronics-datasheet-10788263.pdf?src-supplier=Stackpole+Electronics"; VariantName = "[No Variations]"
Change component parameters (AddParameter): Name = "ComponentLink7URL"; Value = "https://datasheet.octopart.com:443/RMCF0805FT10K0-Stackpole-Electronics-datasheet-10788263.pdf?src-supplier=Stackpole+Electronics"; VariantName = "[No Variations]"
Change component parameters (AddParameter): Name = "ComponentLink8Description"; Value = "https://datasheet.octopart.com:443/RMCF0805FT10K0-Stackpole-Electronics-datasheet-154799224.pdf?src-supplier=JRH+Electronics"; VariantName = "[No Variations]"
Change component parameters (AddParameter): Name = "ComponentLink8URL"; Value = "https://datasheet.octopart.com:443/RMCF0805FT10K0-Stackpole-Electronics-datasheet-154799224.pdf?src-supplier=JRH+Electronics"; VariantName = "[No Variations]"
Change component parameters (AddParameter): Name = "ComponentLink9Description"; Value = "https://datasheet.octopart.com:443/RMCF0805FT10K0-Stackpole-Electronics-datasheet-11546843.pdf?src-supplier=Arrow+Electronics"; VariantName = "[No Variations]"
Change component parameters (AddParameter): Name = "ComponentLink9URL"; Value = "https://datasheet.octopart.com:443/RMCF0805FT10K0-Stackpole-Electronics-datasheet-11546843.pdf?src-supplier=Arrow+Electronics"; VariantName = "[No Variations]"
Change component parameters (AddParameter): Name = "ComponentLink10Description"; Value = "https://datasheet.octopart.com:443/RMCF0805FT10K0-Stackpole-Electronics-datasheet-11547379.pdf?src-supplier=Future+Electronics"; VariantName = "[No Variations]"
Change component parameters (AddParameter): Name = "ComponentLink10URL"; Value = "https://datasheet.octopart.com:443/RMCF0805FT10K0-Stackpole-Electronics-datasheet-11547379.pdf?src-supplier=Future+Electronics"; VariantName = "[No Variations]"
Change component parameters (AddParameter): Name = "ComponentLink11Description"; Value = "https://datasheet.octopart.com:443/RMCF0805FT10K0-Stackpole-Electronics-datasheet-8359789.pdf?src-supplier=Future+Electronics"; VariantName = "[No Variations]"
Change component parameters (AddParameter): Name = "ComponentLink11URL"; Value = "https://datasheet.octopart.com:443/RMCF0805FT10K0-Stackpole-Electronics-datasheet-8359789.pdf?src-supplier=Future+Electronics"; VariantName = "[No Variations]"
Change component parameters (AddParameter): Name = "ComponentLink12Description"; Value = "https://datasheet.octopart.com:443/RMCF0805FT10K0-Stackpole-Electronics-datasheet-8324226.pdf?src-supplier=Future+Electronics"; VariantName = "[No Variations]"
Change component parameters (AddParameter): Name = "ComponentLink12URL"; Value = "https://datasheet.octopart.com:443/RMCF0805FT10K0-Stackpole-Electronics-datasheet-8324226.pdf?src-supplier=Future+Electronics"; VariantName = "[No Variations]"
Change component parameters (AddParameter): Name = "ComponentLink13Description"; Value = "https://datasheet.octopart.com:443/RMCF0805FT10K0-Stackpole-Electronics-datasheet-8088878.pdf?src-supplier=Future+Electronics"; VariantName = "[No Variations]"
Change component parameters (AddParameter): Name = "ComponentLink13URL"; Value = "https://datasheet.octopart.com:443/RMCF0805FT10K0-Stackpole-Electronics-datasheet-8088878.pdf?src-supplier=Future+Electronics"; VariantName = "[No Variations]"
Change component parameters (AddParameter): Name = "ComponentLink14Description"; Value = "https://datasheet.octopart.com:443/RMCF0805FT10K0-Stackpole-Electronics-datasheet-5313682.pdf?src-supplier=Future+Electronics"; VariantName = "[No Variations]"
Change component parameters (AddParameter): Name = "ComponentLink14URL"; Value = "https://datasheet.octopart.com:443/RMCF0805FT10K0-Stackpole-Electronics-datasheet-5313682.pdf?src-supplier=Future+Electronics"; VariantName = "[No Variations]"
Change component parameters (AddParameter): Name = "ComponentLink15Description"; Value = "http://sigma.octopart.com:80/15940719/materials_sheet/Stackpole-Electronics-RMCF0805FT10K0.pdf?src-supplier=Compliance+Statements"; VariantName = "[No Variations]"
Change component parameters (AddParameter): Name = "ComponentLink15URL"; Value = "http://sigma.octopart.com:80/15940719/materials_sheet/Stackpole-Electronics-RMCF0805FT10K0.pdf?src-supplier=Compliance+Statements"; VariantName = "[No Variations]"
Change component parameters (AddParameter): Name = "ComponentLink16Description"; Value = "http://sigma.octopart.com:80/141158211/reach_statement/Stackpole-Electronics-RMCF0805FT10K0.pdf?src-supplier=Compliance+Statements"; VariantName = "[No Variations]"
Change component parameters (AddParameter): Name = "ComponentLink16URL"; Value = "http://sigma.octopart.com:80/141158211/reach_statement/Stackpole-Electronics-RMCF0805FT10K0.pdf?src-supplier=Compliance+Statements"; VariantName = "[No Variations]"
Change component parameters (AddParameter): Name = "ComponentLink17Description"; Value = "http://sigma.octopart.com:80/141158212/rohs_statement/Stackpole-Electronics-RMCF0805FT10K0.pdf?src-supplier=Compliance+Statements"; VariantName = "[No Variations]"
Change component parameters (AddParameter): Name = "ComponentLink17URL"; Value = "http://sigma.octopart.com:80/141158212/rohs_statement/Stackpole-Electronics-RMCF0805FT10K0.pdf?src-supplier=Compliance+Statements"; VariantName = "[No Variations]"
Change component parameters (AddParameter): Name = "Composition"; Value = "Thick Film"; VariantName = "[No Variations]"
Change component parameters (AddParameter): Name = "Contact Plating"; Value = "Tin"; VariantName = "[No Variations]"
Change component parameters (AddParameter): Name = "Depth"; Value = "1.25mm"; VariantName = "[No Variations]"
Change component parameters (AddParameter): Name = "Features"; Value = "Automotive AEC-Q200"; VariantName = "[No Variations]"
Change component parameters (AddParameter): Name = "Height"; Value = "500µm"; VariantName = "[No Variations]"
Change component parameters (AddParameter): Name = "Lead Free"; Value = "Lead Free"; VariantName = "[No Variations]"
Change component parameters (AddParameter): Name = "Length"; Value = "2mm"; VariantName = "[No Variations]"
Change component parameters (AddParameter): Name = "Lifecycle Status"; Value = "Production"; VariantName = "[No Variations]"
Change component parameters (AddParameter): Name = "Manufacturer"; Value = "Stackpole Electronics"; VariantName = "[No Variations]"
Change component parameters (AddParameter): Name = "Manufacturer Package Identifier"; Value = "0805 (2012 metric)"; VariantName = "[No Variations]"
Change component parameters (AddParameter): Name = "Manufacturer Part Number"; Value = "RMCF0805FT10K0"; VariantName = "[No Variations]"
Change component parameters (AddParameter): Name = "Max Operating Temperature"; Value = "155°C"; VariantName = "[No Variations]"
Change component parameters (AddParameter): Name = "Max Power Dissipation"; Value = "125mW"; VariantName = "[No Variations]"
Change component parameters (AddParameter): Name = "Military Standard"; Value = "Not"; VariantName = "[No Variations]"
Change component parameters (AddParameter): Name = "Min Operating Temperature"; Value = "-55°C"; VariantName = "[No Variations]"
Change component parameters (AddParameter): Name = "Mounting Technology"; Value = "Surface Mount"; VariantName = "[No Variations]"
Change component parameters (AddParameter): Name = "Number of Terminals"; Value = "2"; VariantName = "[No Variations]"
Change component parameters (AddParameter): Name = "Number of Terminations"; Value = "2"; VariantName = "[No Variations]"
Change component parameters (AddParameter): Name = "Packaging"; Value = "Cut Tape (CT)"; VariantName = "[No Variations]"
Change component parameters (AddParameter): Name = "Power Rating"; Value = "125mW"; VariantName = "[No Variations]"
Change component parameters (AddParameter): Name = "Pricing"; Value = "10000=0,0027, 25000=0,0027, 100000=0,0026, 150000=0,0025, 375000=0,0024 (USD)"; VariantName = "[No Variations]"
Change component parameters (AddParameter): Name = "Radiation Hardening"; Value = "No"; VariantName = "[No Variations]"
Change component parameters (AddParameter): Name = "Ratings"; Value = "AEC-Q200"; VariantName = "[No Variations]"
Change component parameters (AddParameter): Name = "REACH SVHC"; Value = "Yes"; VariantName = "[No Variations]"
Change component parameters (AddParameter): Name = "RoHS"; Value = "Compliant"; VariantName = "[No Variations]"
Change component parameters (AddParameter): Name = "Schedule B"; Value = "8533210045, 8533210045|8533210045, 8533210045|8533210045|8533210045, 8533210045|8533210045|8533210045|8533210045"; VariantName = "[No Variations]"
Change component parameters (AddParameter): Name = "Stock"; Value = "3170000"; VariantName = "[No Variations]"
Change component parameters (AddParameter): Name = "Supplier"; Value = "Future Electronics"; VariantName = "[No Variations]"
Change component parameters (AddParameter): Name = "Supplier Part Number"; Value = "RMCF0805FT10K0"; VariantName = "[No Variations]"
Change component parameters (AddParameter): Name = "Temperature Coefficient"; Value = "100ppm/°C"; VariantName = "[No Variations]"
Change component parameters (AddParameter): Name = "Tolerance"; Value = "1%"; VariantName = "[No Variations]"
Change component parameters (AddParameter): Name = "Value"; Value = "10kO"; VariantName = "[No Variations]"
Change component parameters (AddParameter): Name = "Voltage Rating"; Value = "150V"; VariantName = "[No Variations]"
Change component parameters (AddParameter): Name = "Width"; Value = "1.25mm"; VariantName = "[No Variations]"
Change component parameters (AddParameter): Name = "Working Voltage"; Value = "150V"; VariantName = "[No Variations]"
Change component parameters: Designator = "R10" ("R10"); Footprint = "R0402 - IRONSOLDER"; UniqueID = "\SQEOWRQS" ("\SQEOWRQS")
Change component parameters (AddParameter): Name = ".Mounting"; Value = "SMD"; VariantName = "[No Variations]"
Change component parameters (AddParameter): Name = ".PCBChecked"; Value = ""; VariantName = "[No Variations]"
Change component parameters (AddParameter): Name = ".SCHChecked"; Value = ""; VariantName = "[No Variations]"
Change component parameters (AddParameter): Name = "Case Code (Imperial)"; Value = "0805"; VariantName = "[No Variations]"
Change component parameters (AddParameter): Name = "Case Code (Metric)"; Value = "2012"; VariantName = "[No Variations]"
Change component parameters (AddParameter): Name = "Case/Package"; Value = "0805"; VariantName = "[No Variations]"
Change component parameters (AddParameter): Name = "Category"; Value = "Chip SMD Resistors"; VariantName = "[No Variations]"
Change component parameters (AddParameter): Name = "China RoHS"; Value = "Non-Compliant"; VariantName = "[No Variations]"
Change component parameters (AddParameter): Name = "ComponentLink1Description"; Value = "https://datasheet.octopart.com:443/RMCF0805FT10K0-Stackpole-Electronics-datasheet-182148065.pdf?src-supplier=IHS"; VariantName = "[No Variations]"
Change component parameters (AddParameter): Name = "ComponentLink1URL"; Value = "https://datasheet.octopart.com:443/RMCF0805FT10K0-Stackpole-Electronics-datasheet-182148065.pdf?src-supplier=IHS"; VariantName = "[No Variations]"
Change component parameters (AddParameter): Name = "ComponentLink2Description"; Value = "https://datasheet.octopart.com:443/RMCF0805FT10K0-Stackpole-Electronics-datasheet-12534581.pdf?src-supplier=Upverter"; VariantName = "[No Variations]"
Change component parameters (AddParameter): Name = "ComponentLink2URL"; Value = "https://datasheet.octopart.com:443/RMCF0805FT10K0-Stackpole-Electronics-datasheet-12534581.pdf?src-supplier=Upverter"; VariantName = "[No Variations]"
Change component parameters (AddParameter): Name = "ComponentLink3Description"; Value = "https://datasheet.octopart.com:443/RMCF0805FT10K0-Stackpole-Electronics-datasheet-12510902.pdf?src-supplier=Upverter"; VariantName = "[No Variations]"
Change component parameters (AddParameter): Name = "ComponentLink3URL"; Value = "https://datasheet.octopart.com:443/RMCF0805FT10K0-Stackpole-Electronics-datasheet-12510902.pdf?src-supplier=Upverter"; VariantName = "[No Variations]"
Change component parameters (AddParameter): Name = "ComponentLink4Description"; Value = "https://datasheet.octopart.com:443/RMCF0805FT10K0-Stackpole-Electronics-datasheet-28504820.pdf?src-supplier=Master+Electronics"; VariantName = "[No Variations]"
Change component parameters (AddParameter): Name = "ComponentLink4URL"; Value = "https://datasheet.octopart.com:443/RMCF0805FT10K0-Stackpole-Electronics-datasheet-28504820.pdf?src-supplier=Master+Electronics"; VariantName = "[No Variations]"
Change component parameters (AddParameter): Name = "ComponentLink5Description"; Value = "https://datasheet.octopart.com:443/RMCF0805FT10K0-Stackpole-Electronics-datasheet-141193804.pdf?src-supplier=Stackpole+Electronics"; VariantName = "[No Variations]"
Change component parameters (AddParameter): Name = "ComponentLink5URL"; Value = "https://datasheet.octopart.com:443/RMCF0805FT10K0-Stackpole-Electronics-datasheet-141193804.pdf?src-supplier=Stackpole+Electronics"; VariantName = "[No Variations]"
Change component parameters (AddParameter): Name = "ComponentLink6Description"; Value = "https://datasheet.octopart.com:443/RMCF0805FT10K0-Stackpole-Electronics-datasheet-62091608.pdf?src-supplier=Stackpole+Electronics"; VariantName = "[No Variations]"
Change component parameters (AddParameter): Name = "ComponentLink6URL"; Value = "https://datasheet.octopart.com:443/RMCF0805FT10K0-Stackpole-Electronics-datasheet-62091608.pdf?src-supplier=Stackpole+Electronics"; VariantName = "[No Variations]"
Change component parameters (AddParameter): Name = "ComponentLink7Description"; Value = "https://datasheet.octopart.com:443/RMCF0805FT10K0-Stackpole-Electronics-datasheet-10788263.pdf?src-supplier=Stackpole+Electronics"; VariantName = "[No Variations]"
Change component parameters (AddParameter): Name = "ComponentLink7URL"; Value = "https://datasheet.octopart.com:443/RMCF0805FT10K0-Stackpole-Electronics-datasheet-10788263.pdf?src-supplier=Stackpole+Electronics"; VariantName = "[No Variations]"
Change component parameters (AddParameter): Name = "ComponentLink8Description"; Value = "https://datasheet.octopart.com:443/RMCF0805FT10K0-Stackpole-Electronics-datasheet-154799224.pdf?src-supplier=JRH+Electronics"; VariantName = "[No Variations]"
Change component parameters (AddParameter): Name = "ComponentLink8URL"; Value = "https://datasheet.octopart.com:443/RMCF0805FT10K0-Stackpole-Electronics-datasheet-154799224.pdf?src-supplier=JRH+Electronics"; VariantName = "[No Variations]"
Change component parameters (AddParameter): Name = "ComponentLink9Description"; Value = "https://datasheet.octopart.com:443/RMCF0805FT10K0-Stackpole-Electronics-datasheet-11546843.pdf?src-supplier=Arrow+Electronics"; VariantName = "[No Variations]"
Change component parameters (AddParameter): Name = "ComponentLink9URL"; Value = "https://datasheet.octopart.com:443/RMCF0805FT10K0-Stackpole-Electronics-datasheet-11546843.pdf?src-supplier=Arrow+Electronics"; VariantName = "[No Variations]"
Change component parameters (AddParameter): Name = "ComponentLink10Description"; Value = "https://datasheet.octopart.com:443/RMCF0805FT10K0-Stackpole-Electronics-datasheet-11547379.pdf?src-supplier=Future+Electronics"; VariantName = "[No Variations]"
Change component parameters (AddParameter): Name = "ComponentLink10URL"; Value = "https://datasheet.octopart.com:443/RMCF0805FT10K0-Stackpole-Electronics-datasheet-11547379.pdf?src-supplier=Future+Electronics"; VariantName = "[No Variations]"
Change component parameters (AddParameter): Name = "ComponentLink11Description"; Value = "https://datasheet.octopart.com:443/RMCF0805FT10K0-Stackpole-Electronics-datasheet-8359789.pdf?src-supplier=Future+Electronics"; VariantName = "[No Variations]"
Change component parameters (AddParameter): Name = "ComponentLink11URL"; Value = "https://datasheet.octopart.com:443/RMCF0805FT10K0-Stackpole-Electronics-datasheet-8359789.pdf?src-supplier=Future+Electronics"; VariantName = "[No Variations]"
Change component parameters (AddParameter): Name = "ComponentLink12Description"; Value = "https://datasheet.octopart.com:443/RMCF0805FT10K0-Stackpole-Electronics-datasheet-8324226.pdf?src-supplier=Future+Electronics"; VariantName = "[No Variations]"
Change component parameters (AddParameter): Name = "ComponentLink12URL"; Value = "https://datasheet.octopart.com:443/RMCF0805FT10K0-Stackpole-Electronics-datasheet-8324226.pdf?src-supplier=Future+Electronics"; VariantName = "[No Variations]"
Change component parameters (AddParameter): Name = "ComponentLink13Description"; Value = "https://datasheet.octopart.com:443/RMCF0805FT10K0-Stackpole-Electronics-datasheet-8088878.pdf?src-supplier=Future+Electronics"; VariantName = "[No Variations]"
Change component parameters (AddParameter): Name = "ComponentLink13URL"; Value = "https://datasheet.octopart.com:443/RMCF0805FT10K0-Stackpole-Electronics-datasheet-8088878.pdf?src-supplier=Future+Electronics"; VariantName = "[No Variations]"
Change component parameters (AddParameter): Name = "ComponentLink14Description"; Value = "https://datasheet.octopart.com:443/RMCF0805FT10K0-Stackpole-Electronics-datasheet-5313682.pdf?src-supplier=Future+Electronics"; VariantName = "[No Variations]"
Change component parameters (AddParameter): Name = "ComponentLink14URL"; Value = "https://datasheet.octopart.com:443/RMCF0805FT10K0-Stackpole-Electronics-datasheet-5313682.pdf?src-supplier=Future+Electronics"; VariantName = "[No Variations]"
Change component parameters (AddParameter): Name = "ComponentLink15Description"; Value = "http://sigma.octopart.com:80/15940719/materials_sheet/Stackpole-Electronics-RMCF0805FT10K0.pdf?src-supplier=Compliance+Statements"; VariantName = "[No Variations]"
Change component parameters (AddParameter): Name = "ComponentLink15URL"; Value = "http://sigma.octopart.com:80/15940719/materials_sheet/Stackpole-Electronics-RMCF0805FT10K0.pdf?src-supplier=Compliance+Statements"; VariantName = "[No Variations]"
Change component parameters (AddParameter): Name = "ComponentLink16Description"; Value = "http://sigma.octopart.com:80/141158211/reach_statement/Stackpole-Electronics-RMCF0805FT10K0.pdf?src-supplier=Compliance+Statements"; VariantName = "[No Variations]"
Change component parameters (AddParameter): Name = "ComponentLink16URL"; Value = "http://sigma.octopart.com:80/141158211/reach_statement/Stackpole-Electronics-RMCF0805FT10K0.pdf?src-supplier=Compliance+Statements"; VariantName = "[No Variations]"
Change component parameters (AddParameter): Name = "ComponentLink17Description"; Value = "http://sigma.octopart.com:80/141158212/rohs_statement/Stackpole-Electronics-RMCF0805FT10K0.pdf?src-supplier=Compliance+Statements"; VariantName = "[No Variations]"
Change component parameters (AddParameter): Name = "ComponentLink17URL"; Value = "http://sigma.octopart.com:80/141158212/rohs_statement/Stackpole-Electronics-RMCF0805FT10K0.pdf?src-supplier=Compliance+Statements"; VariantName = "[No Variations]"
Change component parameters (AddParameter): Name = "Composition"; Value = "Thick Film"; VariantName = "[No Variations]"
Change component parameters (AddParameter): Name = "Contact Plating"; Value = "Tin"; VariantName = "[No Variations]"
Change component parameters (AddParameter): Name = "Depth"; Value = "1.25mm"; VariantName = "[No Variations]"
Change component parameters (AddParameter): Name = "Features"; Value = "Automotive AEC-Q200"; VariantName = "[No Variations]"
Change component parameters (AddParameter): Name = "Height"; Value = "500µm"; VariantName = "[No Variations]"
Change component parameters (AddParameter): Name = "Lead Free"; Value = "Lead Free"; VariantName = "[No Variations]"
Change component parameters (AddParameter): Name = "Length"; Value = "2mm"; VariantName = "[No Variations]"
Change component parameters (AddParameter): Name = "Lifecycle Status"; Value = "Production"; VariantName = "[No Variations]"
Change component parameters (AddParameter): Name = "Manufacturer"; Value = "Stackpole Electronics"; VariantName = "[No Variations]"
Change component parameters (AddParameter): Name = "Manufacturer Package Identifier"; Value = "0805 (2012 metric)"; VariantName = "[No Variations]"
Change component parameters (AddParameter): Name = "Manufacturer Part Number"; Value = "RMCF0805FT10K0"; VariantName = "[No Variations]"
Change component parameters (AddParameter): Name = "Max Operating Temperature"; Value = "155°C"; VariantName = "[No Variations]"
Change component parameters (AddParameter): Name = "Max Power Dissipation"; Value = "125mW"; VariantName = "[No Variations]"
Change component parameters (AddParameter): Name = "Military Standard"; Value = "Not"; VariantName = "[No Variations]"
Change component parameters (AddParameter): Name = "Min Operating Temperature"; Value = "-55°C"; VariantName = "[No Variations]"
Change component parameters (AddParameter): Name = "Mounting Technology"; Value = "Surface Mount"; VariantName = "[No Variations]"
Change component parameters (AddParameter): Name = "Number of Terminals"; Value = "2"; VariantName = "[No Variations]"
Change component parameters (AddParameter): Name = "Number of Terminations"; Value = "2"; VariantName = "[No Variations]"
Change component parameters (AddParameter): Name = "Packaging"; Value = "Cut Tape (CT)"; VariantName = "[No Variations]"
Change component parameters (AddParameter): Name = "Power Rating"; Value = "125mW"; VariantName = "[No Variations]"
Change component parameters (AddParameter): Name = "Pricing"; Value = "10000=0,0027, 25000=0,0027, 100000=0,0026, 150000=0,0025, 375000=0,0024 (USD)"; VariantName = "[No Variations]"
Change component parameters (AddParameter): Name = "Radiation Hardening"; Value = "No"; VariantName = "[No Variations]"
Change component parameters (AddParameter): Name = "Ratings"; Value = "AEC-Q200"; VariantName = "[No Variations]"
Change component parameters (AddParameter): Name = "REACH SVHC"; Value = "Yes"; VariantName = "[No Variations]"
Change component parameters (AddParameter): Name = "RoHS"; Value = "Compliant"; VariantName = "[No Variations]"
Change component parameters (AddParameter): Name = "Schedule B"; Value = "8533210045, 8533210045|8533210045, 8533210045|8533210045|8533210045, 8533210045|8533210045|8533210045|8533210045"; VariantName = "[No Variations]"
Change component parameters (AddParameter): Name = "Stock"; Value = "3170000"; VariantName = "[No Variations]"
Change component parameters (AddParameter): Name = "Supplier"; Value = "Future Electronics"; VariantName = "[No Variations]"
Change component parameters (AddParameter): Name = "Supplier Part Number"; Value = "RMCF0805FT10K0"; VariantName = "[No Variations]"
Change component parameters (AddParameter): Name = "Temperature Coefficient"; Value = "100ppm/°C"; VariantName = "[No Variations]"
Change component parameters (AddParameter): Name = "Tolerance"; Value = "1%"; VariantName = "[No Variations]"
Change component parameters (AddParameter): Name = "Value"; Value = "10kO"; VariantName = "[No Variations]"
Change component parameters (AddParameter): Name = "Voltage Rating"; Value = "150V"; VariantName = "[No Variations]"
Change component parameters (AddParameter): Name = "Width"; Value = "1.25mm"; VariantName = "[No Variations]"
Change component parameters (AddParameter): Name = "Working Voltage"; Value = "150V"; VariantName = "[No Variations]"
Change component parameters: Designator = "R11" ("R11"); Footprint = "R0402 - IRONSOLDER"; UniqueID = "\GUNEBGNN" ("\GUNEBGNN")
Change component parameters (AddParameter): Name = ".Mounting"; Value = "SMD"; VariantName = "[No Variations]"
Change component parameters (AddParameter): Name = ".PCBChecked"; Value = ""; VariantName = "[No Variations]"
Change component parameters (AddParameter): Name = ".SCHChecked"; Value = ""; VariantName = "[No Variations]"
Change component parameters (AddParameter): Name = "Case Code (Imperial)"; Value = "0805"; VariantName = "[No Variations]"
Change component parameters (AddParameter): Name = "Case Code (Metric)"; Value = "2012"; VariantName = "[No Variations]"
Change component parameters (AddParameter): Name = "Case/Package"; Value = "0805"; VariantName = "[No Variations]"
Change component parameters (AddParameter): Name = "Category"; Value = "Chip SMD Resistors"; VariantName = "[No Variations]"
Change component parameters (AddParameter): Name = "China RoHS"; Value = "Non-Compliant"; VariantName = "[No Variations]"
Change component parameters (AddParameter): Name = "ComponentLink1Description"; Value = "https://datasheet.octopart.com:443/RMCF0805FT10K0-Stackpole-Electronics-datasheet-182148065.pdf?src-supplier=IHS"; VariantName = "[No Variations]"
Change component parameters (AddParameter): Name = "ComponentLink1URL"; Value = "https://datasheet.octopart.com:443/RMCF0805FT10K0-Stackpole-Electronics-datasheet-182148065.pdf?src-supplier=IHS"; VariantName = "[No Variations]"
Change component parameters (AddParameter): Name = "ComponentLink2Description"; Value = "https://datasheet.octopart.com:443/RMCF0805FT10K0-Stackpole-Electronics-datasheet-12534581.pdf?src-supplier=Upverter"; VariantName = "[No Variations]"
Change component parameters (AddParameter): Name = "ComponentLink2URL"; Value = "https://datasheet.octopart.com:443/RMCF0805FT10K0-Stackpole-Electronics-datasheet-12534581.pdf?src-supplier=Upverter"; VariantName = "[No Variations]"
Change component parameters (AddParameter): Name = "ComponentLink3Description"; Value = "https://datasheet.octopart.com:443/RMCF0805FT10K0-Stackpole-Electronics-datasheet-12510902.pdf?src-supplier=Upverter"; VariantName = "[No Variations]"
Change component parameters (AddParameter): Name = "ComponentLink3URL"; Value = "https://datasheet.octopart.com:443/RMCF0805FT10K0-Stackpole-Electronics-datasheet-12510902.pdf?src-supplier=Upverter"; VariantName = "[No Variations]"
Change component parameters (AddParameter): Name = "ComponentLink4Description"; Value = "https://datasheet.octopart.com:443/RMCF0805FT10K0-Stackpole-Electronics-datasheet-28504820.pdf?src-supplier=Master+Electronics"; VariantName = "[No Variations]"
Change component parameters (AddParameter): Name = "ComponentLink4URL"; Value = "https://datasheet.octopart.com:443/RMCF0805FT10K0-Stackpole-Electronics-datasheet-28504820.pdf?src-supplier=Master+Electronics"; VariantName = "[No Variations]"
Change component parameters (AddParameter): Name = "ComponentLink5Description"; Value = "https://datasheet.octopart.com:443/RMCF0805FT10K0-Stackpole-Electronics-datasheet-141193804.pdf?src-supplier=Stackpole+Electronics"; VariantName = "[No Variations]"
Change component parameters (AddParameter): Name = "ComponentLink5URL"; Value = "https://datasheet.octopart.com:443/RMCF0805FT10K0-Stackpole-Electronics-datasheet-141193804.pdf?src-supplier=Stackpole+Electronics"; VariantName = "[No Variations]"
Change component parameters (AddParameter): Name = "ComponentLink6Description"; Value = "https://datasheet.octopart.com:443/RMCF0805FT10K0-Stackpole-Electronics-datasheet-62091608.pdf?src-supplier=Stackpole+Electronics"; VariantName = "[No Variations]"
Change component parameters (AddParameter): Name = "ComponentLink6URL"; Value = "https://datasheet.octopart.com:443/RMCF0805FT10K0-Stackpole-Electronics-datasheet-62091608.pdf?src-supplier=Stackpole+Electronics"; VariantName = "[No Variations]"
Change component parameters (AddParameter): Name = "ComponentLink7Description"; Value = "https://datasheet.octopart.com:443/RMCF0805FT10K0-Stackpole-Electronics-datasheet-10788263.pdf?src-supplier=Stackpole+Electronics"; VariantName = "[No Variations]"
Change component parameters (AddParameter): Name = "ComponentLink7URL"; Value = "https://datasheet.octopart.com:443/RMCF0805FT10K0-Stackpole-Electronics-datasheet-10788263.pdf?src-supplier=Stackpole+Electronics"; VariantName = "[No Variations]"
Change component parameters (AddParameter): Name = "ComponentLink8Description"; Value = "https://datasheet.octopart.com:443/RMCF0805FT10K0-Stackpole-Electronics-datasheet-154799224.pdf?src-supplier=JRH+Electronics"; VariantName = "[No Variations]"
Change component parameters (AddParameter): Name = "ComponentLink8URL"; Value = "https://datasheet.octopart.com:443/RMCF0805FT10K0-Stackpole-Electronics-datasheet-154799224.pdf?src-supplier=JRH+Electronics"; VariantName = "[No Variations]"
Change component parameters (AddParameter): Name = "ComponentLink9Description"; Value = "https://datasheet.octopart.com:443/RMCF0805FT10K0-Stackpole-Electronics-datasheet-11546843.pdf?src-supplier=Arrow+Electronics"; VariantName = "[No Variations]"
Change component parameters (AddParameter): Name = "ComponentLink9URL"; Value = "https://datasheet.octopart.com:443/RMCF0805FT10K0-Stackpole-Electronics-datasheet-11546843.pdf?src-supplier=Arrow+Electronics"; VariantName = "[No Variations]"
Change component parameters (AddParameter): Name = "ComponentLink10Description"; Value = "https://datasheet.octopart.com:443/RMCF0805FT10K0-Stackpole-Electronics-datasheet-11547379.pdf?src-supplier=Future+Electronics"; VariantName = "[No Variations]"
Change component parameters (AddParameter): Name = "ComponentLink10URL"; Value = "https://datasheet.octopart.com:443/RMCF0805FT10K0-Stackpole-Electronics-datasheet-11547379.pdf?src-supplier=Future+Electronics"; VariantName = "[No Variations]"
Change component parameters (AddParameter): Name = "ComponentLink11Description"; Value = "https://datasheet.octopart.com:443/RMCF0805FT10K0-Stackpole-Electronics-datasheet-8359789.pdf?src-supplier=Future+Electronics"; VariantName = "[No Variations]"
Change component parameters (AddParameter): Name = "ComponentLink11URL"; Value = "https://datasheet.octopart.com:443/RMCF0805FT10K0-Stackpole-Electronics-datasheet-8359789.pdf?src-supplier=Future+Electronics"; VariantName = "[No Variations]"
Change component parameters (AddParameter): Name = "ComponentLink12Description"; Value = "https://datasheet.octopart.com:443/RMCF0805FT10K0-Stackpole-Electronics-datasheet-8324226.pdf?src-supplier=Future+Electronics"; VariantName = "[No Variations]"
Change component parameters (AddParameter): Name = "ComponentLink12URL"; Value = "https://datasheet.octopart.com:443/RMCF0805FT10K0-Stackpole-Electronics-datasheet-8324226.pdf?src-supplier=Future+Electronics"; VariantName = "[No Variations]"
Change component parameters (AddParameter): Name = "ComponentLink13Description"; Value = "https://datasheet.octopart.com:443/RMCF0805FT10K0-Stackpole-Electronics-datasheet-8088878.pdf?src-supplier=Future+Electronics"; VariantName = "[No Variations]"
Change component parameters (AddParameter): Name = "ComponentLink13URL"; Value = "https://datasheet.octopart.com:443/RMCF0805FT10K0-Stackpole-Electronics-datasheet-8088878.pdf?src-supplier=Future+Electronics"; VariantName = "[No Variations]"
Change component parameters (AddParameter): Name = "ComponentLink14Description"; Value = "https://datasheet.octopart.com:443/RMCF0805FT10K0-Stackpole-Electronics-datasheet-5313682.pdf?src-supplier=Future+Electronics"; VariantName = "[No Variations]"
Change component parameters (AddParameter): Name = "ComponentLink14URL"; Value = "https://datasheet.octopart.com:443/RMCF0805FT10K0-Stackpole-Electronics-datasheet-5313682.pdf?src-supplier=Future+Electronics"; VariantName = "[No Variations]"
Change component parameters (AddParameter): Name = "ComponentLink15Description"; Value = "http://sigma.octopart.com:80/15940719/materials_sheet/Stackpole-Electronics-RMCF0805FT10K0.pdf?src-supplier=Compliance+Statements"; VariantName = "[No Variations]"
Change component parameters (AddParameter): Name = "ComponentLink15URL"; Value = "http://sigma.octopart.com:80/15940719/materials_sheet/Stackpole-Electronics-RMCF0805FT10K0.pdf?src-supplier=Compliance+Statements"; VariantName = "[No Variations]"
Change component parameters (AddParameter): Name = "ComponentLink16Description"; Value = "http://sigma.octopart.com:80/141158211/reach_statement/Stackpole-Electronics-RMCF0805FT10K0.pdf?src-supplier=Compliance+Statements"; VariantName = "[No Variations]"
Change component parameters (AddParameter): Name = "ComponentLink16URL"; Value = "http://sigma.octopart.com:80/141158211/reach_statement/Stackpole-Electronics-RMCF0805FT10K0.pdf?src-supplier=Compliance+Statements"; VariantName = "[No Variations]"
Change component parameters (AddParameter): Name = "ComponentLink17Description"; Value = "http://sigma.octopart.com:80/141158212/rohs_statement/Stackpole-Electronics-RMCF0805FT10K0.pdf?src-supplier=Compliance+Statements"; VariantName = "[No Variations]"
Change component parameters (AddParameter): Name = "ComponentLink17URL"; Value = "http://sigma.octopart.com:80/141158212/rohs_statement/Stackpole-Electronics-RMCF0805FT10K0.pdf?src-supplier=Compliance+Statements"; VariantName = "[No Variations]"
Change component parameters (AddParameter): Name = "Composition"; Value = "Thick Film"; VariantName = "[No Variations]"
Change component parameters (AddParameter): Name = "Contact Plating"; Value = "Tin"; VariantName = "[No Variations]"
Change component parameters (AddParameter): Name = "Depth"; Value = "1.25mm"; VariantName = "[No Variations]"
Change component parameters (AddParameter): Name = "Features"; Value = "Automotive AEC-Q200"; VariantName = "[No Variations]"
Change component parameters (AddParameter): Name = "Height"; Value = "500µm"; VariantName = "[No Variations]"
Change component parameters (AddParameter): Name = "Lead Free"; Value = "Lead Free"; VariantName = "[No Variations]"
Change component parameters (AddParameter): Name = "Length"; Value = "2mm"; VariantName = "[No Variations]"
Change component parameters (AddParameter): Name = "Lifecycle Status"; Value = "Production"; VariantName = "[No Variations]"
Change component parameters (AddParameter): Name = "Manufacturer"; Value = "Stackpole Electronics"; VariantName = "[No Variations]"
Change component parameters (AddParameter): Name = "Manufacturer Package Identifier"; Value = "0805 (2012 metric)"; VariantName = "[No Variations]"
Change component parameters (AddParameter): Name = "Manufacturer Part Number"; Value = "RMCF0805FT10K0"; VariantName = "[No Variations]"
Change component parameters (AddParameter): Name = "Max Operating Temperature"; Value = "155°C"; VariantName = "[No Variations]"
Change component parameters (AddParameter): Name = "Max Power Dissipation"; Value = "125mW"; VariantName = "[No Variations]"
Change component parameters (AddParameter): Name = "Military Standard"; Value = "Not"; VariantName = "[No Variations]"
Change component parameters (AddParameter): Name = "Min Operating Temperature"; Value = "-55°C"; VariantName = "[No Variations]"
Change component parameters (AddParameter): Name = "Mounting Technology"; Value = "Surface Mount"; VariantName = "[No Variations]"
Change component parameters (AddParameter): Name = "Number of Terminals"; Value = "2"; VariantName = "[No Variations]"
Change component parameters (AddParameter): Name = "Number of Terminations"; Value = "2"; VariantName = "[No Variations]"
Change component parameters (AddParameter): Name = "Packaging"; Value = "Cut Tape (CT)"; VariantName = "[No Variations]"
Change component parameters (AddParameter): Name = "Power Rating"; Value = "125mW"; VariantName = "[No Variations]"
Change component parameters (AddParameter): Name = "Pricing"; Value = "10000=0,0027, 25000=0,0027, 100000=0,0026, 150000=0,0025, 375000=0,0024 (USD)"; VariantName = "[No Variations]"
Change component parameters (AddParameter): Name = "Radiation Hardening"; Value = "No"; VariantName = "[No Variations]"
Change component parameters (AddParameter): Name = "Ratings"; Value = "AEC-Q200"; VariantName = "[No Variations]"
Change component parameters (AddParameter): Name = "REACH SVHC"; Value = "Yes"; VariantName = "[No Variations]"
Change component parameters (AddParameter): Name = "RoHS"; Value = "Compliant"; VariantName = "[No Variations]"
Change component parameters (AddParameter): Name = "Schedule B"; Value = "8533210045, 8533210045|8533210045, 8533210045|8533210045|8533210045, 8533210045|8533210045|8533210045|8533210045"; VariantName = "[No Variations]"
Change component parameters (AddParameter): Name = "Stock"; Value = "3170000"; VariantName = "[No Variations]"
Change component parameters (AddParameter): Name = "Supplier"; Value = "Future Electronics"; VariantName = "[No Variations]"
Change component parameters (AddParameter): Name = "Supplier Part Number"; Value = "RMCF0805FT10K0"; VariantName = "[No Variations]"
Change component parameters (AddParameter): Name = "Temperature Coefficient"; Value = "100ppm/°C"; VariantName = "[No Variations]"
Change component parameters (AddParameter): Name = "Tolerance"; Value = "1%"; VariantName = "[No Variations]"
Change component parameters (AddParameter): Name = "Value"; Value = "10kO"; VariantName = "[No Variations]"
Change component parameters (AddParameter): Name = "Voltage Rating"; Value = "150V"; VariantName = "[No Variations]"
Change component parameters (AddParameter): Name = "Width"; Value = "1.25mm"; VariantName = "[No Variations]"
Change component parameters (AddParameter): Name = "Working Voltage"; Value = "150V"; VariantName = "[No Variations]"
Change component parameters: Designator = "R12" ("R12"); Footprint = "R0402 - IRONSOLDER"; UniqueID = "\UQFQINIS" ("\UQFQINIS")
Change component parameters (AddParameter): Name = ".Mounting"; Value = "SMD"; VariantName = "[No Variations]"
Change component parameters (AddParameter): Name = ".PCBChecked"; Value = ""; VariantName = "[No Variations]"
Change component parameters (AddParameter): Name = ".SCHChecked"; Value = ""; VariantName = "[No Variations]"
Change component parameters (AddParameter): Name = "Case Code (Imperial)"; Value = "0805"; VariantName = "[No Variations]"
Change component parameters (AddParameter): Name = "Case Code (Metric)"; Value = "2012"; VariantName = "[No Variations]"
Change component parameters (AddParameter): Name = "Case/Package"; Value = "0805"; VariantName = "[No Variations]"
Change component parameters (AddParameter): Name = "Category"; Value = "Chip SMD Resistors"; VariantName = "[No Variations]"
Change component parameters (AddParameter): Name = "China RoHS"; Value = "Non-Compliant"; VariantName = "[No Variations]"
Change component parameters (AddParameter): Name = "ComponentLink1Description"; Value = "https://datasheet.octopart.com:443/RMCF0805FT10K0-Stackpole-Electronics-datasheet-182148065.pdf?src-supplier=IHS"; VariantName = "[No Variations]"
Change component parameters (AddParameter): Name = "ComponentLink1URL"; Value = "https://datasheet.octopart.com:443/RMCF0805FT10K0-Stackpole-Electronics-datasheet-182148065.pdf?src-supplier=IHS"; VariantName = "[No Variations]"
Change component parameters (AddParameter): Name = "ComponentLink2Description"; Value = "https://datasheet.octopart.com:443/RMCF0805FT10K0-Stackpole-Electronics-datasheet-12534581.pdf?src-supplier=Upverter"; VariantName = "[No Variations]"
Change component parameters (AddParameter): Name = "ComponentLink2URL"; Value = "https://datasheet.octopart.com:443/RMCF0805FT10K0-Stackpole-Electronics-datasheet-12534581.pdf?src-supplier=Upverter"; VariantName = "[No Variations]"
Change component parameters (AddParameter): Name = "ComponentLink3Description"; Value = "https://datasheet.octopart.com:443/RMCF0805FT10K0-Stackpole-Electronics-datasheet-12510902.pdf?src-supplier=Upverter"; VariantName = "[No Variations]"
Change component parameters (AddParameter): Name = "ComponentLink3URL"; Value = "https://datasheet.octopart.com:443/RMCF0805FT10K0-Stackpole-Electronics-datasheet-12510902.pdf?src-supplier=Upverter"; VariantName = "[No Variations]"
Change component parameters (AddParameter): Name = "ComponentLink4Description"; Value = "https://datasheet.octopart.com:443/RMCF0805FT10K0-Stackpole-Electronics-datasheet-28504820.pdf?src-supplier=Master+Electronics"; VariantName = "[No Variations]"
Change component parameters (AddParameter): Name = "ComponentLink4URL"; Value = "https://datasheet.octopart.com:443/RMCF0805FT10K0-Stackpole-Electronics-datasheet-28504820.pdf?src-supplier=Master+Electronics"; VariantName = "[No Variations]"
Change component parameters (AddParameter): Name = "ComponentLink5Description"; Value = "https://datasheet.octopart.com:443/RMCF0805FT10K0-Stackpole-Electronics-datasheet-141193804.pdf?src-supplier=Stackpole+Electronics"; VariantName = "[No Variations]"
Change component parameters (AddParameter): Name = "ComponentLink5URL"; Value = "https://datasheet.octopart.com:443/RMCF0805FT10K0-Stackpole-Electronics-datasheet-141193804.pdf?src-supplier=Stackpole+Electronics"; VariantName = "[No Variations]"
Change component parameters (AddParameter): Name = "ComponentLink6Description"; Value = "https://datasheet.octopart.com:443/RMCF0805FT10K0-Stackpole-Electronics-datasheet-62091608.pdf?src-supplier=Stackpole+Electronics"; VariantName = "[No Variations]"
Change component parameters (AddParameter): Name = "ComponentLink6URL"; Value = "https://datasheet.octopart.com:443/RMCF0805FT10K0-Stackpole-Electronics-datasheet-62091608.pdf?src-supplier=Stackpole+Electronics"; VariantName = "[No Variations]"
Change component parameters (AddParameter): Name = "ComponentLink7Description"; Value = "https://datasheet.octopart.com:443/RMCF0805FT10K0-Stackpole-Electronics-datasheet-10788263.pdf?src-supplier=Stackpole+Electronics"; VariantName = "[No Variations]"
Change component parameters (AddParameter): Name = "ComponentLink7URL"; Value = "https://datasheet.octopart.com:443/RMCF0805FT10K0-Stackpole-Electronics-datasheet-10788263.pdf?src-supplier=Stackpole+Electronics"; VariantName = "[No Variations]"
Change component parameters (AddParameter): Name = "ComponentLink8Description"; Value = "https://datasheet.octopart.com:443/RMCF0805FT10K0-Stackpole-Electronics-datasheet-154799224.pdf?src-supplier=JRH+Electronics"; VariantName = "[No Variations]"
Change component parameters (AddParameter): Name = "ComponentLink8URL"; Value = "https://datasheet.octopart.com:443/RMCF0805FT10K0-Stackpole-Electronics-datasheet-154799224.pdf?src-supplier=JRH+Electronics"; VariantName = "[No Variations]"
Change component parameters (AddParameter): Name = "ComponentLink9Description"; Value = "https://datasheet.octopart.com:443/RMCF0805FT10K0-Stackpole-Electronics-datasheet-11546843.pdf?src-supplier=Arrow+Electronics"; VariantName = "[No Variations]"
Change component parameters (AddParameter): Name = "ComponentLink9URL"; Value = "https://datasheet.octopart.com:443/RMCF0805FT10K0-Stackpole-Electronics-datasheet-11546843.pdf?src-supplier=Arrow+Electronics"; VariantName = "[No Variations]"
Change component parameters (AddParameter): Name = "ComponentLink10Description"; Value = "https://datasheet.octopart.com:443/RMCF0805FT10K0-Stackpole-Electronics-datasheet-11547379.pdf?src-supplier=Future+Electronics"; VariantName = "[No Variations]"
Change component parameters (AddParameter): Name = "ComponentLink10URL"; Value = "https://datasheet.octopart.com:443/RMCF0805FT10K0-Stackpole-Electronics-datasheet-11547379.pdf?src-supplier=Future+Electronics"; VariantName = "[No Variations]"
Change component parameters (AddParameter): Name = "ComponentLink11Description"; Value = "https://datasheet.octopart.com:443/RMCF0805FT10K0-Stackpole-Electronics-datasheet-8359789.pdf?src-supplier=Future+Electronics"; VariantName = "[No Variations]"
Change component parameters (AddParameter): Name = "ComponentLink11URL"; Value = "https://datasheet.octopart.com:443/RMCF0805FT10K0-Stackpole-Electronics-datasheet-8359789.pdf?src-supplier=Future+Electronics"; VariantName = "[No Variations]"
Change component parameters (AddParameter): Name = "ComponentLink12Description"; Value = "https://datasheet.octopart.com:443/RMCF0805FT10K0-Stackpole-Electronics-datasheet-8324226.pdf?src-supplier=Future+Electronics"; VariantName = "[No Variations]"
Change component parameters (AddParameter): Name = "ComponentLink12URL"; Value = "https://datasheet.octopart.com:443/RMCF0805FT10K0-Stackpole-Electronics-datasheet-8324226.pdf?src-supplier=Future+Electronics"; VariantName = "[No Variations]"
Change component parameters (AddParameter): Name = "ComponentLink13Description"; Value = "https://datasheet.octopart.com:443/RMCF0805FT10K0-Stackpole-Electronics-datasheet-8088878.pdf?src-supplier=Future+Electronics"; VariantName = "[No Variations]"
Change component parameters (AddParameter): Name = "ComponentLink13URL"; Value = "https://datasheet.octopart.com:443/RMCF0805FT10K0-Stackpole-Electronics-datasheet-8088878.pdf?src-supplier=Future+Electronics"; VariantName = "[No Variations]"
Change component parameters (AddParameter): Name = "ComponentLink14Description"; Value = "https://datasheet.octopart.com:443/RMCF0805FT10K0-Stackpole-Electronics-datasheet-5313682.pdf?src-supplier=Future+Electronics"; VariantName = "[No Variations]"
Change component parameters (AddParameter): Name = "ComponentLink14URL"; Value = "https://datasheet.octopart.com:443/RMCF0805FT10K0-Stackpole-Electronics-datasheet-5313682.pdf?src-supplier=Future+Electronics"; VariantName = "[No Variations]"
Change component parameters (AddParameter): Name = "ComponentLink15Description"; Value = "http://sigma.octopart.com:80/15940719/materials_sheet/Stackpole-Electronics-RMCF0805FT10K0.pdf?src-supplier=Compliance+Statements"; VariantName = "[No Variations]"
Change component parameters (AddParameter): Name = "ComponentLink15URL"; Value = "http://sigma.octopart.com:80/15940719/materials_sheet/Stackpole-Electronics-RMCF0805FT10K0.pdf?src-supplier=Compliance+Statements"; VariantName = "[No Variations]"
Change component parameters (AddParameter): Name = "ComponentLink16Description"; Value = "http://sigma.octopart.com:80/141158211/reach_statement/Stackpole-Electronics-RMCF0805FT10K0.pdf?src-supplier=Compliance+Statements"; VariantName = "[No Variations]"
Change component parameters (AddParameter): Name = "ComponentLink16URL"; Value = "http://sigma.octopart.com:80/141158211/reach_statement/Stackpole-Electronics-RMCF0805FT10K0.pdf?src-supplier=Compliance+Statements"; VariantName = "[No Variations]"
Change component parameters (AddParameter): Name = "ComponentLink17Description"; Value = "http://sigma.octopart.com:80/141158212/rohs_statement/Stackpole-Electronics-RMCF0805FT10K0.pdf?src-supplier=Compliance+Statements"; VariantName = "[No Variations]"
Change component parameters (AddParameter): Name = "ComponentLink17URL"; Value = "http://sigma.octopart.com:80/141158212/rohs_statement/Stackpole-Electronics-RMCF0805FT10K0.pdf?src-supplier=Compliance+Statements"; VariantName = "[No Variations]"
Change component parameters (AddParameter): Name = "Composition"; Value = "Thick Film"; VariantName = "[No Variations]"
Change component parameters (AddParameter): Name = "Contact Plating"; Value = "Tin"; VariantName = "[No Variations]"
Change component parameters (AddParameter): Name = "Depth"; Value = "1.25mm"; VariantName = "[No Variations]"
Change component parameters (AddParameter): Name = "Features"; Value = "Automotive AEC-Q200"; VariantName = "[No Variations]"
Change component parameters (AddParameter): Name = "Height"; Value = "500µm"; VariantName = "[No Variations]"
Change component parameters (AddParameter): Name = "Lead Free"; Value = "Lead Free"; VariantName = "[No Variations]"
Change component parameters (AddParameter): Name = "Length"; Value = "2mm"; VariantName = "[No Variations]"
Change component parameters (AddParameter): Name = "Lifecycle Status"; Value = "Production"; VariantName = "[No Variations]"
Change component parameters (AddParameter): Name = "Manufacturer"; Value = "Stackpole Electronics"; VariantName = "[No Variations]"
Change component parameters (AddParameter): Name = "Manufacturer Package Identifier"; Value = "0805 (2012 metric)"; VariantName = "[No Variations]"
Change component parameters (AddParameter): Name = "Manufacturer Part Number"; Value = "RMCF0805FT10K0"; VariantName = "[No Variations]"
Change component parameters (AddParameter): Name = "Max Operating Temperature"; Value = "155°C"; VariantName = "[No Variations]"
Change component parameters (AddParameter): Name = "Max Power Dissipation"; Value = "125mW"; VariantName = "[No Variations]"
Change component parameters (AddParameter): Name = "Military Standard"; Value = "Not"; VariantName = "[No Variations]"
Change component parameters (AddParameter): Name = "Min Operating Temperature"; Value = "-55°C"; VariantName = "[No Variations]"
Change component parameters (AddParameter): Name = "Mounting Technology"; Value = "Surface Mount"; VariantName = "[No Variations]"
Change component parameters (AddParameter): Name = "Number of Terminals"; Value = "2"; VariantName = "[No Variations]"
Change component parameters (AddParameter): Name = "Number of Terminations"; Value = "2"; VariantName = "[No Variations]"
Change component parameters (AddParameter): Name = "Packaging"; Value = "Cut Tape (CT)"; VariantName = "[No Variations]"
Change component parameters (AddParameter): Name = "Power Rating"; Value = "125mW"; VariantName = "[No Variations]"
Change component parameters (AddParameter): Name = "Pricing"; Value = "10000=0,0027, 25000=0,0027, 100000=0,0026, 150000=0,0025, 375000=0,0024 (USD)"; VariantName = "[No Variations]"
Change component parameters (AddParameter): Name = "Radiation Hardening"; Value = "No"; VariantName = "[No Variations]"
Change component parameters (AddParameter): Name = "Ratings"; Value = "AEC-Q200"; VariantName = "[No Variations]"
Change component parameters (AddParameter): Name = "REACH SVHC"; Value = "Yes"; VariantName = "[No Variations]"
Change component parameters (AddParameter): Name = "RoHS"; Value = "Compliant"; VariantName = "[No Variations]"
Change component parameters (AddParameter): Name = "Schedule B"; Value = "8533210045, 8533210045|8533210045, 8533210045|8533210045|8533210045, 8533210045|8533210045|8533210045|8533210045"; VariantName = "[No Variations]"
Change component parameters (AddParameter): Name = "Stock"; Value = "3170000"; VariantName = "[No Variations]"
Change component parameters (AddParameter): Name = "Supplier"; Value = "Future Electronics"; VariantName = "[No Variations]"
Change component parameters (AddParameter): Name = "Supplier Part Number"; Value = "RMCF0805FT10K0"; VariantName = "[No Variations]"
Change component parameters (AddParameter): Name = "Temperature Coefficient"; Value = "100ppm/°C"; VariantName = "[No Variations]"
Change component parameters (AddParameter): Name = "Tolerance"; Value = "1%"; VariantName = "[No Variations]"
Change component parameters (AddParameter): Name = "Value"; Value = "10kO"; VariantName = "[No Variations]"
Change component parameters (AddParameter): Name = "Voltage Rating"; Value = "150V"; VariantName = "[No Variations]"
Change component parameters (AddParameter): Name = "Width"; Value = "1.25mm"; VariantName = "[No Variations]"
Change component parameters (AddParameter): Name = "Working Voltage"; Value = "150V"; VariantName = "[No Variations]"
Change component parameters: Designator = "R13" ("R13"); Footprint = "R0402 - IRONSOLDER"; UniqueID = "\ZWRMGZJE" ("\ZWRMGZJE")
Change component parameters (AddParameter): Name = ".Mounting"; Value = "SMD"; VariantName = "[No Variations]"
Change component parameters (AddParameter): Name = ".PCBChecked"; Value = ""; VariantName = "[No Variations]"
Change component parameters (AddParameter): Name = ".SCHChecked"; Value = ""; VariantName = "[No Variations]"
Change component parameters (AddParameter): Name = "Case Code (Imperial)"; Value = "0805"; VariantName = "[No Variations]"
Change component parameters (AddParameter): Name = "Case Code (Metric)"; Value = "2012"; VariantName = "[No Variations]"
Change component parameters (AddParameter): Name = "Case/Package"; Value = "0805"; VariantName = "[No Variations]"
Change component parameters (AddParameter): Name = "Category"; Value = "Chip SMD Resistors"; VariantName = "[No Variations]"
Change component parameters (AddParameter): Name = "China RoHS"; Value = "Non-Compliant"; VariantName = "[No Variations]"
Change component parameters (AddParameter): Name = "ComponentLink1Description"; Value = "https://datasheet.octopart.com:443/RMCF0805FT10K0-Stackpole-Electronics-datasheet-182148065.pdf?src-supplier=IHS"; VariantName = "[No Variations]"
Change component parameters (AddParameter): Name = "ComponentLink1URL"; Value = "https://datasheet.octopart.com:443/RMCF0805FT10K0-Stackpole-Electronics-datasheet-182148065.pdf?src-supplier=IHS"; VariantName = "[No Variations]"
Change component parameters (AddParameter): Name = "ComponentLink2Description"; Value = "https://datasheet.octopart.com:443/RMCF0805FT10K0-Stackpole-Electronics-datasheet-12534581.pdf?src-supplier=Upverter"; VariantName = "[No Variations]"
Change component parameters (AddParameter): Name = "ComponentLink2URL"; Value = "https://datasheet.octopart.com:443/RMCF0805FT10K0-Stackpole-Electronics-datasheet-12534581.pdf?src-supplier=Upverter"; VariantName = "[No Variations]"
Change component parameters (AddParameter): Name = "ComponentLink3Description"; Value = "https://datasheet.octopart.com:443/RMCF0805FT10K0-Stackpole-Electronics-datasheet-12510902.pdf?src-supplier=Upverter"; VariantName = "[No Variations]"
Change component parameters (AddParameter): Name = "ComponentLink3URL"; Value = "https://datasheet.octopart.com:443/RMCF0805FT10K0-Stackpole-Electronics-datasheet-12510902.pdf?src-supplier=Upverter"; VariantName = "[No Variations]"
Change component parameters (AddParameter): Name = "ComponentLink4Description"; Value = "https://datasheet.octopart.com:443/RMCF0805FT10K0-Stackpole-Electronics-datasheet-28504820.pdf?src-supplier=Master+Electronics"; VariantName = "[No Variations]"
Change component parameters (AddParameter): Name = "ComponentLink4URL"; Value = "https://datasheet.octopart.com:443/RMCF0805FT10K0-Stackpole-Electronics-datasheet-28504820.pdf?src-supplier=Master+Electronics"; VariantName = "[No Variations]"
Change component parameters (AddParameter): Name = "ComponentLink5Description"; Value = "https://datasheet.octopart.com:443/RMCF0805FT10K0-Stackpole-Electronics-datasheet-141193804.pdf?src-supplier=Stackpole+Electronics"; VariantName = "[No Variations]"
Change component parameters (AddParameter): Name = "ComponentLink5URL"; Value = "https://datasheet.octopart.com:443/RMCF0805FT10K0-Stackpole-Electronics-datasheet-141193804.pdf?src-supplier=Stackpole+Electronics"; VariantName = "[No Variations]"
Change component parameters (AddParameter): Name = "ComponentLink6Description"; Value = "https://datasheet.octopart.com:443/RMCF0805FT10K0-Stackpole-Electronics-datasheet-62091608.pdf?src-supplier=Stackpole+Electronics"; VariantName = "[No Variations]"
Change component parameters (AddParameter): Name = "ComponentLink6URL"; Value = "https://datasheet.octopart.com:443/RMCF0805FT10K0-Stackpole-Electronics-datasheet-62091608.pdf?src-supplier=Stackpole+Electronics"; VariantName = "[No Variations]"
Change component parameters (AddParameter): Name = "ComponentLink7Description"; Value = "https://datasheet.octopart.com:443/RMCF0805FT10K0-Stackpole-Electronics-datasheet-10788263.pdf?src-supplier=Stackpole+Electronics"; VariantName = "[No Variations]"
Change component parameters (AddParameter): Name = "ComponentLink7URL"; Value = "https://datasheet.octopart.com:443/RMCF0805FT10K0-Stackpole-Electronics-datasheet-10788263.pdf?src-supplier=Stackpole+Electronics"; VariantName = "[No Variations]"
Change component parameters (AddParameter): Name = "ComponentLink8Description"; Value = "https://datasheet.octopart.com:443/RMCF0805FT10K0-Stackpole-Electronics-datasheet-154799224.pdf?src-supplier=JRH+Electronics"; VariantName = "[No Variations]"
Change component parameters (AddParameter): Name = "ComponentLink8URL"; Value = "https://datasheet.octopart.com:443/RMCF0805FT10K0-Stackpole-Electronics-datasheet-154799224.pdf?src-supplier=JRH+Electronics"; VariantName = "[No Variations]"
Change component parameters (AddParameter): Name = "ComponentLink9Description"; Value = "https://datasheet.octopart.com:443/RMCF0805FT10K0-Stackpole-Electronics-datasheet-11546843.pdf?src-supplier=Arrow+Electronics"; VariantName = "[No Variations]"
Change component parameters (AddParameter): Name = "ComponentLink9URL"; Value = "https://datasheet.octopart.com:443/RMCF0805FT10K0-Stackpole-Electronics-datasheet-11546843.pdf?src-supplier=Arrow+Electronics"; VariantName = "[No Variations]"
Change component parameters (AddParameter): Name = "ComponentLink10Description"; Value = "https://datasheet.octopart.com:443/RMCF0805FT10K0-Stackpole-Electronics-datasheet-11547379.pdf?src-supplier=Future+Electronics"; VariantName = "[No Variations]"
Change component parameters (AddParameter): Name = "ComponentLink10URL"; Value = "https://datasheet.octopart.com:443/RMCF0805FT10K0-Stackpole-Electronics-datasheet-11547379.pdf?src-supplier=Future+Electronics"; VariantName = "[No Variations]"
Change component parameters (AddParameter): Name = "ComponentLink11Description"; Value = "https://datasheet.octopart.com:443/RMCF0805FT10K0-Stackpole-Electronics-datasheet-8359789.pdf?src-supplier=Future+Electronics"; VariantName = "[No Variations]"
Change component parameters (AddParameter): Name = "ComponentLink11URL"; Value = "https://datasheet.octopart.com:443/RMCF0805FT10K0-Stackpole-Electronics-datasheet-8359789.pdf?src-supplier=Future+Electronics"; VariantName = "[No Variations]"
Change component parameters (AddParameter): Name = "ComponentLink12Description"; Value = "https://datasheet.octopart.com:443/RMCF0805FT10K0-Stackpole-Electronics-datasheet-8324226.pdf?src-supplier=Future+Electronics"; VariantName = "[No Variations]"
Change component parameters (AddParameter): Name = "ComponentLink12URL"; Value = "https://datasheet.octopart.com:443/RMCF0805FT10K0-Stackpole-Electronics-datasheet-8324226.pdf?src-supplier=Future+Electronics"; VariantName = "[No Variations]"
Change component parameters (AddParameter): Name = "ComponentLink13Description"; Value = "https://datasheet.octopart.com:443/RMCF0805FT10K0-Stackpole-Electronics-datasheet-8088878.pdf?src-supplier=Future+Electronics"; VariantName = "[No Variations]"
Change component parameters (AddParameter): Name = "ComponentLink13URL"; Value = "https://datasheet.octopart.com:443/RMCF0805FT10K0-Stackpole-Electronics-datasheet-8088878.pdf?src-supplier=Future+Electronics"; VariantName = "[No Variations]"
Change component parameters (AddParameter): Name = "ComponentLink14Description"; Value = "https://datasheet.octopart.com:443/RMCF0805FT10K0-Stackpole-Electronics-datasheet-5313682.pdf?src-supplier=Future+Electronics"; VariantName = "[No Variations]"
Change component parameters (AddParameter): Name = "ComponentLink14URL"; Value = "https://datasheet.octopart.com:443/RMCF0805FT10K0-Stackpole-Electronics-datasheet-5313682.pdf?src-supplier=Future+Electronics"; VariantName = "[No Variations]"
Change component parameters (AddParameter): Name = "ComponentLink15Description"; Value = "http://sigma.octopart.com:80/15940719/materials_sheet/Stackpole-Electronics-RMCF0805FT10K0.pdf?src-supplier=Compliance+Statements"; VariantName = "[No Variations]"
Change component parameters (AddParameter): Name = "ComponentLink15URL"; Value = "http://sigma.octopart.com:80/15940719/materials_sheet/Stackpole-Electronics-RMCF0805FT10K0.pdf?src-supplier=Compliance+Statements"; VariantName = "[No Variations]"
Change component parameters (AddParameter): Name = "ComponentLink16Description"; Value = "http://sigma.octopart.com:80/141158211/reach_statement/Stackpole-Electronics-RMCF0805FT10K0.pdf?src-supplier=Compliance+Statements"; VariantName = "[No Variations]"
Change component parameters (AddParameter): Name = "ComponentLink16URL"; Value = "http://sigma.octopart.com:80/141158211/reach_statement/Stackpole-Electronics-RMCF0805FT10K0.pdf?src-supplier=Compliance+Statements"; VariantName = "[No Variations]"
Change component parameters (AddParameter): Name = "ComponentLink17Description"; Value = "http://sigma.octopart.com:80/141158212/rohs_statement/Stackpole-Electronics-RMCF0805FT10K0.pdf?src-supplier=Compliance+Statements"; VariantName = "[No Variations]"
Change component parameters (AddParameter): Name = "ComponentLink17URL"; Value = "http://sigma.octopart.com:80/141158212/rohs_statement/Stackpole-Electronics-RMCF0805FT10K0.pdf?src-supplier=Compliance+Statements"; VariantName = "[No Variations]"
Change component parameters (AddParameter): Name = "Composition"; Value = "Thick Film"; VariantName = "[No Variations]"
Change component parameters (AddParameter): Name = "Contact Plating"; Value = "Tin"; VariantName = "[No Variations]"
Change component parameters (AddParameter): Name = "Depth"; Value = "1.25mm"; VariantName = "[No Variations]"
Change component parameters (AddParameter): Name = "Features"; Value = "Automotive AEC-Q200"; VariantName = "[No Variations]"
Change component parameters (AddParameter): Name = "Height"; Value = "500µm"; VariantName = "[No Variations]"
Change component parameters (AddParameter): Name = "Lead Free"; Value = "Lead Free"; VariantName = "[No Variations]"
Change component parameters (AddParameter): Name = "Length"; Value = "2mm"; VariantName = "[No Variations]"
Change component parameters (AddParameter): Name = "Lifecycle Status"; Value = "Production"; VariantName = "[No Variations]"
Change component parameters (AddParameter): Name = "Manufacturer"; Value = "Stackpole Electronics"; VariantName = "[No Variations]"
Change component parameters (AddParameter): Name = "Manufacturer Package Identifier"; Value = "0805 (2012 metric)"; VariantName = "[No Variations]"
Change component parameters (AddParameter): Name = "Manufacturer Part Number"; Value = "RMCF0805FT10K0"; VariantName = "[No Variations]"
Change component parameters (AddParameter): Name = "Max Operating Temperature"; Value = "155°C"; VariantName = "[No Variations]"
Change component parameters (AddParameter): Name = "Max Power Dissipation"; Value = "125mW"; VariantName = "[No Variations]"
Change component parameters (AddParameter): Name = "Military Standard"; Value = "Not"; VariantName = "[No Variations]"
Change component parameters (AddParameter): Name = "Min Operating Temperature"; Value = "-55°C"; VariantName = "[No Variations]"
Change component parameters (AddParameter): Name = "Mounting Technology"; Value = "Surface Mount"; VariantName = "[No Variations]"
Change component parameters (AddParameter): Name = "Number of Terminals"; Value = "2"; VariantName = "[No Variations]"
Change component parameters (AddParameter): Name = "Number of Terminations"; Value = "2"; VariantName = "[No Variations]"
Change component parameters (AddParameter): Name = "Packaging"; Value = "Cut Tape (CT)"; VariantName = "[No Variations]"
Change component parameters (AddParameter): Name = "Power Rating"; Value = "125mW"; VariantName = "[No Variations]"
Change component parameters (AddParameter): Name = "Pricing"; Value = "10000=0,0027, 25000=0,0027, 100000=0,0026, 150000=0,0025, 375000=0,0024 (USD)"; VariantName = "[No Variations]"
Change component parameters (AddParameter): Name = "Radiation Hardening"; Value = "No"; VariantName = "[No Variations]"
Change component parameters (AddParameter): Name = "Ratings"; Value = "AEC-Q200"; VariantName = "[No Variations]"
Change component parameters (AddParameter): Name = "REACH SVHC"; Value = "Yes"; VariantName = "[No Variations]"
Change component parameters (AddParameter): Name = "RoHS"; Value = "Compliant"; VariantName = "[No Variations]"
Change component parameters (AddParameter): Name = "Schedule B"; Value = "8533210045, 8533210045|8533210045, 8533210045|8533210045|8533210045, 8533210045|8533210045|8533210045|8533210045"; VariantName = "[No Variations]"
Change component parameters (AddParameter): Name = "Stock"; Value = "3170000"; VariantName = "[No Variations]"
Change component parameters (AddParameter): Name = "Supplier"; Value = "Future Electronics"; VariantName = "[No Variations]"
Change component parameters (AddParameter): Name = "Supplier Part Number"; Value = "RMCF0805FT10K0"; VariantName = "[No Variations]"
Change component parameters (AddParameter): Name = "Temperature Coefficient"; Value = "100ppm/°C"; VariantName = "[No Variations]"
Change component parameters (AddParameter): Name = "Tolerance"; Value = "1%"; VariantName = "[No Variations]"
Change component parameters (AddParameter): Name = "Value"; Value = "10kO"; VariantName = "[No Variations]"
Change component parameters (AddParameter): Name = "Voltage Rating"; Value = "150V"; VariantName = "[No Variations]"
Change component parameters (AddParameter): Name = "Width"; Value = "1.25mm"; VariantName = "[No Variations]"
Change component parameters (AddParameter): Name = "Working Voltage"; Value = "150V"; VariantName = "[No Variations]"
Change component parameters: Designator = "R14" ("R14"); Footprint = "R0402 - IronSolder"; UniqueID = "\UXMVHCXV" ("\UXMVHCXV")
Change component parameters (AddParameter): Name = ".Mounting"; Value = "SMD"; VariantName = "[No Variations]"
Change component parameters (AddParameter): Name = ".PCBChecked"; Value = ""; VariantName = "[No Variations]"
Change component parameters (AddParameter): Name = ".SCHChecked"; Value = ""; VariantName = "[No Variations]"
Change component parameters (AddParameter): Name = "Case Code (Imperial)"; Value = "0805"; VariantName = "[No Variations]"
Change component parameters (AddParameter): Name = "Case Code (Metric)"; Value = "2012"; VariantName = "[No Variations]"
Change component parameters (AddParameter): Name = "Case/Package"; Value = "0805"; VariantName = "[No Variations]"
Change component parameters (AddParameter): Name = "Category"; Value = "Chip SMD Resistors"; VariantName = "[No Variations]"
Change component parameters (AddParameter): Name = "China RoHS"; Value = "Non-Compliant"; VariantName = "[No Variations]"
Change component parameters (AddParameter): Name = "ComponentLink1Description"; Value = "https://datasheet.octopart.com:443/RMCF0805FT10K0-Stackpole-Electronics-datasheet-182148065.pdf?src-supplier=IHS"; VariantName = "[No Variations]"
Change component parameters (AddParameter): Name = "ComponentLink1URL"; Value = "https://datasheet.octopart.com:443/RMCF0805FT10K0-Stackpole-Electronics-datasheet-182148065.pdf?src-supplier=IHS"; VariantName = "[No Variations]"
Change component parameters (AddParameter): Name = "ComponentLink2Description"; Value = "https://datasheet.octopart.com:443/RMCF0805FT10K0-Stackpole-Electronics-datasheet-12534581.pdf?src-supplier=Upverter"; VariantName = "[No Variations]"
Change component parameters (AddParameter): Name = "ComponentLink2URL"; Value = "https://datasheet.octopart.com:443/RMCF0805FT10K0-Stackpole-Electronics-datasheet-12534581.pdf?src-supplier=Upverter"; VariantName = "[No Variations]"
Change component parameters (AddParameter): Name = "ComponentLink3Description"; Value = "https://datasheet.octopart.com:443/RMCF0805FT10K0-Stackpole-Electronics-datasheet-12510902.pdf?src-supplier=Upverter"; VariantName = "[No Variations]"
Change component parameters (AddParameter): Name = "ComponentLink3URL"; Value = "https://datasheet.octopart.com:443/RMCF0805FT10K0-Stackpole-Electronics-datasheet-12510902.pdf?src-supplier=Upverter"; VariantName = "[No Variations]"
Change component parameters (AddParameter): Name = "ComponentLink4Description"; Value = "https://datasheet.octopart.com:443/RMCF0805FT10K0-Stackpole-Electronics-datasheet-28504820.pdf?src-supplier=Master+Electronics"; VariantName = "[No Variations]"
Change component parameters (AddParameter): Name = "ComponentLink4URL"; Value = "https://datasheet.octopart.com:443/RMCF0805FT10K0-Stackpole-Electronics-datasheet-28504820.pdf?src-supplier=Master+Electronics"; VariantName = "[No Variations]"
Change component parameters (AddParameter): Name = "ComponentLink5Description"; Value = "https://datasheet.octopart.com:443/RMCF0805FT10K0-Stackpole-Electronics-datasheet-141193804.pdf?src-supplier=Stackpole+Electronics"; VariantName = "[No Variations]"
Change component parameters (AddParameter): Name = "ComponentLink5URL"; Value = "https://datasheet.octopart.com:443/RMCF0805FT10K0-Stackpole-Electronics-datasheet-141193804.pdf?src-supplier=Stackpole+Electronics"; VariantName = "[No Variations]"
Change component parameters (AddParameter): Name = "ComponentLink6Description"; Value = "https://datasheet.octopart.com:443/RMCF0805FT10K0-Stackpole-Electronics-datasheet-62091608.pdf?src-supplier=Stackpole+Electronics"; VariantName = "[No Variations]"
Change component parameters (AddParameter): Name = "ComponentLink6URL"; Value = "https://datasheet.octopart.com:443/RMCF0805FT10K0-Stackpole-Electronics-datasheet-62091608.pdf?src-supplier=Stackpole+Electronics"; VariantName = "[No Variations]"
Change component parameters (AddParameter): Name = "ComponentLink7Description"; Value = "https://datasheet.octopart.com:443/RMCF0805FT10K0-Stackpole-Electronics-datasheet-10788263.pdf?src-supplier=Stackpole+Electronics"; VariantName = "[No Variations]"
Change component parameters (AddParameter): Name = "ComponentLink7URL"; Value = "https://datasheet.octopart.com:443/RMCF0805FT10K0-Stackpole-Electronics-datasheet-10788263.pdf?src-supplier=Stackpole+Electronics"; VariantName = "[No Variations]"
Change component parameters (AddParameter): Name = "ComponentLink8Description"; Value = "https://datasheet.octopart.com:443/RMCF0805FT10K0-Stackpole-Electronics-datasheet-154799224.pdf?src-supplier=JRH+Electronics"; VariantName = "[No Variations]"
Change component parameters (AddParameter): Name = "ComponentLink8URL"; Value = "https://datasheet.octopart.com:443/RMCF0805FT10K0-Stackpole-Electronics-datasheet-154799224.pdf?src-supplier=JRH+Electronics"; VariantName = "[No Variations]"
Change component parameters (AddParameter): Name = "ComponentLink9Description"; Value = "https://datasheet.octopart.com:443/RMCF0805FT10K0-Stackpole-Electronics-datasheet-11546843.pdf?src-supplier=Arrow+Electronics"; VariantName = "[No Variations]"
Change component parameters (AddParameter): Name = "ComponentLink9URL"; Value = "https://datasheet.octopart.com:443/RMCF0805FT10K0-Stackpole-Electronics-datasheet-11546843.pdf?src-supplier=Arrow+Electronics"; VariantName = "[No Variations]"
Change component parameters (AddParameter): Name = "ComponentLink10Description"; Value = "https://datasheet.octopart.com:443/RMCF0805FT10K0-Stackpole-Electronics-datasheet-11547379.pdf?src-supplier=Future+Electronics"; VariantName = "[No Variations]"
Change component parameters (AddParameter): Name = "ComponentLink10URL"; Value = "https://datasheet.octopart.com:443/RMCF0805FT10K0-Stackpole-Electronics-datasheet-11547379.pdf?src-supplier=Future+Electronics"; VariantName = "[No Variations]"
Change component parameters (AddParameter): Name = "ComponentLink11Description"; Value = "https://datasheet.octopart.com:443/RMCF0805FT10K0-Stackpole-Electronics-datasheet-8359789.pdf?src-supplier=Future+Electronics"; VariantName = "[No Variations]"
Change component parameters (AddParameter): Name = "ComponentLink11URL"; Value = "https://datasheet.octopart.com:443/RMCF0805FT10K0-Stackpole-Electronics-datasheet-8359789.pdf?src-supplier=Future+Electronics"; VariantName = "[No Variations]"
Change component parameters (AddParameter): Name = "ComponentLink12Description"; Value = "https://datasheet.octopart.com:443/RMCF0805FT10K0-Stackpole-Electronics-datasheet-8324226.pdf?src-supplier=Future+Electronics"; VariantName = "[No Variations]"
Change component parameters (AddParameter): Name = "ComponentLink12URL"; Value = "https://datasheet.octopart.com:443/RMCF0805FT10K0-Stackpole-Electronics-datasheet-8324226.pdf?src-supplier=Future+Electronics"; VariantName = "[No Variations]"
Change component parameters (AddParameter): Name = "ComponentLink13Description"; Value = "https://datasheet.octopart.com:443/RMCF0805FT10K0-Stackpole-Electronics-datasheet-8088878.pdf?src-supplier=Future+Electronics"; VariantName = "[No Variations]"
Change component parameters (AddParameter): Name = "ComponentLink13URL"; Value = "https://datasheet.octopart.com:443/RMCF0805FT10K0-Stackpole-Electronics-datasheet-8088878.pdf?src-supplier=Future+Electronics"; VariantName = "[No Variations]"
Change component parameters (AddParameter): Name = "ComponentLink14Description"; Value = "https://datasheet.octopart.com:443/RMCF0805FT10K0-Stackpole-Electronics-datasheet-5313682.pdf?src-supplier=Future+Electronics"; VariantName = "[No Variations]"
Change component parameters (AddParameter): Name = "ComponentLink14URL"; Value = "https://datasheet.octopart.com:443/RMCF0805FT10K0-Stackpole-Electronics-datasheet-5313682.pdf?src-supplier=Future+Electronics"; VariantName = "[No Variations]"
Change component parameters (AddParameter): Name = "ComponentLink15Description"; Value = "http://sigma.octopart.com:80/15940719/materials_sheet/Stackpole-Electronics-RMCF0805FT10K0.pdf?src-supplier=Compliance+Statements"; VariantName = "[No Variations]"
Change component parameters (AddParameter): Name = "ComponentLink15URL"; Value = "http://sigma.octopart.com:80/15940719/materials_sheet/Stackpole-Electronics-RMCF0805FT10K0.pdf?src-supplier=Compliance+Statements"; VariantName = "[No Variations]"
Change component parameters (AddParameter): Name = "ComponentLink16Description"; Value = "http://sigma.octopart.com:80/141158211/reach_statement/Stackpole-Electronics-RMCF0805FT10K0.pdf?src-supplier=Compliance+Statements"; VariantName = "[No Variations]"
Change component parameters (AddParameter): Name = "ComponentLink16URL"; Value = "http://sigma.octopart.com:80/141158211/reach_statement/Stackpole-Electronics-RMCF0805FT10K0.pdf?src-supplier=Compliance+Statements"; VariantName = "[No Variations]"
Change component parameters (AddParameter): Name = "ComponentLink17Description"; Value = "http://sigma.octopart.com:80/141158212/rohs_statement/Stackpole-Electronics-RMCF0805FT10K0.pdf?src-supplier=Compliance+Statements"; VariantName = "[No Variations]"
Change component parameters (AddParameter): Name = "ComponentLink17URL"; Value = "http://sigma.octopart.com:80/141158212/rohs_statement/Stackpole-Electronics-RMCF0805FT10K0.pdf?src-supplier=Compliance+Statements"; VariantName = "[No Variations]"
Change component parameters (AddParameter): Name = "Composition"; Value = "Thick Film"; VariantName = "[No Variations]"
Change component parameters (AddParameter): Name = "Contact Plating"; Value = "Tin"; VariantName = "[No Variations]"
Change component parameters (AddParameter): Name = "Depth"; Value = "1.25mm"; VariantName = "[No Variations]"
Change component parameters (AddParameter): Name = "Features"; Value = "Automotive AEC-Q200"; VariantName = "[No Variations]"
Change component parameters (AddParameter): Name = "Height"; Value = "500µm"; VariantName = "[No Variations]"
Change component parameters (AddParameter): Name = "Lead Free"; Value = "Lead Free"; VariantName = "[No Variations]"
Change component parameters (AddParameter): Name = "Length"; Value = "2mm"; VariantName = "[No Variations]"
Change component parameters (AddParameter): Name = "Lifecycle Status"; Value = "Production"; VariantName = "[No Variations]"
Change component parameters (AddParameter): Name = "Manufacturer"; Value = "Stackpole Electronics"; VariantName = "[No Variations]"
Change component parameters (AddParameter): Name = "Manufacturer Package Identifier"; Value = "0805 (2012 metric)"; VariantName = "[No Variations]"
Change component parameters (AddParameter): Name = "Manufacturer Part Number"; Value = "RMCF0805FT10K0"; VariantName = "[No Variations]"
Change component parameters (AddParameter): Name = "Max Operating Temperature"; Value = "155°C"; VariantName = "[No Variations]"
Change component parameters (AddParameter): Name = "Max Power Dissipation"; Value = "125mW"; VariantName = "[No Variations]"
Change component parameters (AddParameter): Name = "Military Standard"; Value = "Not"; VariantName = "[No Variations]"
Change component parameters (AddParameter): Name = "Min Operating Temperature"; Value = "-55°C"; VariantName = "[No Variations]"
Change component parameters (AddParameter): Name = "Mounting Technology"; Value = "Surface Mount"; VariantName = "[No Variations]"
Change component parameters (AddParameter): Name = "Number of Terminals"; Value = "2"; VariantName = "[No Variations]"
Change component parameters (AddParameter): Name = "Number of Terminations"; Value = "2"; VariantName = "[No Variations]"
Change component parameters (AddParameter): Name = "Packaging"; Value = "Cut Tape (CT)"; VariantName = "[No Variations]"
Change component parameters (AddParameter): Name = "Power Rating"; Value = "125mW"; VariantName = "[No Variations]"
Change component parameters (AddParameter): Name = "Pricing"; Value = "10000=0,0027, 25000=0,0027, 100000=0,0026, 150000=0,0025, 375000=0,0024 (USD)"; VariantName = "[No Variations]"
Change component parameters (AddParameter): Name = "Radiation Hardening"; Value = "No"; VariantName = "[No Variations]"
Change component parameters (AddParameter): Name = "Ratings"; Value = "AEC-Q200"; VariantName = "[No Variations]"
Change component parameters (AddParameter): Name = "REACH SVHC"; Value = "Yes"; VariantName = "[No Variations]"
Change component parameters (AddParameter): Name = "RoHS"; Value = "Compliant"; VariantName = "[No Variations]"
Change component parameters (AddParameter): Name = "Schedule B"; Value = "8533210045, 8533210045|8533210045, 8533210045|8533210045|8533210045, 8533210045|8533210045|8533210045|8533210045"; VariantName = "[No Variations]"
Change component parameters (AddParameter): Name = "Stock"; Value = "3170000"; VariantName = "[No Variations]"
Change component parameters (AddParameter): Name = "Supplier"; Value = "Future Electronics"; VariantName = "[No Variations]"
Change component parameters (AddParameter): Name = "Supplier Part Number"; Value = "RMCF0805FT10K0"; VariantName = "[No Variations]"
Change component parameters (AddParameter): Name = "Temperature Coefficient"; Value = "100ppm/°C"; VariantName = "[No Variations]"
Change component parameters (AddParameter): Name = "Tolerance"; Value = "1%"; VariantName = "[No Variations]"
Change component parameters (AddParameter): Name = "Value"; Value = "10kO"; VariantName = "[No Variations]"
Change component parameters (AddParameter): Name = "Voltage Rating"; Value = "150V"; VariantName = "[No Variations]"
Change component parameters (AddParameter): Name = "Width"; Value = "1.25mm"; VariantName = "[No Variations]"
Change component parameters (AddParameter): Name = "Working Voltage"; Value = "150V"; VariantName = "[No Variations]"
Change component parameters: Designator = "R15" ("R15"); Footprint = "R0402 - IronSolder"; UniqueID = "\WYQZSVIL" ("\WYQZSVIL")
Change component parameters (AddParameter): Name = ".Mounting"; Value = "SMD"; VariantName = "[No Variations]"
Change component parameters (AddParameter): Name = ".PCBChecked"; Value = ""; VariantName = "[No Variations]"
Change component parameters (AddParameter): Name = ".SCHChecked"; Value = ""; VariantName = "[No Variations]"
Change component parameters (AddParameter): Name = "Case Code (Imperial)"; Value = "0805"; VariantName = "[No Variations]"
Change component parameters (AddParameter): Name = "Case Code (Metric)"; Value = "2012"; VariantName = "[No Variations]"
Change component parameters (AddParameter): Name = "Case/Package"; Value = "0805"; VariantName = "[No Variations]"
Change component parameters (AddParameter): Name = "Category"; Value = "Chip SMD Resistors"; VariantName = "[No Variations]"
Change component parameters (AddParameter): Name = "China RoHS"; Value = "Non-Compliant"; VariantName = "[No Variations]"
Change component parameters (AddParameter): Name = "ComponentLink1Description"; Value = "https://datasheet.octopart.com:443/RMCF0805FT10K0-Stackpole-Electronics-datasheet-182148065.pdf?src-supplier=IHS"; VariantName = "[No Variations]"
Change component parameters (AddParameter): Name = "ComponentLink1URL"; Value = "https://datasheet.octopart.com:443/RMCF0805FT10K0-Stackpole-Electronics-datasheet-182148065.pdf?src-supplier=IHS"; VariantName = "[No Variations]"
Change component parameters (AddParameter): Name = "ComponentLink2Description"; Value = "https://datasheet.octopart.com:443/RMCF0805FT10K0-Stackpole-Electronics-datasheet-12534581.pdf?src-supplier=Upverter"; VariantName = "[No Variations]"
Change component parameters (AddParameter): Name = "ComponentLink2URL"; Value = "https://datasheet.octopart.com:443/RMCF0805FT10K0-Stackpole-Electronics-datasheet-12534581.pdf?src-supplier=Upverter"; VariantName = "[No Variations]"
Change component parameters (AddParameter): Name = "ComponentLink3Description"; Value = "https://datasheet.octopart.com:443/RMCF0805FT10K0-Stackpole-Electronics-datasheet-12510902.pdf?src-supplier=Upverter"; VariantName = "[No Variations]"
Change component parameters (AddParameter): Name = "ComponentLink3URL"; Value = "https://datasheet.octopart.com:443/RMCF0805FT10K0-Stackpole-Electronics-datasheet-12510902.pdf?src-supplier=Upverter"; VariantName = "[No Variations]"
Change component parameters (AddParameter): Name = "ComponentLink4Description"; Value = "https://datasheet.octopart.com:443/RMCF0805FT10K0-Stackpole-Electronics-datasheet-28504820.pdf?src-supplier=Master+Electronics"; VariantName = "[No Variations]"
Change component parameters (AddParameter): Name = "ComponentLink4URL"; Value = "https://datasheet.octopart.com:443/RMCF0805FT10K0-Stackpole-Electronics-datasheet-28504820.pdf?src-supplier=Master+Electronics"; VariantName = "[No Variations]"
Change component parameters (AddParameter): Name = "ComponentLink5Description"; Value = "https://datasheet.octopart.com:443/RMCF0805FT10K0-Stackpole-Electronics-datasheet-141193804.pdf?src-supplier=Stackpole+Electronics"; VariantName = "[No Variations]"
Change component parameters (AddParameter): Name = "ComponentLink5URL"; Value = "https://datasheet.octopart.com:443/RMCF0805FT10K0-Stackpole-Electronics-datasheet-141193804.pdf?src-supplier=Stackpole+Electronics"; VariantName = "[No Variations]"
Change component parameters (AddParameter): Name = "ComponentLink6Description"; Value = "https://datasheet.octopart.com:443/RMCF0805FT10K0-Stackpole-Electronics-datasheet-62091608.pdf?src-supplier=Stackpole+Electronics"; VariantName = "[No Variations]"
Change component parameters (AddParameter): Name = "ComponentLink6URL"; Value = "https://datasheet.octopart.com:443/RMCF0805FT10K0-Stackpole-Electronics-datasheet-62091608.pdf?src-supplier=Stackpole+Electronics"; VariantName = "[No Variations]"
Change component parameters (AddParameter): Name = "ComponentLink7Description"; Value = "https://datasheet.octopart.com:443/RMCF0805FT10K0-Stackpole-Electronics-datasheet-10788263.pdf?src-supplier=Stackpole+Electronics"; VariantName = "[No Variations]"
Change component parameters (AddParameter): Name = "ComponentLink7URL"; Value = "https://datasheet.octopart.com:443/RMCF0805FT10K0-Stackpole-Electronics-datasheet-10788263.pdf?src-supplier=Stackpole+Electronics"; VariantName = "[No Variations]"
Change component parameters (AddParameter): Name = "ComponentLink8Description"; Value = "https://datasheet.octopart.com:443/RMCF0805FT10K0-Stackpole-Electronics-datasheet-154799224.pdf?src-supplier=JRH+Electronics"; VariantName = "[No Variations]"
Change component parameters (AddParameter): Name = "ComponentLink8URL"; Value = "https://datasheet.octopart.com:443/RMCF0805FT10K0-Stackpole-Electronics-datasheet-154799224.pdf?src-supplier=JRH+Electronics"; VariantName = "[No Variations]"
Change component parameters (AddParameter): Name = "ComponentLink9Description"; Value = "https://datasheet.octopart.com:443/RMCF0805FT10K0-Stackpole-Electronics-datasheet-11546843.pdf?src-supplier=Arrow+Electronics"; VariantName = "[No Variations]"
Change component parameters (AddParameter): Name = "ComponentLink9URL"; Value = "https://datasheet.octopart.com:443/RMCF0805FT10K0-Stackpole-Electronics-datasheet-11546843.pdf?src-supplier=Arrow+Electronics"; VariantName = "[No Variations]"
Change component parameters (AddParameter): Name = "ComponentLink10Description"; Value = "https://datasheet.octopart.com:443/RMCF0805FT10K0-Stackpole-Electronics-datasheet-11547379.pdf?src-supplier=Future+Electronics"; VariantName = "[No Variations]"
Change component parameters (AddParameter): Name = "ComponentLink10URL"; Value = "https://datasheet.octopart.com:443/RMCF0805FT10K0-Stackpole-Electronics-datasheet-11547379.pdf?src-supplier=Future+Electronics"; VariantName = "[No Variations]"
Change component parameters (AddParameter): Name = "ComponentLink11Description"; Value = "https://datasheet.octopart.com:443/RMCF0805FT10K0-Stackpole-Electronics-datasheet-8359789.pdf?src-supplier=Future+Electronics"; VariantName = "[No Variations]"
Change component parameters (AddParameter): Name = "ComponentLink11URL"; Value = "https://datasheet.octopart.com:443/RMCF0805FT10K0-Stackpole-Electronics-datasheet-8359789.pdf?src-supplier=Future+Electronics"; VariantName = "[No Variations]"
Change component parameters (AddParameter): Name = "ComponentLink12Description"; Value = "https://datasheet.octopart.com:443/RMCF0805FT10K0-Stackpole-Electronics-datasheet-8324226.pdf?src-supplier=Future+Electronics"; VariantName = "[No Variations]"
Change component parameters (AddParameter): Name = "ComponentLink12URL"; Value = "https://datasheet.octopart.com:443/RMCF0805FT10K0-Stackpole-Electronics-datasheet-8324226.pdf?src-supplier=Future+Electronics"; VariantName = "[No Variations]"
Change component parameters (AddParameter): Name = "ComponentLink13Description"; Value = "https://datasheet.octopart.com:443/RMCF0805FT10K0-Stackpole-Electronics-datasheet-8088878.pdf?src-supplier=Future+Electronics"; VariantName = "[No Variations]"
Change component parameters (AddParameter): Name = "ComponentLink13URL"; Value = "https://datasheet.octopart.com:443/RMCF0805FT10K0-Stackpole-Electronics-datasheet-8088878.pdf?src-supplier=Future+Electronics"; VariantName = "[No Variations]"
Change component parameters (AddParameter): Name = "ComponentLink14Description"; Value = "https://datasheet.octopart.com:443/RMCF0805FT10K0-Stackpole-Electronics-datasheet-5313682.pdf?src-supplier=Future+Electronics"; VariantName = "[No Variations]"
Change component parameters (AddParameter): Name = "ComponentLink14URL"; Value = "https://datasheet.octopart.com:443/RMCF0805FT10K0-Stackpole-Electronics-datasheet-5313682.pdf?src-supplier=Future+Electronics"; VariantName = "[No Variations]"
Change component parameters (AddParameter): Name = "ComponentLink15Description"; Value = "http://sigma.octopart.com:80/15940719/materials_sheet/Stackpole-Electronics-RMCF0805FT10K0.pdf?src-supplier=Compliance+Statements"; VariantName = "[No Variations]"
Change component parameters (AddParameter): Name = "ComponentLink15URL"; Value = "http://sigma.octopart.com:80/15940719/materials_sheet/Stackpole-Electronics-RMCF0805FT10K0.pdf?src-supplier=Compliance+Statements"; VariantName = "[No Variations]"
Change component parameters (AddParameter): Name = "ComponentLink16Description"; Value = "http://sigma.octopart.com:80/141158211/reach_statement/Stackpole-Electronics-RMCF0805FT10K0.pdf?src-supplier=Compliance+Statements"; VariantName = "[No Variations]"
Change component parameters (AddParameter): Name = "ComponentLink16URL"; Value = "http://sigma.octopart.com:80/141158211/reach_statement/Stackpole-Electronics-RMCF0805FT10K0.pdf?src-supplier=Compliance+Statements"; VariantName = "[No Variations]"
Change component parameters (AddParameter): Name = "ComponentLink17Description"; Value = "http://sigma.octopart.com:80/141158212/rohs_statement/Stackpole-Electronics-RMCF0805FT10K0.pdf?src-supplier=Compliance+Statements"; VariantName = "[No Variations]"
Change component parameters (AddParameter): Name = "ComponentLink17URL"; Value = "http://sigma.octopart.com:80/141158212/rohs_statement/Stackpole-Electronics-RMCF0805FT10K0.pdf?src-supplier=Compliance+Statements"; VariantName = "[No Variations]"
Change component parameters (AddParameter): Name = "Composition"; Value = "Thick Film"; VariantName = "[No Variations]"
Change component parameters (AddParameter): Name = "Contact Plating"; Value = "Tin"; VariantName = "[No Variations]"
Change component parameters (AddParameter): Name = "Depth"; Value = "1.25mm"; VariantName = "[No Variations]"
Change component parameters (AddParameter): Name = "Features"; Value = "Automotive AEC-Q200"; VariantName = "[No Variations]"
Change component parameters (AddParameter): Name = "Height"; Value = "500µm"; VariantName = "[No Variations]"
Change component parameters (AddParameter): Name = "Lead Free"; Value = "Lead Free"; VariantName = "[No Variations]"
Change component parameters (AddParameter): Name = "Length"; Value = "2mm"; VariantName = "[No Variations]"
Change component parameters (AddParameter): Name = "Lifecycle Status"; Value = "Production"; VariantName = "[No Variations]"
Change component parameters (AddParameter): Name = "Manufacturer"; Value = "Stackpole Electronics"; VariantName = "[No Variations]"
Change component parameters (AddParameter): Name = "Manufacturer Package Identifier"; Value = "0805 (2012 metric)"; VariantName = "[No Variations]"
Change component parameters (AddParameter): Name = "Manufacturer Part Number"; Value = "RMCF0805FT10K0"; VariantName = "[No Variations]"
Change component parameters (AddParameter): Name = "Max Operating Temperature"; Value = "155°C"; VariantName = "[No Variations]"
Change component parameters (AddParameter): Name = "Max Power Dissipation"; Value = "125mW"; VariantName = "[No Variations]"
Change component parameters (AddParameter): Name = "Military Standard"; Value = "Not"; VariantName = "[No Variations]"
Change component parameters (AddParameter): Name = "Min Operating Temperature"; Value = "-55°C"; VariantName = "[No Variations]"
Change component parameters (AddParameter): Name = "Mounting Technology"; Value = "Surface Mount"; VariantName = "[No Variations]"
Change component parameters (AddParameter): Name = "Number of Terminals"; Value = "2"; VariantName = "[No Variations]"
Change component parameters (AddParameter): Name = "Number of Terminations"; Value = "2"; VariantName = "[No Variations]"
Change component parameters (AddParameter): Name = "Packaging"; Value = "Cut Tape (CT)"; VariantName = "[No Variations]"
Change component parameters (AddParameter): Name = "Power Rating"; Value = "125mW"; VariantName = "[No Variations]"
Change component parameters (AddParameter): Name = "Pricing"; Value = "10000=0,0027, 25000=0,0027, 100000=0,0026, 150000=0,0025, 375000=0,0024 (USD)"; VariantName = "[No Variations]"
Change component parameters (AddParameter): Name = "Radiation Hardening"; Value = "No"; VariantName = "[No Variations]"
Change component parameters (AddParameter): Name = "Ratings"; Value = "AEC-Q200"; VariantName = "[No Variations]"
Change component parameters (AddParameter): Name = "REACH SVHC"; Value = "Yes"; VariantName = "[No Variations]"
Change component parameters (AddParameter): Name = "RoHS"; Value = "Compliant"; VariantName = "[No Variations]"
Change component parameters (AddParameter): Name = "Schedule B"; Value = "8533210045, 8533210045|8533210045, 8533210045|8533210045|8533210045, 8533210045|8533210045|8533210045|8533210045"; VariantName = "[No Variations]"
Change component parameters (AddParameter): Name = "Stock"; Value = "3170000"; VariantName = "[No Variations]"
Change component parameters (AddParameter): Name = "Supplier"; Value = "Future Electronics"; VariantName = "[No Variations]"
Change component parameters (AddParameter): Name = "Supplier Part Number"; Value = "RMCF0805FT10K0"; VariantName = "[No Variations]"
Change component parameters (AddParameter): Name = "Temperature Coefficient"; Value = "100ppm/°C"; VariantName = "[No Variations]"
Change component parameters (AddParameter): Name = "Tolerance"; Value = "1%"; VariantName = "[No Variations]"
Change component parameters (AddParameter): Name = "Value"; Value = "10kO"; VariantName = "[No Variations]"
Change component parameters (AddParameter): Name = "Voltage Rating"; Value = "150V"; VariantName = "[No Variations]"
Change component parameters (AddParameter): Name = "Width"; Value = "1.25mm"; VariantName = "[No Variations]"
Change component parameters (AddParameter): Name = "Working Voltage"; Value = "150V"; VariantName = "[No Variations]"
Change component parameters: Designator = "R16" ("R16"); Footprint = "R0402 - IronSolder"; UniqueID = "\SHJLWQPQ" ("\SHJLWQPQ")
Change component parameters (AddParameter): Name = ".Mounting"; Value = "SMD"; VariantName = "[No Variations]"
Change component parameters (AddParameter): Name = ".PCBChecked"; Value = ""; VariantName = "[No Variations]"
Change component parameters (AddParameter): Name = ".SCHChecked"; Value = ""; VariantName = "[No Variations]"
Change component parameters (AddParameter): Name = "Case Code (Imperial)"; Value = "0805"; VariantName = "[No Variations]"
Change component parameters (AddParameter): Name = "Case Code (Metric)"; Value = "2012"; VariantName = "[No Variations]"
Change component parameters (AddParameter): Name = "Case/Package"; Value = "0805"; VariantName = "[No Variations]"
Change component parameters (AddParameter): Name = "Category"; Value = "Chip SMD Resistors"; VariantName = "[No Variations]"
Change component parameters (AddParameter): Name = "China RoHS"; Value = "Non-Compliant"; VariantName = "[No Variations]"
Change component parameters (AddParameter): Name = "ComponentLink1Description"; Value = "https://datasheet.octopart.com:443/RMCF0805FT10K0-Stackpole-Electronics-datasheet-182148065.pdf?src-supplier=IHS"; VariantName = "[No Variations]"
Change component parameters (AddParameter): Name = "ComponentLink1URL"; Value = "https://datasheet.octopart.com:443/RMCF0805FT10K0-Stackpole-Electronics-datasheet-182148065.pdf?src-supplier=IHS"; VariantName = "[No Variations]"
Change component parameters (AddParameter): Name = "ComponentLink2Description"; Value = "https://datasheet.octopart.com:443/RMCF0805FT10K0-Stackpole-Electronics-datasheet-12534581.pdf?src-supplier=Upverter"; VariantName = "[No Variations]"
Change component parameters (AddParameter): Name = "ComponentLink2URL"; Value = "https://datasheet.octopart.com:443/RMCF0805FT10K0-Stackpole-Electronics-datasheet-12534581.pdf?src-supplier=Upverter"; VariantName = "[No Variations]"
Change component parameters (AddParameter): Name = "ComponentLink3Description"; Value = "https://datasheet.octopart.com:443/RMCF0805FT10K0-Stackpole-Electronics-datasheet-12510902.pdf?src-supplier=Upverter"; VariantName = "[No Variations]"
Change component parameters (AddParameter): Name = "ComponentLink3URL"; Value = "https://datasheet.octopart.com:443/RMCF0805FT10K0-Stackpole-Electronics-datasheet-12510902.pdf?src-supplier=Upverter"; VariantName = "[No Variations]"
Change component parameters (AddParameter): Name = "ComponentLink4Description"; Value = "https://datasheet.octopart.com:443/RMCF0805FT10K0-Stackpole-Electronics-datasheet-28504820.pdf?src-supplier=Master+Electronics"; VariantName = "[No Variations]"
Change component parameters (AddParameter): Name = "ComponentLink4URL"; Value = "https://datasheet.octopart.com:443/RMCF0805FT10K0-Stackpole-Electronics-datasheet-28504820.pdf?src-supplier=Master+Electronics"; VariantName = "[No Variations]"
Change component parameters (AddParameter): Name = "ComponentLink5Description"; Value = "https://datasheet.octopart.com:443/RMCF0805FT10K0-Stackpole-Electronics-datasheet-141193804.pdf?src-supplier=Stackpole+Electronics"; VariantName = "[No Variations]"
Change component parameters (AddParameter): Name = "ComponentLink5URL"; Value = "https://datasheet.octopart.com:443/RMCF0805FT10K0-Stackpole-Electronics-datasheet-141193804.pdf?src-supplier=Stackpole+Electronics"; VariantName = "[No Variations]"
Change component parameters (AddParameter): Name = "ComponentLink6Description"; Value = "https://datasheet.octopart.com:443/RMCF0805FT10K0-Stackpole-Electronics-datasheet-62091608.pdf?src-supplier=Stackpole+Electronics"; VariantName = "[No Variations]"
Change component parameters (AddParameter): Name = "ComponentLink6URL"; Value = "https://datasheet.octopart.com:443/RMCF0805FT10K0-Stackpole-Electronics-datasheet-62091608.pdf?src-supplier=Stackpole+Electronics"; VariantName = "[No Variations]"
Change component parameters (AddParameter): Name = "ComponentLink7Description"; Value = "https://datasheet.octopart.com:443/RMCF0805FT10K0-Stackpole-Electronics-datasheet-10788263.pdf?src-supplier=Stackpole+Electronics"; VariantName = "[No Variations]"
Change component parameters (AddParameter): Name = "ComponentLink7URL"; Value = "https://datasheet.octopart.com:443/RMCF0805FT10K0-Stackpole-Electronics-datasheet-10788263.pdf?src-supplier=Stackpole+Electronics"; VariantName = "[No Variations]"
Change component parameters (AddParameter): Name = "ComponentLink8Description"; Value = "https://datasheet.octopart.com:443/RMCF0805FT10K0-Stackpole-Electronics-datasheet-154799224.pdf?src-supplier=JRH+Electronics"; VariantName = "[No Variations]"
Change component parameters (AddParameter): Name = "ComponentLink8URL"; Value = "https://datasheet.octopart.com:443/RMCF0805FT10K0-Stackpole-Electronics-datasheet-154799224.pdf?src-supplier=JRH+Electronics"; VariantName = "[No Variations]"
Change component parameters (AddParameter): Name = "ComponentLink9Description"; Value = "https://datasheet.octopart.com:443/RMCF0805FT10K0-Stackpole-Electronics-datasheet-11546843.pdf?src-supplier=Arrow+Electronics"; VariantName = "[No Variations]"
Change component parameters (AddParameter): Name = "ComponentLink9URL"; Value = "https://datasheet.octopart.com:443/RMCF0805FT10K0-Stackpole-Electronics-datasheet-11546843.pdf?src-supplier=Arrow+Electronics"; VariantName = "[No Variations]"
Change component parameters (AddParameter): Name = "ComponentLink10Description"; Value = "https://datasheet.octopart.com:443/RMCF0805FT10K0-Stackpole-Electronics-datasheet-11547379.pdf?src-supplier=Future+Electronics"; VariantName = "[No Variations]"
Change component parameters (AddParameter): Name = "ComponentLink10URL"; Value = "https://datasheet.octopart.com:443/RMCF0805FT10K0-Stackpole-Electronics-datasheet-11547379.pdf?src-supplier=Future+Electronics"; VariantName = "[No Variations]"
Change component parameters (AddParameter): Name = "ComponentLink11Description"; Value = "https://datasheet.octopart.com:443/RMCF0805FT10K0-Stackpole-Electronics-datasheet-8359789.pdf?src-supplier=Future+Electronics"; VariantName = "[No Variations]"
Change component parameters (AddParameter): Name = "ComponentLink11URL"; Value = "https://datasheet.octopart.com:443/RMCF0805FT10K0-Stackpole-Electronics-datasheet-8359789.pdf?src-supplier=Future+Electronics"; VariantName = "[No Variations]"
Change component parameters (AddParameter): Name = "ComponentLink12Description"; Value = "https://datasheet.octopart.com:443/RMCF0805FT10K0-Stackpole-Electronics-datasheet-8324226.pdf?src-supplier=Future+Electronics"; VariantName = "[No Variations]"
Change component parameters (AddParameter): Name = "ComponentLink12URL"; Value = "https://datasheet.octopart.com:443/RMCF0805FT10K0-Stackpole-Electronics-datasheet-8324226.pdf?src-supplier=Future+Electronics"; VariantName = "[No Variations]"
Change component parameters (AddParameter): Name = "ComponentLink13Description"; Value = "https://datasheet.octopart.com:443/RMCF0805FT10K0-Stackpole-Electronics-datasheet-8088878.pdf?src-supplier=Future+Electronics"; VariantName = "[No Variations]"
Change component parameters (AddParameter): Name = "ComponentLink13URL"; Value = "https://datasheet.octopart.com:443/RMCF0805FT10K0-Stackpole-Electronics-datasheet-8088878.pdf?src-supplier=Future+Electronics"; VariantName = "[No Variations]"
Change component parameters (AddParameter): Name = "ComponentLink14Description"; Value = "https://datasheet.octopart.com:443/RMCF0805FT10K0-Stackpole-Electronics-datasheet-5313682.pdf?src-supplier=Future+Electronics"; VariantName = "[No Variations]"
Change component parameters (AddParameter): Name = "ComponentLink14URL"; Value = "https://datasheet.octopart.com:443/RMCF0805FT10K0-Stackpole-Electronics-datasheet-5313682.pdf?src-supplier=Future+Electronics"; VariantName = "[No Variations]"
Change component parameters (AddParameter): Name = "ComponentLink15Description"; Value = "http://sigma.octopart.com:80/15940719/materials_sheet/Stackpole-Electronics-RMCF0805FT10K0.pdf?src-supplier=Compliance+Statements"; VariantName = "[No Variations]"
Change component parameters (AddParameter): Name = "ComponentLink15URL"; Value = "http://sigma.octopart.com:80/15940719/materials_sheet/Stackpole-Electronics-RMCF0805FT10K0.pdf?src-supplier=Compliance+Statements"; VariantName = "[No Variations]"
Change component parameters (AddParameter): Name = "ComponentLink16Description"; Value = "http://sigma.octopart.com:80/141158211/reach_statement/Stackpole-Electronics-RMCF0805FT10K0.pdf?src-supplier=Compliance+Statements"; VariantName = "[No Variations]"
Change component parameters (AddParameter): Name = "ComponentLink16URL"; Value = "http://sigma.octopart.com:80/141158211/reach_statement/Stackpole-Electronics-RMCF0805FT10K0.pdf?src-supplier=Compliance+Statements"; VariantName = "[No Variations]"
Change component parameters (AddParameter): Name = "ComponentLink17Description"; Value = "http://sigma.octopart.com:80/141158212/rohs_statement/Stackpole-Electronics-RMCF0805FT10K0.pdf?src-supplier=Compliance+Statements"; VariantName = "[No Variations]"
Change component parameters (AddParameter): Name = "ComponentLink17URL"; Value = "http://sigma.octopart.com:80/141158212/rohs_statement/Stackpole-Electronics-RMCF0805FT10K0.pdf?src-supplier=Compliance+Statements"; VariantName = "[No Variations]"
Change component parameters (AddParameter): Name = "Composition"; Value = "Thick Film"; VariantName = "[No Variations]"
Change component parameters (AddParameter): Name = "Contact Plating"; Value = "Tin"; VariantName = "[No Variations]"
Change component parameters (AddParameter): Name = "Depth"; Value = "1.25mm"; VariantName = "[No Variations]"
Change component parameters (AddParameter): Name = "Features"; Value = "Automotive AEC-Q200"; VariantName = "[No Variations]"
Change component parameters (AddParameter): Name = "Height"; Value = "500µm"; VariantName = "[No Variations]"
Change component parameters (AddParameter): Name = "Lead Free"; Value = "Lead Free"; VariantName = "[No Variations]"
Change component parameters (AddParameter): Name = "Length"; Value = "2mm"; VariantName = "[No Variations]"
Change component parameters (AddParameter): Name = "Lifecycle Status"; Value = "Production"; VariantName = "[No Variations]"
Change component parameters (AddParameter): Name = "Manufacturer"; Value = "Stackpole Electronics"; VariantName = "[No Variations]"
Change component parameters (AddParameter): Name = "Manufacturer Package Identifier"; Value = "0805 (2012 metric)"; VariantName = "[No Variations]"
Change component parameters (AddParameter): Name = "Manufacturer Part Number"; Value = "RMCF0805FT10K0"; VariantName = "[No Variations]"
Change component parameters (AddParameter): Name = "Max Operating Temperature"; Value = "155°C"; VariantName = "[No Variations]"
Change component parameters (AddParameter): Name = "Max Power Dissipation"; Value = "125mW"; VariantName = "[No Variations]"
Change component parameters (AddParameter): Name = "Military Standard"; Value = "Not"; VariantName = "[No Variations]"
Change component parameters (AddParameter): Name = "Min Operating Temperature"; Value = "-55°C"; VariantName = "[No Variations]"
Change component parameters (AddParameter): Name = "Mounting Technology"; Value = "Surface Mount"; VariantName = "[No Variations]"
Change component parameters (AddParameter): Name = "Number of Terminals"; Value = "2"; VariantName = "[No Variations]"
Change component parameters (AddParameter): Name = "Number of Terminations"; Value = "2"; VariantName = "[No Variations]"
Change component parameters (AddParameter): Name = "Packaging"; Value = "Cut Tape (CT)"; VariantName = "[No Variations]"
Change component parameters (AddParameter): Name = "Power Rating"; Value = "125mW"; VariantName = "[No Variations]"
Change component parameters (AddParameter): Name = "Pricing"; Value = "10000=0,0027, 25000=0,0027, 100000=0,0026, 150000=0,0025, 375000=0,0024 (USD)"; VariantName = "[No Variations]"
Change component parameters (AddParameter): Name = "Radiation Hardening"; Value = "No"; VariantName = "[No Variations]"
Change component parameters (AddParameter): Name = "Ratings"; Value = "AEC-Q200"; VariantName = "[No Variations]"
Change component parameters (AddParameter): Name = "REACH SVHC"; Value = "Yes"; VariantName = "[No Variations]"
Change component parameters (AddParameter): Name = "RoHS"; Value = "Compliant"; VariantName = "[No Variations]"
Change component parameters (AddParameter): Name = "Schedule B"; Value = "8533210045, 8533210045|8533210045, 8533210045|8533210045|8533210045, 8533210045|8533210045|8533210045|8533210045"; VariantName = "[No Variations]"
Change component parameters (AddParameter): Name = "Stock"; Value = "3170000"; VariantName = "[No Variations]"
Change component parameters (AddParameter): Name = "Supplier"; Value = "Future Electronics"; VariantName = "[No Variations]"
Change component parameters (AddParameter): Name = "Supplier Part Number"; Value = "RMCF0805FT10K0"; VariantName = "[No Variations]"
Change component parameters (AddParameter): Name = "Temperature Coefficient"; Value = "100ppm/°C"; VariantName = "[No Variations]"
Change component parameters (AddParameter): Name = "Tolerance"; Value = "1%"; VariantName = "[No Variations]"
Change component parameters (AddParameter): Name = "Value"; Value = "10kO"; VariantName = "[No Variations]"
Change component parameters (AddParameter): Name = "Voltage Rating"; Value = "150V"; VariantName = "[No Variations]"
Change component parameters (AddParameter): Name = "Width"; Value = "1.25mm"; VariantName = "[No Variations]"
Change component parameters (AddParameter): Name = "Working Voltage"; Value = "150V"; VariantName = "[No Variations]"
Change component parameters: Designator = "R17" ("R17"); Footprint = "R0402 - IronSolder"; UniqueID = "\LBQPTHHH" ("\LBQPTHHH")
Change component parameters (AddParameter): Name = ".Mounting"; Value = "SMD"; VariantName = "[No Variations]"
Change component parameters (AddParameter): Name = ".PCBChecked"; Value = ""; VariantName = "[No Variations]"
Change component parameters (AddParameter): Name = ".SCHChecked"; Value = ""; VariantName = "[No Variations]"
Change component parameters (AddParameter): Name = "Case Code (Imperial)"; Value = "0805"; VariantName = "[No Variations]"
Change component parameters (AddParameter): Name = "Case Code (Metric)"; Value = "2012"; VariantName = "[No Variations]"
Change component parameters (AddParameter): Name = "Case/Package"; Value = "0805"; VariantName = "[No Variations]"
Change component parameters (AddParameter): Name = "Category"; Value = "Chip SMD Resistors"; VariantName = "[No Variations]"
Change component parameters (AddParameter): Name = "China RoHS"; Value = "Non-Compliant"; VariantName = "[No Variations]"
Change component parameters (AddParameter): Name = "ComponentLink1Description"; Value = "https://datasheet.octopart.com:443/RMCF0805FT10K0-Stackpole-Electronics-datasheet-182148065.pdf?src-supplier=IHS"; VariantName = "[No Variations]"
Change component parameters (AddParameter): Name = "ComponentLink1URL"; Value = "https://datasheet.octopart.com:443/RMCF0805FT10K0-Stackpole-Electronics-datasheet-182148065.pdf?src-supplier=IHS"; VariantName = "[No Variations]"
Change component parameters (AddParameter): Name = "ComponentLink2Description"; Value = "https://datasheet.octopart.com:443/RMCF0805FT10K0-Stackpole-Electronics-datasheet-12534581.pdf?src-supplier=Upverter"; VariantName = "[No Variations]"
Change component parameters (AddParameter): Name = "ComponentLink2URL"; Value = "https://datasheet.octopart.com:443/RMCF0805FT10K0-Stackpole-Electronics-datasheet-12534581.pdf?src-supplier=Upverter"; VariantName = "[No Variations]"
Change component parameters (AddParameter): Name = "ComponentLink3Description"; Value = "https://datasheet.octopart.com:443/RMCF0805FT10K0-Stackpole-Electronics-datasheet-12510902.pdf?src-supplier=Upverter"; VariantName = "[No Variations]"
Change component parameters (AddParameter): Name = "ComponentLink3URL"; Value = "https://datasheet.octopart.com:443/RMCF0805FT10K0-Stackpole-Electronics-datasheet-12510902.pdf?src-supplier=Upverter"; VariantName = "[No Variations]"
Change component parameters (AddParameter): Name = "ComponentLink4Description"; Value = "https://datasheet.octopart.com:443/RMCF0805FT10K0-Stackpole-Electronics-datasheet-28504820.pdf?src-supplier=Master+Electronics"; VariantName = "[No Variations]"
Change component parameters (AddParameter): Name = "ComponentLink4URL"; Value = "https://datasheet.octopart.com:443/RMCF0805FT10K0-Stackpole-Electronics-datasheet-28504820.pdf?src-supplier=Master+Electronics"; VariantName = "[No Variations]"
Change component parameters (AddParameter): Name = "ComponentLink5Description"; Value = "https://datasheet.octopart.com:443/RMCF0805FT10K0-Stackpole-Electronics-datasheet-141193804.pdf?src-supplier=Stackpole+Electronics"; VariantName = "[No Variations]"
Change component parameters (AddParameter): Name = "ComponentLink5URL"; Value = "https://datasheet.octopart.com:443/RMCF0805FT10K0-Stackpole-Electronics-datasheet-141193804.pdf?src-supplier=Stackpole+Electronics"; VariantName = "[No Variations]"
Change component parameters (AddParameter): Name = "ComponentLink6Description"; Value = "https://datasheet.octopart.com:443/RMCF0805FT10K0-Stackpole-Electronics-datasheet-62091608.pdf?src-supplier=Stackpole+Electronics"; VariantName = "[No Variations]"
Change component parameters (AddParameter): Name = "ComponentLink6URL"; Value = "https://datasheet.octopart.com:443/RMCF0805FT10K0-Stackpole-Electronics-datasheet-62091608.pdf?src-supplier=Stackpole+Electronics"; VariantName = "[No Variations]"
Change component parameters (AddParameter): Name = "ComponentLink7Description"; Value = "https://datasheet.octopart.com:443/RMCF0805FT10K0-Stackpole-Electronics-datasheet-10788263.pdf?src-supplier=Stackpole+Electronics"; VariantName = "[No Variations]"
Change component parameters (AddParameter): Name = "ComponentLink7URL"; Value = "https://datasheet.octopart.com:443/RMCF0805FT10K0-Stackpole-Electronics-datasheet-10788263.pdf?src-supplier=Stackpole+Electronics"; VariantName = "[No Variations]"
Change component parameters (AddParameter): Name = "ComponentLink8Description"; Value = "https://datasheet.octopart.com:443/RMCF0805FT10K0-Stackpole-Electronics-datasheet-154799224.pdf?src-supplier=JRH+Electronics"; VariantName = "[No Variations]"
Change component parameters (AddParameter): Name = "ComponentLink8URL"; Value = "https://datasheet.octopart.com:443/RMCF0805FT10K0-Stackpole-Electronics-datasheet-154799224.pdf?src-supplier=JRH+Electronics"; VariantName = "[No Variations]"
Change component parameters (AddParameter): Name = "ComponentLink9Description"; Value = "https://datasheet.octopart.com:443/RMCF0805FT10K0-Stackpole-Electronics-datasheet-11546843.pdf?src-supplier=Arrow+Electronics"; VariantName = "[No Variations]"
Change component parameters (AddParameter): Name = "ComponentLink9URL"; Value = "https://datasheet.octopart.com:443/RMCF0805FT10K0-Stackpole-Electronics-datasheet-11546843.pdf?src-supplier=Arrow+Electronics"; VariantName = "[No Variations]"
Change component parameters (AddParameter): Name = "ComponentLink10Description"; Value = "https://datasheet.octopart.com:443/RMCF0805FT10K0-Stackpole-Electronics-datasheet-11547379.pdf?src-supplier=Future+Electronics"; VariantName = "[No Variations]"
Change component parameters (AddParameter): Name = "ComponentLink10URL"; Value = "https://datasheet.octopart.com:443/RMCF0805FT10K0-Stackpole-Electronics-datasheet-11547379.pdf?src-supplier=Future+Electronics"; VariantName = "[No Variations]"
Change component parameters (AddParameter): Name = "ComponentLink11Description"; Value = "https://datasheet.octopart.com:443/RMCF0805FT10K0-Stackpole-Electronics-datasheet-8359789.pdf?src-supplier=Future+Electronics"; VariantName = "[No Variations]"
Change component parameters (AddParameter): Name = "ComponentLink11URL"; Value = "https://datasheet.octopart.com:443/RMCF0805FT10K0-Stackpole-Electronics-datasheet-8359789.pdf?src-supplier=Future+Electronics"; VariantName = "[No Variations]"
Change component parameters (AddParameter): Name = "ComponentLink12Description"; Value = "https://datasheet.octopart.com:443/RMCF0805FT10K0-Stackpole-Electronics-datasheet-8324226.pdf?src-supplier=Future+Electronics"; VariantName = "[No Variations]"
Change component parameters (AddParameter): Name = "ComponentLink12URL"; Value = "https://datasheet.octopart.com:443/RMCF0805FT10K0-Stackpole-Electronics-datasheet-8324226.pdf?src-supplier=Future+Electronics"; VariantName = "[No Variations]"
Change component parameters (AddParameter): Name = "ComponentLink13Description"; Value = "https://datasheet.octopart.com:443/RMCF0805FT10K0-Stackpole-Electronics-datasheet-8088878.pdf?src-supplier=Future+Electronics"; VariantName = "[No Variations]"
Change component parameters (AddParameter): Name = "ComponentLink13URL"; Value = "https://datasheet.octopart.com:443/RMCF0805FT10K0-Stackpole-Electronics-datasheet-8088878.pdf?src-supplier=Future+Electronics"; VariantName = "[No Variations]"
Change component parameters (AddParameter): Name = "ComponentLink14Description"; Value = "https://datasheet.octopart.com:443/RMCF0805FT10K0-Stackpole-Electronics-datasheet-5313682.pdf?src-supplier=Future+Electronics"; VariantName = "[No Variations]"
Change component parameters (AddParameter): Name = "ComponentLink14URL"; Value = "https://datasheet.octopart.com:443/RMCF0805FT10K0-Stackpole-Electronics-datasheet-5313682.pdf?src-supplier=Future+Electronics"; VariantName = "[No Variations]"
Change component parameters (AddParameter): Name = "ComponentLink15Description"; Value = "http://sigma.octopart.com:80/15940719/materials_sheet/Stackpole-Electronics-RMCF0805FT10K0.pdf?src-supplier=Compliance+Statements"; VariantName = "[No Variations]"
Change component parameters (AddParameter): Name = "ComponentLink15URL"; Value = "http://sigma.octopart.com:80/15940719/materials_sheet/Stackpole-Electronics-RMCF0805FT10K0.pdf?src-supplier=Compliance+Statements"; VariantName = "[No Variations]"
Change component parameters (AddParameter): Name = "ComponentLink16Description"; Value = "http://sigma.octopart.com:80/141158211/reach_statement/Stackpole-Electronics-RMCF0805FT10K0.pdf?src-supplier=Compliance+Statements"; VariantName = "[No Variations]"
Change component parameters (AddParameter): Name = "ComponentLink16URL"; Value = "http://sigma.octopart.com:80/141158211/reach_statement/Stackpole-Electronics-RMCF0805FT10K0.pdf?src-supplier=Compliance+Statements"; VariantName = "[No Variations]"
Change component parameters (AddParameter): Name = "ComponentLink17Description"; Value = "http://sigma.octopart.com:80/141158212/rohs_statement/Stackpole-Electronics-RMCF0805FT10K0.pdf?src-supplier=Compliance+Statements"; VariantName = "[No Variations]"
Change component parameters (AddParameter): Name = "ComponentLink17URL"; Value = "http://sigma.octopart.com:80/141158212/rohs_statement/Stackpole-Electronics-RMCF0805FT10K0.pdf?src-supplier=Compliance+Statements"; VariantName = "[No Variations]"
Change component parameters (AddParameter): Name = "Composition"; Value = "Thick Film"; VariantName = "[No Variations]"
Change component parameters (AddParameter): Name = "Contact Plating"; Value = "Tin"; VariantName = "[No Variations]"
Change component parameters (AddParameter): Name = "Depth"; Value = "1.25mm"; VariantName = "[No Variations]"
Change component parameters (AddParameter): Name = "Features"; Value = "Automotive AEC-Q200"; VariantName = "[No Variations]"
Change component parameters (AddParameter): Name = "Height"; Value = "500µm"; VariantName = "[No Variations]"
Change component parameters (AddParameter): Name = "Lead Free"; Value = "Lead Free"; VariantName = "[No Variations]"
Change component parameters (AddParameter): Name = "Length"; Value = "2mm"; VariantName = "[No Variations]"
Change component parameters (AddParameter): Name = "Lifecycle Status"; Value = "Production"; VariantName = "[No Variations]"
Change component parameters (AddParameter): Name = "Manufacturer"; Value = "Stackpole Electronics"; VariantName = "[No Variations]"
Change component parameters (AddParameter): Name = "Manufacturer Package Identifier"; Value = "0805 (2012 metric)"; VariantName = "[No Variations]"
Change component parameters (AddParameter): Name = "Manufacturer Part Number"; Value = "RMCF0805FT10K0"; VariantName = "[No Variations]"
Change component parameters (AddParameter): Name = "Max Operating Temperature"; Value = "155°C"; VariantName = "[No Variations]"
Change component parameters (AddParameter): Name = "Max Power Dissipation"; Value = "125mW"; VariantName = "[No Variations]"
Change component parameters (AddParameter): Name = "Military Standard"; Value = "Not"; VariantName = "[No Variations]"
Change component parameters (AddParameter): Name = "Min Operating Temperature"; Value = "-55°C"; VariantName = "[No Variations]"
Change component parameters (AddParameter): Name = "Mounting Technology"; Value = "Surface Mount"; VariantName = "[No Variations]"
Change component parameters (AddParameter): Name = "Number of Terminals"; Value = "2"; VariantName = "[No Variations]"
Change component parameters (AddParameter): Name = "Number of Terminations"; Value = "2"; VariantName = "[No Variations]"
Change component parameters (AddParameter): Name = "Packaging"; Value = "Cut Tape (CT)"; VariantName = "[No Variations]"
Change component parameters (AddParameter): Name = "Power Rating"; Value = "125mW"; VariantName = "[No Variations]"
Change component parameters (AddParameter): Name = "Pricing"; Value = "10000=0,0027, 25000=0,0027, 100000=0,0026, 150000=0,0025, 375000=0,0024 (USD)"; VariantName = "[No Variations]"
Change component parameters (AddParameter): Name = "Radiation Hardening"; Value = "No"; VariantName = "[No Variations]"
Change component parameters (AddParameter): Name = "Ratings"; Value = "AEC-Q200"; VariantName = "[No Variations]"
Change component parameters (AddParameter): Name = "REACH SVHC"; Value = "Yes"; VariantName = "[No Variations]"
Change component parameters (AddParameter): Name = "RoHS"; Value = "Compliant"; VariantName = "[No Variations]"
Change component parameters (AddParameter): Name = "Schedule B"; Value = "8533210045, 8533210045|8533210045, 8533210045|8533210045|8533210045, 8533210045|8533210045|8533210045|8533210045"; VariantName = "[No Variations]"
Change component parameters (AddParameter): Name = "Stock"; Value = "3170000"; VariantName = "[No Variations]"
Change component parameters (AddParameter): Name = "Supplier"; Value = "Future Electronics"; VariantName = "[No Variations]"
Change component parameters (AddParameter): Name = "Supplier Part Number"; Value = "RMCF0805FT10K0"; VariantName = "[No Variations]"
Change component parameters (AddParameter): Name = "Temperature Coefficient"; Value = "100ppm/°C"; VariantName = "[No Variations]"
Change component parameters (AddParameter): Name = "Tolerance"; Value = "1%"; VariantName = "[No Variations]"
Change component parameters (AddParameter): Name = "Value"; Value = "10kO"; VariantName = "[No Variations]"
Change component parameters (AddParameter): Name = "Voltage Rating"; Value = "150V"; VariantName = "[No Variations]"
Change component parameters (AddParameter): Name = "Width"; Value = "1.25mm"; VariantName = "[No Variations]"
Change component parameters (AddParameter): Name = "Working Voltage"; Value = "150V"; VariantName = "[No Variations]"
Change component parameters: Designator = "R18" ("R18"); Footprint = "R0402 - IronSolder"; UniqueID = "\ADQTNGNT" ("\ADQTNGNT")
Change component parameters (AddParameter): Name = ".Mounting"; Value = "SMD"; VariantName = "[No Variations]"
Change component parameters (AddParameter): Name = ".PCBChecked"; Value = ""; VariantName = "[No Variations]"
Change component parameters (AddParameter): Name = ".SCHChecked"; Value = ""; VariantName = "[No Variations]"
Change component parameters (AddParameter): Name = "Case Code (Imperial)"; Value = "0805"; VariantName = "[No Variations]"
Change component parameters (AddParameter): Name = "Case Code (Metric)"; Value = "2012"; VariantName = "[No Variations]"
Change component parameters (AddParameter): Name = "Case/Package"; Value = "0805"; VariantName = "[No Variations]"
Change component parameters (AddParameter): Name = "Category"; Value = "Chip SMD Resistors"; VariantName = "[No Variations]"
Change component parameters (AddParameter): Name = "China RoHS"; Value = "Non-Compliant"; VariantName = "[No Variations]"
Change component parameters (AddParameter): Name = "ComponentLink1Description"; Value = "https://datasheet.octopart.com:443/RMCF0805FT10K0-Stackpole-Electronics-datasheet-182148065.pdf?src-supplier=IHS"; VariantName = "[No Variations]"
Change component parameters (AddParameter): Name = "ComponentLink1URL"; Value = "https://datasheet.octopart.com:443/RMCF0805FT10K0-Stackpole-Electronics-datasheet-182148065.pdf?src-supplier=IHS"; VariantName = "[No Variations]"
Change component parameters (AddParameter): Name = "ComponentLink2Description"; Value = "https://datasheet.octopart.com:443/RMCF0805FT10K0-Stackpole-Electronics-datasheet-12534581.pdf?src-supplier=Upverter"; VariantName = "[No Variations]"
Change component parameters (AddParameter): Name = "ComponentLink2URL"; Value = "https://datasheet.octopart.com:443/RMCF0805FT10K0-Stackpole-Electronics-datasheet-12534581.pdf?src-supplier=Upverter"; VariantName = "[No Variations]"
Change component parameters (AddParameter): Name = "ComponentLink3Description"; Value = "https://datasheet.octopart.com:443/RMCF0805FT10K0-Stackpole-Electronics-datasheet-12510902.pdf?src-supplier=Upverter"; VariantName = "[No Variations]"
Change component parameters (AddParameter): Name = "ComponentLink3URL"; Value = "https://datasheet.octopart.com:443/RMCF0805FT10K0-Stackpole-Electronics-datasheet-12510902.pdf?src-supplier=Upverter"; VariantName = "[No Variations]"
Change component parameters (AddParameter): Name = "ComponentLink4Description"; Value = "https://datasheet.octopart.com:443/RMCF0805FT10K0-Stackpole-Electronics-datasheet-28504820.pdf?src-supplier=Master+Electronics"; VariantName = "[No Variations]"
Change component parameters (AddParameter): Name = "ComponentLink4URL"; Value = "https://datasheet.octopart.com:443/RMCF0805FT10K0-Stackpole-Electronics-datasheet-28504820.pdf?src-supplier=Master+Electronics"; VariantName = "[No Variations]"
Change component parameters (AddParameter): Name = "ComponentLink5Description"; Value = "https://datasheet.octopart.com:443/RMCF0805FT10K0-Stackpole-Electronics-datasheet-141193804.pdf?src-supplier=Stackpole+Electronics"; VariantName = "[No Variations]"
Change component parameters (AddParameter): Name = "ComponentLink5URL"; Value = "https://datasheet.octopart.com:443/RMCF0805FT10K0-Stackpole-Electronics-datasheet-141193804.pdf?src-supplier=Stackpole+Electronics"; VariantName = "[No Variations]"
Change component parameters (AddParameter): Name = "ComponentLink6Description"; Value = "https://datasheet.octopart.com:443/RMCF0805FT10K0-Stackpole-Electronics-datasheet-62091608.pdf?src-supplier=Stackpole+Electronics"; VariantName = "[No Variations]"
Change component parameters (AddParameter): Name = "ComponentLink6URL"; Value = "https://datasheet.octopart.com:443/RMCF0805FT10K0-Stackpole-Electronics-datasheet-62091608.pdf?src-supplier=Stackpole+Electronics"; VariantName = "[No Variations]"
Change component parameters (AddParameter): Name = "ComponentLink7Description"; Value = "https://datasheet.octopart.com:443/RMCF0805FT10K0-Stackpole-Electronics-datasheet-10788263.pdf?src-supplier=Stackpole+Electronics"; VariantName = "[No Variations]"
Change component parameters (AddParameter): Name = "ComponentLink7URL"; Value = "https://datasheet.octopart.com:443/RMCF0805FT10K0-Stackpole-Electronics-datasheet-10788263.pdf?src-supplier=Stackpole+Electronics"; VariantName = "[No Variations]"
Change component parameters (AddParameter): Name = "ComponentLink8Description"; Value = "https://datasheet.octopart.com:443/RMCF0805FT10K0-Stackpole-Electronics-datasheet-154799224.pdf?src-supplier=JRH+Electronics"; VariantName = "[No Variations]"
Change component parameters (AddParameter): Name = "ComponentLink8URL"; Value = "https://datasheet.octopart.com:443/RMCF0805FT10K0-Stackpole-Electronics-datasheet-154799224.pdf?src-supplier=JRH+Electronics"; VariantName = "[No Variations]"
Change component parameters (AddParameter): Name = "ComponentLink9Description"; Value = "https://datasheet.octopart.com:443/RMCF0805FT10K0-Stackpole-Electronics-datasheet-11546843.pdf?src-supplier=Arrow+Electronics"; VariantName = "[No Variations]"
Change component parameters (AddParameter): Name = "ComponentLink9URL"; Value = "https://datasheet.octopart.com:443/RMCF0805FT10K0-Stackpole-Electronics-datasheet-11546843.pdf?src-supplier=Arrow+Electronics"; VariantName = "[No Variations]"
Change component parameters (AddParameter): Name = "ComponentLink10Description"; Value = "https://datasheet.octopart.com:443/RMCF0805FT10K0-Stackpole-Electronics-datasheet-11547379.pdf?src-supplier=Future+Electronics"; VariantName = "[No Variations]"
Change component parameters (AddParameter): Name = "ComponentLink10URL"; Value = "https://datasheet.octopart.com:443/RMCF0805FT10K0-Stackpole-Electronics-datasheet-11547379.pdf?src-supplier=Future+Electronics"; VariantName = "[No Variations]"
Change component parameters (AddParameter): Name = "ComponentLink11Description"; Value = "https://datasheet.octopart.com:443/RMCF0805FT10K0-Stackpole-Electronics-datasheet-8359789.pdf?src-supplier=Future+Electronics"; VariantName = "[No Variations]"
Change component parameters (AddParameter): Name = "ComponentLink11URL"; Value = "https://datasheet.octopart.com:443/RMCF0805FT10K0-Stackpole-Electronics-datasheet-8359789.pdf?src-supplier=Future+Electronics"; VariantName = "[No Variations]"
Change component parameters (AddParameter): Name = "ComponentLink12Description"; Value = "https://datasheet.octopart.com:443/RMCF0805FT10K0-Stackpole-Electronics-datasheet-8324226.pdf?src-supplier=Future+Electronics"; VariantName = "[No Variations]"
Change component parameters (AddParameter): Name = "ComponentLink12URL"; Value = "https://datasheet.octopart.com:443/RMCF0805FT10K0-Stackpole-Electronics-datasheet-8324226.pdf?src-supplier=Future+Electronics"; VariantName = "[No Variations]"
Change component parameters (AddParameter): Name = "ComponentLink13Description"; Value = "https://datasheet.octopart.com:443/RMCF0805FT10K0-Stackpole-Electronics-datasheet-8088878.pdf?src-supplier=Future+Electronics"; VariantName = "[No Variations]"
Change component parameters (AddParameter): Name = "ComponentLink13URL"; Value = "https://datasheet.octopart.com:443/RMCF0805FT10K0-Stackpole-Electronics-datasheet-8088878.pdf?src-supplier=Future+Electronics"; VariantName = "[No Variations]"
Change component parameters (AddParameter): Name = "ComponentLink14Description"; Value = "https://datasheet.octopart.com:443/RMCF0805FT10K0-Stackpole-Electronics-datasheet-5313682.pdf?src-supplier=Future+Electronics"; VariantName = "[No Variations]"
Change component parameters (AddParameter): Name = "ComponentLink14URL"; Value = "https://datasheet.octopart.com:443/RMCF0805FT10K0-Stackpole-Electronics-datasheet-5313682.pdf?src-supplier=Future+Electronics"; VariantName = "[No Variations]"
Change component parameters (AddParameter): Name = "ComponentLink15Description"; Value = "http://sigma.octopart.com:80/15940719/materials_sheet/Stackpole-Electronics-RMCF0805FT10K0.pdf?src-supplier=Compliance+Statements"; VariantName = "[No Variations]"
Change component parameters (AddParameter): Name = "ComponentLink15URL"; Value = "http://sigma.octopart.com:80/15940719/materials_sheet/Stackpole-Electronics-RMCF0805FT10K0.pdf?src-supplier=Compliance+Statements"; VariantName = "[No Variations]"
Change component parameters (AddParameter): Name = "ComponentLink16Description"; Value = "http://sigma.octopart.com:80/141158211/reach_statement/Stackpole-Electronics-RMCF0805FT10K0.pdf?src-supplier=Compliance+Statements"; VariantName = "[No Variations]"
Change component parameters (AddParameter): Name = "ComponentLink16URL"; Value = "http://sigma.octopart.com:80/141158211/reach_statement/Stackpole-Electronics-RMCF0805FT10K0.pdf?src-supplier=Compliance+Statements"; VariantName = "[No Variations]"
Change component parameters (AddParameter): Name = "ComponentLink17Description"; Value = "http://sigma.octopart.com:80/141158212/rohs_statement/Stackpole-Electronics-RMCF0805FT10K0.pdf?src-supplier=Compliance+Statements"; VariantName = "[No Variations]"
Change component parameters (AddParameter): Name = "ComponentLink17URL"; Value = "http://sigma.octopart.com:80/141158212/rohs_statement/Stackpole-Electronics-RMCF0805FT10K0.pdf?src-supplier=Compliance+Statements"; VariantName = "[No Variations]"
Change component parameters (AddParameter): Name = "Composition"; Value = "Thick Film"; VariantName = "[No Variations]"
Change component parameters (AddParameter): Name = "Contact Plating"; Value = "Tin"; VariantName = "[No Variations]"
Change component parameters (AddParameter): Name = "Depth"; Value = "1.25mm"; VariantName = "[No Variations]"
Change component parameters (AddParameter): Name = "Features"; Value = "Automotive AEC-Q200"; VariantName = "[No Variations]"
Change component parameters (AddParameter): Name = "Height"; Value = "500µm"; VariantName = "[No Variations]"
Change component parameters (AddParameter): Name = "Lead Free"; Value = "Lead Free"; VariantName = "[No Variations]"
Change component parameters (AddParameter): Name = "Length"; Value = "2mm"; VariantName = "[No Variations]"
Change component parameters (AddParameter): Name = "Lifecycle Status"; Value = "Production"; VariantName = "[No Variations]"
Change component parameters (AddParameter): Name = "Manufacturer"; Value = "Stackpole Electronics"; VariantName = "[No Variations]"
Change component parameters (AddParameter): Name = "Manufacturer Package Identifier"; Value = "0805 (2012 metric)"; VariantName = "[No Variations]"
Change component parameters (AddParameter): Name = "Manufacturer Part Number"; Value = "RMCF0805FT10K0"; VariantName = "[No Variations]"
Change component parameters (AddParameter): Name = "Max Operating Temperature"; Value = "155°C"; VariantName = "[No Variations]"
Change component parameters (AddParameter): Name = "Max Power Dissipation"; Value = "125mW"; VariantName = "[No Variations]"
Change component parameters (AddParameter): Name = "Military Standard"; Value = "Not"; VariantName = "[No Variations]"
Change component parameters (AddParameter): Name = "Min Operating Temperature"; Value = "-55°C"; VariantName = "[No Variations]"
Change component parameters (AddParameter): Name = "Mounting Technology"; Value = "Surface Mount"; VariantName = "[No Variations]"
Change component parameters (AddParameter): Name = "Number of Terminals"; Value = "2"; VariantName = "[No Variations]"
Change component parameters (AddParameter): Name = "Number of Terminations"; Value = "2"; VariantName = "[No Variations]"
Change component parameters (AddParameter): Name = "Packaging"; Value = "Cut Tape (CT)"; VariantName = "[No Variations]"
Change component parameters (AddParameter): Name = "Power Rating"; Value = "125mW"; VariantName = "[No Variations]"
Change component parameters (AddParameter): Name = "Pricing"; Value = "10000=0,0027, 25000=0,0027, 100000=0,0026, 150000=0,0025, 375000=0,0024 (USD)"; VariantName = "[No Variations]"
Change component parameters (AddParameter): Name = "Radiation Hardening"; Value = "No"; VariantName = "[No Variations]"
Change component parameters (AddParameter): Name = "Ratings"; Value = "AEC-Q200"; VariantName = "[No Variations]"
Change component parameters (AddParameter): Name = "REACH SVHC"; Value = "Yes"; VariantName = "[No Variations]"
Change component parameters (AddParameter): Name = "RoHS"; Value = "Compliant"; VariantName = "[No Variations]"
Change component parameters (AddParameter): Name = "Schedule B"; Value = "8533210045, 8533210045|8533210045, 8533210045|8533210045|8533210045, 8533210045|8533210045|8533210045|8533210045"; VariantName = "[No Variations]"
Change component parameters (AddParameter): Name = "Stock"; Value = "3170000"; VariantName = "[No Variations]"
Change component parameters (AddParameter): Name = "Supplier"; Value = "Future Electronics"; VariantName = "[No Variations]"
Change component parameters (AddParameter): Name = "Supplier Part Number"; Value = "RMCF0805FT10K0"; VariantName = "[No Variations]"
Change component parameters (AddParameter): Name = "Temperature Coefficient"; Value = "100ppm/°C"; VariantName = "[No Variations]"
Change component parameters (AddParameter): Name = "Tolerance"; Value = "1%"; VariantName = "[No Variations]"
Change component parameters (AddParameter): Name = "Value"; Value = "10kO"; VariantName = "[No Variations]"
Change component parameters (AddParameter): Name = "Voltage Rating"; Value = "150V"; VariantName = "[No Variations]"
Change component parameters (AddParameter): Name = "Width"; Value = "1.25mm"; VariantName = "[No Variations]"
Change component parameters (AddParameter): Name = "Working Voltage"; Value = "150V"; VariantName = "[No Variations]"
Change component parameters: Designator = "R19" ("R19"); Footprint = "R0402 - IronSolder"; UniqueID = "\UJRUESBY" ("\UJRUESBY")
Change component parameters (AddParameter): Name = ".Mounting"; Value = "SMD"; VariantName = "[No Variations]"
Change component parameters (AddParameter): Name = ".PCBChecked"; Value = ""; VariantName = "[No Variations]"
Change component parameters (AddParameter): Name = ".SCHChecked"; Value = ""; VariantName = "[No Variations]"
Change component parameters (AddParameter): Name = "Case Code (Imperial)"; Value = "0805"; VariantName = "[No Variations]"
Change component parameters (AddParameter): Name = "Case Code (Metric)"; Value = "2012"; VariantName = "[No Variations]"
Change component parameters (AddParameter): Name = "Case/Package"; Value = "0805"; VariantName = "[No Variations]"
Change component parameters (AddParameter): Name = "Category"; Value = "Chip SMD Resistors"; VariantName = "[No Variations]"
Change component parameters (AddParameter): Name = "China RoHS"; Value = "Non-Compliant"; VariantName = "[No Variations]"
Change component parameters (AddParameter): Name = "ComponentLink1Description"; Value = "https://datasheet.octopart.com:443/RMCF0805FT10K0-Stackpole-Electronics-datasheet-182148065.pdf?src-supplier=IHS"; VariantName = "[No Variations]"
Change component parameters (AddParameter): Name = "ComponentLink1URL"; Value = "https://datasheet.octopart.com:443/RMCF0805FT10K0-Stackpole-Electronics-datasheet-182148065.pdf?src-supplier=IHS"; VariantName = "[No Variations]"
Change component parameters (AddParameter): Name = "ComponentLink2Description"; Value = "https://datasheet.octopart.com:443/RMCF0805FT10K0-Stackpole-Electronics-datasheet-12534581.pdf?src-supplier=Upverter"; VariantName = "[No Variations]"
Change component parameters (AddParameter): Name = "ComponentLink2URL"; Value = "https://datasheet.octopart.com:443/RMCF0805FT10K0-Stackpole-Electronics-datasheet-12534581.pdf?src-supplier=Upverter"; VariantName = "[No Variations]"
Change component parameters (AddParameter): Name = "ComponentLink3Description"; Value = "https://datasheet.octopart.com:443/RMCF0805FT10K0-Stackpole-Electronics-datasheet-12510902.pdf?src-supplier=Upverter"; VariantName = "[No Variations]"
Change component parameters (AddParameter): Name = "ComponentLink3URL"; Value = "https://datasheet.octopart.com:443/RMCF0805FT10K0-Stackpole-Electronics-datasheet-12510902.pdf?src-supplier=Upverter"; VariantName = "[No Variations]"
Change component parameters (AddParameter): Name = "ComponentLink4Description"; Value = "https://datasheet.octopart.com:443/RMCF0805FT10K0-Stackpole-Electronics-datasheet-28504820.pdf?src-supplier=Master+Electronics"; VariantName = "[No Variations]"
Change component parameters (AddParameter): Name = "ComponentLink4URL"; Value = "https://datasheet.octopart.com:443/RMCF0805FT10K0-Stackpole-Electronics-datasheet-28504820.pdf?src-supplier=Master+Electronics"; VariantName = "[No Variations]"
Change component parameters (AddParameter): Name = "ComponentLink5Description"; Value = "https://datasheet.octopart.com:443/RMCF0805FT10K0-Stackpole-Electronics-datasheet-141193804.pdf?src-supplier=Stackpole+Electronics"; VariantName = "[No Variations]"
Change component parameters (AddParameter): Name = "ComponentLink5URL"; Value = "https://datasheet.octopart.com:443/RMCF0805FT10K0-Stackpole-Electronics-datasheet-141193804.pdf?src-supplier=Stackpole+Electronics"; VariantName = "[No Variations]"
Change component parameters (AddParameter): Name = "ComponentLink6Description"; Value = "https://datasheet.octopart.com:443/RMCF0805FT10K0-Stackpole-Electronics-datasheet-62091608.pdf?src-supplier=Stackpole+Electronics"; VariantName = "[No Variations]"
Change component parameters (AddParameter): Name = "ComponentLink6URL"; Value = "https://datasheet.octopart.com:443/RMCF0805FT10K0-Stackpole-Electronics-datasheet-62091608.pdf?src-supplier=Stackpole+Electronics"; VariantName = "[No Variations]"
Change component parameters (AddParameter): Name = "ComponentLink7Description"; Value = "https://datasheet.octopart.com:443/RMCF0805FT10K0-Stackpole-Electronics-datasheet-10788263.pdf?src-supplier=Stackpole+Electronics"; VariantName = "[No Variations]"
Change component parameters (AddParameter): Name = "ComponentLink7URL"; Value = "https://datasheet.octopart.com:443/RMCF0805FT10K0-Stackpole-Electronics-datasheet-10788263.pdf?src-supplier=Stackpole+Electronics"; VariantName = "[No Variations]"
Change component parameters (AddParameter): Name = "ComponentLink8Description"; Value = "https://datasheet.octopart.com:443/RMCF0805FT10K0-Stackpole-Electronics-datasheet-154799224.pdf?src-supplier=JRH+Electronics"; VariantName = "[No Variations]"
Change component parameters (AddParameter): Name = "ComponentLink8URL"; Value = "https://datasheet.octopart.com:443/RMCF0805FT10K0-Stackpole-Electronics-datasheet-154799224.pdf?src-supplier=JRH+Electronics"; VariantName = "[No Variations]"
Change component parameters (AddParameter): Name = "ComponentLink9Description"; Value = "https://datasheet.octopart.com:443/RMCF0805FT10K0-Stackpole-Electronics-datasheet-11546843.pdf?src-supplier=Arrow+Electronics"; VariantName = "[No Variations]"
Change component parameters (AddParameter): Name = "ComponentLink9URL"; Value = "https://datasheet.octopart.com:443/RMCF0805FT10K0-Stackpole-Electronics-datasheet-11546843.pdf?src-supplier=Arrow+Electronics"; VariantName = "[No Variations]"
Change component parameters (AddParameter): Name = "ComponentLink10Description"; Value = "https://datasheet.octopart.com:443/RMCF0805FT10K0-Stackpole-Electronics-datasheet-11547379.pdf?src-supplier=Future+Electronics"; VariantName = "[No Variations]"
Change component parameters (AddParameter): Name = "ComponentLink10URL"; Value = "https://datasheet.octopart.com:443/RMCF0805FT10K0-Stackpole-Electronics-datasheet-11547379.pdf?src-supplier=Future+Electronics"; VariantName = "[No Variations]"
Change component parameters (AddParameter): Name = "ComponentLink11Description"; Value = "https://datasheet.octopart.com:443/RMCF0805FT10K0-Stackpole-Electronics-datasheet-8359789.pdf?src-supplier=Future+Electronics"; VariantName = "[No Variations]"
Change component parameters (AddParameter): Name = "ComponentLink11URL"; Value = "https://datasheet.octopart.com:443/RMCF0805FT10K0-Stackpole-Electronics-datasheet-8359789.pdf?src-supplier=Future+Electronics"; VariantName = "[No Variations]"
Change component parameters (AddParameter): Name = "ComponentLink12Description"; Value = "https://datasheet.octopart.com:443/RMCF0805FT10K0-Stackpole-Electronics-datasheet-8324226.pdf?src-supplier=Future+Electronics"; VariantName = "[No Variations]"
Change component parameters (AddParameter): Name = "ComponentLink12URL"; Value = "https://datasheet.octopart.com:443/RMCF0805FT10K0-Stackpole-Electronics-datasheet-8324226.pdf?src-supplier=Future+Electronics"; VariantName = "[No Variations]"
Change component parameters (AddParameter): Name = "ComponentLink13Description"; Value = "https://datasheet.octopart.com:443/RMCF0805FT10K0-Stackpole-Electronics-datasheet-8088878.pdf?src-supplier=Future+Electronics"; VariantName = "[No Variations]"
Change component parameters (AddParameter): Name = "ComponentLink13URL"; Value = "https://datasheet.octopart.com:443/RMCF0805FT10K0-Stackpole-Electronics-datasheet-8088878.pdf?src-supplier=Future+Electronics"; VariantName = "[No Variations]"
Change component parameters (AddParameter): Name = "ComponentLink14Description"; Value = "https://datasheet.octopart.com:443/RMCF0805FT10K0-Stackpole-Electronics-datasheet-5313682.pdf?src-supplier=Future+Electronics"; VariantName = "[No Variations]"
Change component parameters (AddParameter): Name = "ComponentLink14URL"; Value = "https://datasheet.octopart.com:443/RMCF0805FT10K0-Stackpole-Electronics-datasheet-5313682.pdf?src-supplier=Future+Electronics"; VariantName = "[No Variations]"
Change component parameters (AddParameter): Name = "ComponentLink15Description"; Value = "http://sigma.octopart.com:80/15940719/materials_sheet/Stackpole-Electronics-RMCF0805FT10K0.pdf?src-supplier=Compliance+Statements"; VariantName = "[No Variations]"
Change component parameters (AddParameter): Name = "ComponentLink15URL"; Value = "http://sigma.octopart.com:80/15940719/materials_sheet/Stackpole-Electronics-RMCF0805FT10K0.pdf?src-supplier=Compliance+Statements"; VariantName = "[No Variations]"
Change component parameters (AddParameter): Name = "ComponentLink16Description"; Value = "http://sigma.octopart.com:80/141158211/reach_statement/Stackpole-Electronics-RMCF0805FT10K0.pdf?src-supplier=Compliance+Statements"; VariantName = "[No Variations]"
Change component parameters (AddParameter): Name = "ComponentLink16URL"; Value = "http://sigma.octopart.com:80/141158211/reach_statement/Stackpole-Electronics-RMCF0805FT10K0.pdf?src-supplier=Compliance+Statements"; VariantName = "[No Variations]"
Change component parameters (AddParameter): Name = "ComponentLink17Description"; Value = "http://sigma.octopart.com:80/141158212/rohs_statement/Stackpole-Electronics-RMCF0805FT10K0.pdf?src-supplier=Compliance+Statements"; VariantName = "[No Variations]"
Change component parameters (AddParameter): Name = "ComponentLink17URL"; Value = "http://sigma.octopart.com:80/141158212/rohs_statement/Stackpole-Electronics-RMCF0805FT10K0.pdf?src-supplier=Compliance+Statements"; VariantName = "[No Variations]"
Change component parameters (AddParameter): Name = "Composition"; Value = "Thick Film"; VariantName = "[No Variations]"
Change component parameters (AddParameter): Name = "Contact Plating"; Value = "Tin"; VariantName = "[No Variations]"
Change component parameters (AddParameter): Name = "Depth"; Value = "1.25mm"; VariantName = "[No Variations]"
Change component parameters (AddParameter): Name = "Features"; Value = "Automotive AEC-Q200"; VariantName = "[No Variations]"
Change component parameters (AddParameter): Name = "Height"; Value = "500µm"; VariantName = "[No Variations]"
Change component parameters (AddParameter): Name = "Lead Free"; Value = "Lead Free"; VariantName = "[No Variations]"
Change component parameters (AddParameter): Name = "Length"; Value = "2mm"; VariantName = "[No Variations]"
Change component parameters (AddParameter): Name = "Lifecycle Status"; Value = "Production"; VariantName = "[No Variations]"
Change component parameters (AddParameter): Name = "Manufacturer"; Value = "Stackpole Electronics"; VariantName = "[No Variations]"
Change component parameters (AddParameter): Name = "Manufacturer Package Identifier"; Value = "0805 (2012 metric)"; VariantName = "[No Variations]"
Change component parameters (AddParameter): Name = "Manufacturer Part Number"; Value = "RMCF0805FT10K0"; VariantName = "[No Variations]"
Change component parameters (AddParameter): Name = "Max Operating Temperature"; Value = "155°C"; VariantName = "[No Variations]"
Change component parameters (AddParameter): Name = "Max Power Dissipation"; Value = "125mW"; VariantName = "[No Variations]"
Change component parameters (AddParameter): Name = "Military Standard"; Value = "Not"; VariantName = "[No Variations]"
Change component parameters (AddParameter): Name = "Min Operating Temperature"; Value = "-55°C"; VariantName = "[No Variations]"
Change component parameters (AddParameter): Name = "Mounting Technology"; Value = "Surface Mount"; VariantName = "[No Variations]"
Change component parameters (AddParameter): Name = "Number of Terminals"; Value = "2"; VariantName = "[No Variations]"
Change component parameters (AddParameter): Name = "Number of Terminations"; Value = "2"; VariantName = "[No Variations]"
Change component parameters (AddParameter): Name = "Packaging"; Value = "Cut Tape (CT)"; VariantName = "[No Variations]"
Change component parameters (AddParameter): Name = "Power Rating"; Value = "125mW"; VariantName = "[No Variations]"
Change component parameters (AddParameter): Name = "Pricing"; Value = "10000=0,0027, 25000=0,0027, 100000=0,0026, 150000=0,0025, 375000=0,0024 (USD)"; VariantName = "[No Variations]"
Change component parameters (AddParameter): Name = "Radiation Hardening"; Value = "No"; VariantName = "[No Variations]"
Change component parameters (AddParameter): Name = "Ratings"; Value = "AEC-Q200"; VariantName = "[No Variations]"
Change component parameters (AddParameter): Name = "REACH SVHC"; Value = "Yes"; VariantName = "[No Variations]"
Change component parameters (AddParameter): Name = "RoHS"; Value = "Compliant"; VariantName = "[No Variations]"
Change component parameters (AddParameter): Name = "Schedule B"; Value = "8533210045, 8533210045|8533210045, 8533210045|8533210045|8533210045, 8533210045|8533210045|8533210045|8533210045"; VariantName = "[No Variations]"
Change component parameters (AddParameter): Name = "Stock"; Value = "3170000"; VariantName = "[No Variations]"
Change component parameters (AddParameter): Name = "Supplier"; Value = "Future Electronics"; VariantName = "[No Variations]"
Change component parameters (AddParameter): Name = "Supplier Part Number"; Value = "RMCF0805FT10K0"; VariantName = "[No Variations]"
Change component parameters (AddParameter): Name = "Temperature Coefficient"; Value = "100ppm/°C"; VariantName = "[No Variations]"
Change component parameters (AddParameter): Name = "Tolerance"; Value = "1%"; VariantName = "[No Variations]"
Change component parameters (AddParameter): Name = "Value"; Value = "10kO"; VariantName = "[No Variations]"
Change component parameters (AddParameter): Name = "Voltage Rating"; Value = "150V"; VariantName = "[No Variations]"
Change component parameters (AddParameter): Name = "Width"; Value = "1.25mm"; VariantName = "[No Variations]"
Change component parameters (AddParameter): Name = "Working Voltage"; Value = "150V"; VariantName = "[No Variations]"
Change component parameters: Designator = "R20" ("R20"); Footprint = "R0402 - IronSolder"; UniqueID = "\KOLEEHBS" ("\KOLEEHBS")
Change component parameters (AddParameter): Name = ".Mounting"; Value = "SMD"; VariantName = "[No Variations]"
Change component parameters (AddParameter): Name = ".PCBChecked"; Value = ""; VariantName = "[No Variations]"
Change component parameters (AddParameter): Name = ".SCHChecked"; Value = ""; VariantName = "[No Variations]"
Change component parameters (AddParameter): Name = "Case Code (Imperial)"; Value = "0805"; VariantName = "[No Variations]"
Change component parameters (AddParameter): Name = "Case Code (Metric)"; Value = "2012"; VariantName = "[No Variations]"
Change component parameters (AddParameter): Name = "Case/Package"; Value = "0805"; VariantName = "[No Variations]"
Change component parameters (AddParameter): Name = "Category"; Value = "Chip SMD Resistors"; VariantName = "[No Variations]"
Change component parameters (AddParameter): Name = "China RoHS"; Value = "Non-Compliant"; VariantName = "[No Variations]"
Change component parameters (AddParameter): Name = "ComponentLink1Description"; Value = "https://datasheet.octopart.com:443/RMCF0805FT10K0-Stackpole-Electronics-datasheet-182148065.pdf?src-supplier=IHS"; VariantName = "[No Variations]"
Change component parameters (AddParameter): Name = "ComponentLink1URL"; Value = "https://datasheet.octopart.com:443/RMCF0805FT10K0-Stackpole-Electronics-datasheet-182148065.pdf?src-supplier=IHS"; VariantName = "[No Variations]"
Change component parameters (AddParameter): Name = "ComponentLink2Description"; Value = "https://datasheet.octopart.com:443/RMCF0805FT10K0-Stackpole-Electronics-datasheet-12534581.pdf?src-supplier=Upverter"; VariantName = "[No Variations]"
Change component parameters (AddParameter): Name = "ComponentLink2URL"; Value = "https://datasheet.octopart.com:443/RMCF0805FT10K0-Stackpole-Electronics-datasheet-12534581.pdf?src-supplier=Upverter"; VariantName = "[No Variations]"
Change component parameters (AddParameter): Name = "ComponentLink3Description"; Value = "https://datasheet.octopart.com:443/RMCF0805FT10K0-Stackpole-Electronics-datasheet-12510902.pdf?src-supplier=Upverter"; VariantName = "[No Variations]"
Change component parameters (AddParameter): Name = "ComponentLink3URL"; Value = "https://datasheet.octopart.com:443/RMCF0805FT10K0-Stackpole-Electronics-datasheet-12510902.pdf?src-supplier=Upverter"; VariantName = "[No Variations]"
Change component parameters (AddParameter): Name = "ComponentLink4Description"; Value = "https://datasheet.octopart.com:443/RMCF0805FT10K0-Stackpole-Electronics-datasheet-28504820.pdf?src-supplier=Master+Electronics"; VariantName = "[No Variations]"
Change component parameters (AddParameter): Name = "ComponentLink4URL"; Value = "https://datasheet.octopart.com:443/RMCF0805FT10K0-Stackpole-Electronics-datasheet-28504820.pdf?src-supplier=Master+Electronics"; VariantName = "[No Variations]"
Change component parameters (AddParameter): Name = "ComponentLink5Description"; Value = "https://datasheet.octopart.com:443/RMCF0805FT10K0-Stackpole-Electronics-datasheet-141193804.pdf?src-supplier=Stackpole+Electronics"; VariantName = "[No Variations]"
Change component parameters (AddParameter): Name = "ComponentLink5URL"; Value = "https://datasheet.octopart.com:443/RMCF0805FT10K0-Stackpole-Electronics-datasheet-141193804.pdf?src-supplier=Stackpole+Electronics"; VariantName = "[No Variations]"
Change component parameters (AddParameter): Name = "ComponentLink6Description"; Value = "https://datasheet.octopart.com:443/RMCF0805FT10K0-Stackpole-Electronics-datasheet-62091608.pdf?src-supplier=Stackpole+Electronics"; VariantName = "[No Variations]"
Change component parameters (AddParameter): Name = "ComponentLink6URL"; Value = "https://datasheet.octopart.com:443/RMCF0805FT10K0-Stackpole-Electronics-datasheet-62091608.pdf?src-supplier=Stackpole+Electronics"; VariantName = "[No Variations]"
Change component parameters (AddParameter): Name = "ComponentLink7Description"; Value = "https://datasheet.octopart.com:443/RMCF0805FT10K0-Stackpole-Electronics-datasheet-10788263.pdf?src-supplier=Stackpole+Electronics"; VariantName = "[No Variations]"
Change component parameters (AddParameter): Name = "ComponentLink7URL"; Value = "https://datasheet.octopart.com:443/RMCF0805FT10K0-Stackpole-Electronics-datasheet-10788263.pdf?src-supplier=Stackpole+Electronics"; VariantName = "[No Variations]"
Change component parameters (AddParameter): Name = "ComponentLink8Description"; Value = "https://datasheet.octopart.com:443/RMCF0805FT10K0-Stackpole-Electronics-datasheet-154799224.pdf?src-supplier=JRH+Electronics"; VariantName = "[No Variations]"
Change component parameters (AddParameter): Name = "ComponentLink8URL"; Value = "https://datasheet.octopart.com:443/RMCF0805FT10K0-Stackpole-Electronics-datasheet-154799224.pdf?src-supplier=JRH+Electronics"; VariantName = "[No Variations]"
Change component parameters (AddParameter): Name = "ComponentLink9Description"; Value = "https://datasheet.octopart.com:443/RMCF0805FT10K0-Stackpole-Electronics-datasheet-11546843.pdf?src-supplier=Arrow+Electronics"; VariantName = "[No Variations]"
Change component parameters (AddParameter): Name = "ComponentLink9URL"; Value = "https://datasheet.octopart.com:443/RMCF0805FT10K0-Stackpole-Electronics-datasheet-11546843.pdf?src-supplier=Arrow+Electronics"; VariantName = "[No Variations]"
Change component parameters (AddParameter): Name = "ComponentLink10Description"; Value = "https://datasheet.octopart.com:443/RMCF0805FT10K0-Stackpole-Electronics-datasheet-11547379.pdf?src-supplier=Future+Electronics"; VariantName = "[No Variations]"
Change component parameters (AddParameter): Name = "ComponentLink10URL"; Value = "https://datasheet.octopart.com:443/RMCF0805FT10K0-Stackpole-Electronics-datasheet-11547379.pdf?src-supplier=Future+Electronics"; VariantName = "[No Variations]"
Change component parameters (AddParameter): Name = "ComponentLink11Description"; Value = "https://datasheet.octopart.com:443/RMCF0805FT10K0-Stackpole-Electronics-datasheet-8359789.pdf?src-supplier=Future+Electronics"; VariantName = "[No Variations]"
Change component parameters (AddParameter): Name = "ComponentLink11URL"; Value = "https://datasheet.octopart.com:443/RMCF0805FT10K0-Stackpole-Electronics-datasheet-8359789.pdf?src-supplier=Future+Electronics"; VariantName = "[No Variations]"
Change component parameters (AddParameter): Name = "ComponentLink12Description"; Value = "https://datasheet.octopart.com:443/RMCF0805FT10K0-Stackpole-Electronics-datasheet-8324226.pdf?src-supplier=Future+Electronics"; VariantName = "[No Variations]"
Change component parameters (AddParameter): Name = "ComponentLink12URL"; Value = "https://datasheet.octopart.com:443/RMCF0805FT10K0-Stackpole-Electronics-datasheet-8324226.pdf?src-supplier=Future+Electronics"; VariantName = "[No Variations]"
Change component parameters (AddParameter): Name = "ComponentLink13Description"; Value = "https://datasheet.octopart.com:443/RMCF0805FT10K0-Stackpole-Electronics-datasheet-8088878.pdf?src-supplier=Future+Electronics"; VariantName = "[No Variations]"
Change component parameters (AddParameter): Name = "ComponentLink13URL"; Value = "https://datasheet.octopart.com:443/RMCF0805FT10K0-Stackpole-Electronics-datasheet-8088878.pdf?src-supplier=Future+Electronics"; VariantName = "[No Variations]"
Change component parameters (AddParameter): Name = "ComponentLink14Description"; Value = "https://datasheet.octopart.com:443/RMCF0805FT10K0-Stackpole-Electronics-datasheet-5313682.pdf?src-supplier=Future+Electronics"; VariantName = "[No Variations]"
Change component parameters (AddParameter): Name = "ComponentLink14URL"; Value = "https://datasheet.octopart.com:443/RMCF0805FT10K0-Stackpole-Electronics-datasheet-5313682.pdf?src-supplier=Future+Electronics"; VariantName = "[No Variations]"
Change component parameters (AddParameter): Name = "ComponentLink15Description"; Value = "http://sigma.octopart.com:80/15940719/materials_sheet/Stackpole-Electronics-RMCF0805FT10K0.pdf?src-supplier=Compliance+Statements"; VariantName = "[No Variations]"
Change component parameters (AddParameter): Name = "ComponentLink15URL"; Value = "http://sigma.octopart.com:80/15940719/materials_sheet/Stackpole-Electronics-RMCF0805FT10K0.pdf?src-supplier=Compliance+Statements"; VariantName = "[No Variations]"
Change component parameters (AddParameter): Name = "ComponentLink16Description"; Value = "http://sigma.octopart.com:80/141158211/reach_statement/Stackpole-Electronics-RMCF0805FT10K0.pdf?src-supplier=Compliance+Statements"; VariantName = "[No Variations]"
Change component parameters (AddParameter): Name = "ComponentLink16URL"; Value = "http://sigma.octopart.com:80/141158211/reach_statement/Stackpole-Electronics-RMCF0805FT10K0.pdf?src-supplier=Compliance+Statements"; VariantName = "[No Variations]"
Change component parameters (AddParameter): Name = "ComponentLink17Description"; Value = "http://sigma.octopart.com:80/141158212/rohs_statement/Stackpole-Electronics-RMCF0805FT10K0.pdf?src-supplier=Compliance+Statements"; VariantName = "[No Variations]"
Change component parameters (AddParameter): Name = "ComponentLink17URL"; Value = "http://sigma.octopart.com:80/141158212/rohs_statement/Stackpole-Electronics-RMCF0805FT10K0.pdf?src-supplier=Compliance+Statements"; VariantName = "[No Variations]"
Change component parameters (AddParameter): Name = "Composition"; Value = "Thick Film"; VariantName = "[No Variations]"
Change component parameters (AddParameter): Name = "Contact Plating"; Value = "Tin"; VariantName = "[No Variations]"
Change component parameters (AddParameter): Name = "Depth"; Value = "1.25mm"; VariantName = "[No Variations]"
Change component parameters (AddParameter): Name = "Features"; Value = "Automotive AEC-Q200"; VariantName = "[No Variations]"
Change component parameters (AddParameter): Name = "Height"; Value = "500µm"; VariantName = "[No Variations]"
Change component parameters (AddParameter): Name = "Lead Free"; Value = "Lead Free"; VariantName = "[No Variations]"
Change component parameters (AddParameter): Name = "Length"; Value = "2mm"; VariantName = "[No Variations]"
Change component parameters (AddParameter): Name = "Lifecycle Status"; Value = "Production"; VariantName = "[No Variations]"
Change component parameters (AddParameter): Name = "Manufacturer"; Value = "Stackpole Electronics"; VariantName = "[No Variations]"
Change component parameters (AddParameter): Name = "Manufacturer Package Identifier"; Value = "0805 (2012 metric)"; VariantName = "[No Variations]"
Change component parameters (AddParameter): Name = "Manufacturer Part Number"; Value = "RMCF0805FT10K0"; VariantName = "[No Variations]"
Change component parameters (AddParameter): Name = "Max Operating Temperature"; Value = "155°C"; VariantName = "[No Variations]"
Change component parameters (AddParameter): Name = "Max Power Dissipation"; Value = "125mW"; VariantName = "[No Variations]"
Change component parameters (AddParameter): Name = "Military Standard"; Value = "Not"; VariantName = "[No Variations]"
Change component parameters (AddParameter): Name = "Min Operating Temperature"; Value = "-55°C"; VariantName = "[No Variations]"
Change component parameters (AddParameter): Name = "Mounting Technology"; Value = "Surface Mount"; VariantName = "[No Variations]"
Change component parameters (AddParameter): Name = "Number of Terminals"; Value = "2"; VariantName = "[No Variations]"
Change component parameters (AddParameter): Name = "Number of Terminations"; Value = "2"; VariantName = "[No Variations]"
Change component parameters (AddParameter): Name = "Packaging"; Value = "Cut Tape (CT)"; VariantName = "[No Variations]"
Change component parameters (AddParameter): Name = "Power Rating"; Value = "125mW"; VariantName = "[No Variations]"
Change component parameters (AddParameter): Name = "Pricing"; Value = "10000=0,0027, 25000=0,0027, 100000=0,0026, 150000=0,0025, 375000=0,0024 (USD)"; VariantName = "[No Variations]"
Change component parameters (AddParameter): Name = "Radiation Hardening"; Value = "No"; VariantName = "[No Variations]"
Change component parameters (AddParameter): Name = "Ratings"; Value = "AEC-Q200"; VariantName = "[No Variations]"
Change component parameters (AddParameter): Name = "REACH SVHC"; Value = "Yes"; VariantName = "[No Variations]"
Change component parameters (AddParameter): Name = "RoHS"; Value = "Compliant"; VariantName = "[No Variations]"
Change component parameters (AddParameter): Name = "Schedule B"; Value = "8533210045, 8533210045|8533210045, 8533210045|8533210045|8533210045, 8533210045|8533210045|8533210045|8533210045"; VariantName = "[No Variations]"
Change component parameters (AddParameter): Name = "Stock"; Value = "3170000"; VariantName = "[No Variations]"
Change component parameters (AddParameter): Name = "Supplier"; Value = "Future Electronics"; VariantName = "[No Variations]"
Change component parameters (AddParameter): Name = "Supplier Part Number"; Value = "RMCF0805FT10K0"; VariantName = "[No Variations]"
Change component parameters (AddParameter): Name = "Temperature Coefficient"; Value = "100ppm/°C"; VariantName = "[No Variations]"
Change component parameters (AddParameter): Name = "Tolerance"; Value = "1%"; VariantName = "[No Variations]"
Change component parameters (AddParameter): Name = "Value"; Value = "10kO"; VariantName = "[No Variations]"
Change component parameters (AddParameter): Name = "Voltage Rating"; Value = "150V"; VariantName = "[No Variations]"
Change component parameters (AddParameter): Name = "Width"; Value = "1.25mm"; VariantName = "[No Variations]"
Change component parameters (AddParameter): Name = "Working Voltage"; Value = "150V"; VariantName = "[No Variations]"
Added Component: Designator=C31(C0805 - ironsoldering)
Add component (AddParameter): Name = ".Mounting"; Value = "SMD"; VariantName = "[No Variations]"
Add component (AddParameter): Name = ".PCBChecked"; Value = ""; VariantName = "[No Variations]"
Add component (AddParameter): Name = ".SCHChecked"; Value = ""; VariantName = "[No Variations]"
Add component (AddParameter): Name = "Case Code (Imperial)"; Value = "0805"; VariantName = "[No Variations]"
Add component (AddParameter): Name = "Case Code (Metric)"; Value = "2012"; VariantName = "[No Variations]"
Add component (AddParameter): Name = "Case/Package"; Value = "0805"; VariantName = "[No Variations]"
Add component (AddParameter): Name = "Category"; Value = "Ceramic Capacitors"; VariantName = "[No Variations]"
Add component (AddParameter): Name = "China RoHS"; Value = "Compliant"; VariantName = "[No Variations]"
Add component (AddParameter): Name = "ComponentLink1Description"; Value = "https://datasheet.octopart.com:443/CL21B104KBCNNNC-Samsung-Electro-Mechanics-datasheet-137745078.pdf?src-supplier=IHS"; VariantName = "[No Variations]"
Add component (AddParameter): Name = "ComponentLink1URL"; Value = "https://datasheet.octopart.com:443/CL21B104KBCNNNC-Samsung-Electro-Mechanics-datasheet-137745078.pdf?src-supplier=IHS"; VariantName = "[No Variations]"
Add component (AddParameter): Name = "ComponentLink2Description"; Value = "https://datasheet.octopart.com/CL21B104KBCNNNC-Samsung-Electro-Mechanics-datasheet-8324245.pdf"; VariantName = "[No Variations]"
Add component (AddParameter): Name = "ComponentLink2URL"; Value = "https://datasheet.octopart.com/CL21B104KBCNNNC-Samsung-Electro-Mechanics-datasheet-8324245.pdf"; VariantName = "[No Variations]"
Add component (AddParameter): Name = "ComponentLink3Description"; Value = "https://datasheet.octopart.com/CL21B104KBCNNNC-Samsung-Electro-Mechanics-datasheet-97040617.pdf"; VariantName = "[No Variations]"
Add component (AddParameter): Name = "ComponentLink3URL"; Value = "https://datasheet.octopart.com/CL21B104KBCNNNC-Samsung-Electro-Mechanics-datasheet-97040617.pdf"; VariantName = "[No Variations]"
Add component (AddParameter): Name = "ComponentLink4Description"; Value = "https://datasheet.octopart.com/General-Multilayer-Ceramic-Capacitors-Samsung-datasheet-family-111.pdf"; VariantName = "[No Variations]"
Add component (AddParameter): Name = "ComponentLink4URL"; Value = "https://datasheet.octopart.com/General-Multilayer-Ceramic-Capacitors-Samsung-datasheet-family-111.pdf"; VariantName = "[No Variations]"
Add component (AddParameter): Name = "ComponentLink5Description"; Value = "https://datasheet.octopart.com:443/CL21B104KBCNNNC-Samsung-Electro-Mechanics-datasheet-11548950.pdf?src-supplier=Future+Electronics"; VariantName = "[No Variations]"
Add component (AddParameter): Name = "ComponentLink5URL"; Value = "https://datasheet.octopart.com:443/CL21B104KBCNNNC-Samsung-Electro-Mechanics-datasheet-11548950.pdf?src-supplier=Future+Electronics"; VariantName = "[No Variations]"
Add component (AddParameter): Name = "ComponentLink6Description"; Value = "https://datasheet.octopart.com:443/CL21B104KBCNNNC-Samsung-Electro-Mechanics-datasheet-116891032.pdf?src-supplier=Future+Electronics"; VariantName = "[No Variations]"
Add component (AddParameter): Name = "ComponentLink6URL"; Value = "https://datasheet.octopart.com:443/CL21B104KBCNNNC-Samsung-Electro-Mechanics-datasheet-116891032.pdf?src-supplier=Future+Electronics"; VariantName = "[No Variations]"
Add component (AddParameter): Name = "ComponentLink7Description"; Value = "https://datasheet.octopart.com:443/CL21B104KBCNNNC-Samsung-Electro-Mechanics-datasheet-81462175.pdf?src-supplier=Future+Electronics"; VariantName = "[No Variations]"
Add component (AddParameter): Name = "ComponentLink7URL"; Value = "https://datasheet.octopart.com:443/CL21B104KBCNNNC-Samsung-Electro-Mechanics-datasheet-81462175.pdf?src-supplier=Future+Electronics"; VariantName = "[No Variations]"
Add component (AddParameter): Name = "ComponentLink8Description"; Value = "https://datasheet.octopart.com:443/CL21B104KBCNNNC-Samsung-datasheet-42485244.pdf?src-supplier=Future+Electronics"; VariantName = "[No Variations]"
Add component (AddParameter): Name = "ComponentLink8URL"; Value = "https://datasheet.octopart.com:443/CL21B104KBCNNNC-Samsung-datasheet-42485244.pdf?src-supplier=Future+Electronics"; VariantName = "[No Variations]"
Add component (AddParameter): Name = "ComponentLink9Description"; Value = "https://datasheet.octopart.com:443/CL21B104KBCNNNC-Samsung-Electro-Mechanics-datasheet-149045937.pdf?src-supplier=Future+Electronics"; VariantName = "[No Variations]"
Add component (AddParameter): Name = "ComponentLink9URL"; Value = "https://datasheet.octopart.com:443/CL21B104KBCNNNC-Samsung-Electro-Mechanics-datasheet-149045937.pdf?src-supplier=Future+Electronics"; VariantName = "[No Variations]"
Add component (AddParameter): Name = "ComponentLink10Description"; Value = "https://datasheet.octopart.com:443/CL21B104KBCNNNC-Samsung-datasheet-8326407.pdf?src-supplier=TME"; VariantName = "[No Variations]"
Add component (AddParameter): Name = "ComponentLink10URL"; Value = "https://datasheet.octopart.com:443/CL21B104KBCNNNC-Samsung-datasheet-8326407.pdf?src-supplier=TME"; VariantName = "[No Variations]"
Add component (AddParameter): Name = "ComponentLink11Description"; Value = "http://sigma.octopart.com:80/rohs_certificate/General-Multilayer-Ceramic-Capacitors-Samsung-family-110.pdf?src-supplier=Compliance+Statements"; VariantName = "[No Variations]"
Add component (AddParameter): Name = "ComponentLink11URL"; Value = "http://sigma.octopart.com:80/rohs_certificate/General-Multilayer-Ceramic-Capacitors-Samsung-family-110.pdf?src-supplier=Compliance+Statements"; VariantName = "[No Variations]"
Add component (AddParameter): Name = "ComponentLink12Description"; Value = "http://sigma.octopart.com:80/rohs_statement/General-Multilayer-Ceramic-Capacitors-Samsung-family-132.pdf?src-supplier=Compliance+Statements"; VariantName = "[No Variations]"
Add component (AddParameter): Name = "ComponentLink12URL"; Value = "http://sigma.octopart.com:80/rohs_statement/General-Multilayer-Ceramic-Capacitors-Samsung-family-132.pdf?src-supplier=Compliance+Statements"; VariantName = "[No Variations]"
Add component (AddParameter): Name = "ComponentLink13Description"; Value = "http://sigma.octopart.com:80/reach_statement/General-Multilayer-Ceramic-Capacitors-Samsung-family-133.pdf?src-supplier=Compliance+Statements"; VariantName = "[No Variations]"
Add component (AddParameter): Name = "ComponentLink13URL"; Value = "http://sigma.octopart.com:80/reach_statement/General-Multilayer-Ceramic-Capacitors-Samsung-family-133.pdf?src-supplier=Compliance+Statements"; VariantName = "[No Variations]"
Add component (AddParameter): Name = "Contact Plating"; Value = "Tin"; VariantName = "[No Variations]"
Add component (AddParameter): Name = "Country of Origin"; Value = "Mainland China, Philippines, South Korea"; VariantName = "[No Variations]"
Add component (AddParameter): Name = "Depth"; Value = "1.25mm"; VariantName = "[No Variations]"
Add component (AddParameter): Name = "Dielectric"; Value = "X7R"; VariantName = "[No Variations]"
Add component (AddParameter): Name = "Dielectric Material"; Value = "Ceramic"; VariantName = "[No Variations]"
Add component (AddParameter): Name = "Export Control Classification Number (ECCN) Code"; Value = "EAR99"; VariantName = "[No Variations]"
Add component (AddParameter): Name = "Harmonized Tariff Schedule (HTS) Code"; Value = "8532.24.00.20"; VariantName = "[No Variations]"
Add component (AddParameter): Name = "Height"; Value = "950µm"; VariantName = "[No Variations]"
Add component (AddParameter): Name = "Introduction Date"; Value = "2009-07-27"; VariantName = "[No Variations]"
Add component (AddParameter): Name = "Lead Free"; Value = "Lead Free"; VariantName = "[No Variations]"
Add component (AddParameter): Name = "Length"; Value = "2mm"; VariantName = "[No Variations]"
Add component (AddParameter): Name = "Lifecycle Status"; Value = "Production"; VariantName = "[No Variations]"
Add component (AddParameter): Name = "Manufacturer"; Value = "Samsung Electro-Mechanics"; VariantName = "[No Variations]"
Add component (AddParameter): Name = "Manufacturer Part Number"; Value = "CL21B104KBCNNNC"; VariantName = "[No Variations]"
Add component (AddParameter): Name = "Material"; Value = "Ceramic"; VariantName = "[No Variations]"
Add component (AddParameter): Name = "Max Operating Temperature"; Value = "125°C"; VariantName = "[No Variations]"
Add component (AddParameter): Name = "Min Operating Temperature"; Value = "-55°C"; VariantName = "[No Variations]"
Add component (AddParameter): Name = "Mounting Technology"; Value = "Surface Mount"; VariantName = "[No Variations]"
Add component (AddParameter): Name = "Number of Terminals"; Value = "2"; VariantName = "[No Variations]"
Add component (AddParameter): Name = "Pricing"; Value = "4000=0,0059, 16000=0,0057, 60000=0,0055, 100000=0,0054, 200000=0,0052 (USD)"; VariantName = "[No Variations]"
Add component (AddParameter): Name = "Radiation Hardening"; Value = "No"; VariantName = "[No Variations]"
Add component (AddParameter): Name = "REACH SVHC"; Value = "Yes"; VariantName = "[No Variations]"
Add component (AddParameter): Name = "RoHS"; Value = "Compliant"; VariantName = "[No Variations]"
Add component (AddParameter): Name = "Schedule B"; Value = "8532240020, 8532240020|8532240020, 8532240020|8532240020|8532240020, 8532240020|8532240020|8532240020|8532240020"; VariantName = "[No Variations]"
Add component (AddParameter): Name = "Stock"; Value = "6136000"; VariantName = "[No Variations]"
Add component (AddParameter): Name = "Supplier"; Value = "Future Electronics"; VariantName = "[No Variations]"
Add component (AddParameter): Name = "Supplier Part Number"; Value = "CL21B104KBCNNNC"; VariantName = "[No Variations]"
Add component (AddParameter): Name = "Thickness"; Value = "939.8µm"; VariantName = "[No Variations]"
Add component (AddParameter): Name = "Tolerance"; Value = "10%"; VariantName = "[No Variations]"
Add component (AddParameter): Name = "Value"; Value = "100nF"; VariantName = "[No Variations]"
Add component (AddParameter): Name = "Voltage"; Value = "50V"; VariantName = "[No Variations]"
Add component (AddParameter): Name = "Voltage Rating"; Value = "50V"; VariantName = "[No Variations]"
Add component (AddParameter): Name = "Voltage Rating (DC)"; Value = "50V"; VariantName = "[No Variations]"
Add component (AddParameter): Name = "Width"; Value = "1.25mm"; VariantName = "[No Variations]"
Added Component: Designator=D13(ESD321DPYR)
Add component (AddParameter): Name = ".Mounting"; Value = "SMT"; VariantName = "[No Variations]"
Add component (AddParameter): Name = ".Mouting"; Value = "SMT"; VariantName = "[No Variations]"
Add component (AddParameter): Name = ".PCBChecked"; Value = "Lucas Vieira"; VariantName = "[No Variations]"
Add component (AddParameter): Name = ".SCHChecked"; Value = "Lucas Vieira"; VariantName = "[No Variations]"
Add component (AddParameter): Name = "Category 1"; Value = "TVS Diodes"; VariantName = "[No Variations]"
Add component (AddParameter): Name = "ComponentLink1Description"; Value = "http://www.ti.com/general/docs/suppproductinfo.tsp?distId=10&amp;gotoUrl=http%3A%2F%2Fwww.ti.com%2Flit%2Fgpn%2Fesd321&src-supplier=Digi-Key"; VariantName = "[No Variations]"
Add component (AddParameter): Name = "ComponentLink1URL"; Value = "http://www.ti.com/general/docs/suppproductinfo.tsp?distId=10&amp;gotoUrl=http%3A%2F%2Fwww.ti.com%2Flit%2Fgpn%2Fesd321&src-supplier=Digi-Key"; VariantName = "[No Variations]"
Add component (AddParameter): Name = "Description 1"; Value = "ESD Suppressor Diode TVS Uni-Dir 3.6V 2-Pin X1SON T/R"; VariantName = "[No Variations]"
Add component (AddParameter): Name = "Manufacturer 1"; Value = "Texas Instruments"; VariantName = "[No Variations]"
Add component (AddParameter): Name = "Manufacturer 2"; Value = "Texas Instruments"; VariantName = "[No Variations]"
Add component (AddParameter): Name = "Manufacturer 3"; Value = "Panjit International Inc."; VariantName = "[No Variations]"
Add component (AddParameter): Name = "Manufacturer Part Number 1"; Value = "ESD321DPYR"; VariantName = "[No Variations]"
Add component (AddParameter): Name = "Manufacturer Part Number 2"; Value = "ESD351DPYR"; VariantName = "[No Variations]"
Add component (AddParameter): Name = "Manufacturer Part Number 3"; Value = "PE1605M1Q_R1_00001"; VariantName = "[No Variations]"
Add component (AddParameter): Name = "Pricing 1"; Value = "1=0,37000, 10=0,29900, 100=0,20350, 500=0,15264, 1000=0,11448, 2000=0,10494, 5000=0,09858 (USD)"; VariantName = "[No Variations]"
Add component (AddParameter): Name = "RoHS 1"; Value = "Yes"; VariantName = "[No Variations]"
Add component (AddParameter): Name = "RoHS Compliant"; Value = "Yes"; VariantName = "[No Variations]"
Add component (AddParameter): Name = "Stock 1"; Value = "172519"; VariantName = "[No Variations]"
Add component (AddParameter): Name = "Supplier 1"; Value = "Digi-Key"; VariantName = "[No Variations]"
Add component (AddParameter): Name = "Supplier Part Number 1"; Value = "296-51108-1-ND"; VariantName = "[No Variations]"
Added Pin To Net: NetName=GND Pin=C31-1
Added Pin To Net: NetName=ENCODER_PUSH Pin=C31-2
Added Pin To Net: NetName=ENCODER_PUSH Pin=D13-1
Added Pin To Net: NetName=GND Pin=D13-2
Added Pin To Net: NetName=GND Pin=Q1-1
Added Pin To Net: NetName=NetR9_2 Pin=Q1-2
Added Pin To Net: NetName=NetR9_2 Pin=R1-2
Added Pin To Net: NetName=NetR8_2 Pin=R2-1
Added Pin To Net: NetName=+3V3 Pin=R2-2
Added Pin To Net: NetName=NetR7_2 Pin=R3-1
Added Pin To Net: NetName=+3V3 Pin=R3-2
Added Pin To Net: NetName=+3V3 Pin=R4-1
Added Pin To Net: NetName=+3V3 Pin=R5-1
Added Pin To Net: NetName=+3V3 Pin=R6-1
Added Pin To Net: NetName=NetR3_2 Pin=R7-1
Added Pin To Net: NetName=+3V3 Pin=R7-2
Added Pin To Net: NetName=NetR2_2 Pin=R8-1
Added Pin To Net: NetName=+3V3 Pin=R8-2
Added Pin To Net: NetName=NetQ1_1 Pin=R9-1
Added Pin To Net: NetName=+3V3 Pin=R9-2
Added Pin To Net: NetName=+3V3 Pin=R10-1
Added Pin To Net: NetName=+3V3 Pin=R11-1
Added Pin To Net: NetName=+3V3 Pin=R12-1
Added Pin To Net: NetName=+3V3 Pin=R13-1
Added Pin To Net: NetName=+3V3 Pin=R14-2
Added Pin To Net: NetName=+3V3 Pin=R16-2
Added Pin To Net: NetName=+3V3 Pin=R18-2
Added Pin To Net: NetName=I2C_SDA Pin=R19-1
Added Pin To Net: NetName=+3V3 Pin=R19-2
Added Pin To Net: NetName=I2C_SCL Pin=R20-1
Added Pin To Net: NetName=+3V3 Pin=R20-2
Added Pin To Net: NetName=NetR8_2 Pin=SW1-2
Added Pin To Net: NetName=NetR7_2 Pin=SW2-2
Added Pin To Net: NetName=NetR4_2 Pin=SW3-2
Added Pin To Net: NetName=NetR5_2 Pin=SW4-2
Added Pin To Net: NetName=NetR6_2 Pin=SW5-2
Added Pin To Net: NetName=NetR3_2 Pin=SW6-2
Added Pin To Net: NetName=NetR2_2 Pin=SW7-2
Added Pin To Net: NetName=NetQ1_1 Pin=SW8-2
Added Pin To Net: NetName=NetR10_2 Pin=SW9-2
Added Pin To Net: NetName=NetR11_2 Pin=SW10-2
Added Pin To Net: NetName=NetR12_2 Pin=SW11-2
Added Pin To Net: NetName=NetR13_2 Pin=SW12-2
Added Pin To Net: NetName=NetC1_2 Pin=U1-GP0
Added Pin To Net: NetName=NetC1_2 Pin=U1-GP0
Added Pin To Net: NetName=NetC2_2 Pin=U1-GP1
Added Pin To Net: NetName=NetC2_2 Pin=U1-GP1
Added Pin To Net: NetName=NetC3_2 Pin=U1-GP2
Added Pin To Net: NetName=NetC3_2 Pin=U1-GP2
Added Pin To Net: NetName=NetC4_2 Pin=U1-GP3
Added Pin To Net: NetName=NetC4_2 Pin=U1-GP3
Added Pin To Net: NetName=NetC5_2 Pin=U1-GP4
Added Pin To Net: NetName=NetC5_2 Pin=U1-GP4
Added Pin To Net: NetName=NetC6_2 Pin=U1-GP5
Added Pin To Net: NetName=NetC6_2 Pin=U1-GP5
Added Pin To Net: NetName=NetC7_2 Pin=U1-GP6
Added Pin To Net: NetName=NetC7_2 Pin=U1-GP6
Added Pin To Net: NetName=NetC8_2 Pin=U1-GP7
Added Pin To Net: NetName=NetC8_2 Pin=U1-GP7
Added Pin To Net: NetName=NetC9_2 Pin=U1-GP8
Added Pin To Net: NetName=NetC9_2 Pin=U1-GP8
Added Pin To Net: NetName=NetC10_2 Pin=U1-GP9
Added Pin To Net: NetName=NetC10_2 Pin=U1-GP9
Added Pin To Net: NetName=NetC11_2 Pin=U1-GP10
Added Pin To Net: NetName=NetC11_2 Pin=U1-GP10
Added Pin To Net: NetName=NetC12_2 Pin=U1-GP11
Added Pin To Net: NetName=NetC12_2 Pin=U1-GP11
Added Pin To Net: NetName=ENCODER_A Pin=U1-GP13
Added Pin To Net: NetName=ENCODER_A Pin=U1-GP13
Added Pin To Net: NetName=ENCODER_B Pin=U1-GP14
Added Pin To Net: NetName=ENCODER_B Pin=U1-GP14
Added Pin To Net: NetName=ENCODER_PUSH Pin=U1-GP15
Added Pin To Net: NetName=ENCODER_PUSH Pin=U1-GP15
Added Pin To Net: NetName=ENCODER_PUSH Pin=U2-D
Added Pin To Net: NetName=NetR18_1 Pin=U2-E
Change Net Name : Old Net Name=NetQ1_1 New Net Name=NetR9_1
Change Net Name : Old Net Name=NetR2_2 New Net Name=NetR8_1
Change Net Name : Old Net Name=NetR3_2 New Net Name=NetR7_1
Change Net Name : Old Net Name=NetR7_2 New Net Name=NetR3_1
Change Net Name : Old Net Name=NetR8_2 New Net Name=NetR2_1
Change Net Name : Old Net Name=NetR9_2 New Net Name=NetQ1_2
Added Member To Class: ClassName=[03] - MICROCONTROLLER Member=Component C31 100nF/50V
Added Member To Class: ClassName=[03] - MICROCONTROLLER Member=Component D13 ESD321DPYR
